<?xml version="1.0" encoding="UTF-8"?><gpx version="1.1" creator="Trail Planner" xmlns="http://www.topografix.com/GPX/1/1"><metadata><name>Сахизаре сверху</name></metadata><trk><name>Сахизаре сверху</name><trkseg><trkpt lat="42.55563" lon="44.515229"><ele>2021.70513</ele><time>2026-07-11T07:08:24.000Z</time></trkpt><trkpt lat="42.55563" lon="44.515229"><ele>2021.70513</ele><time>2026-07-11T07:08:40.000Z</time></trkpt><trkpt lat="42.555669" lon="44.515231"><ele>2021.70513</ele><time>2026-07-11T07:08:51.000Z</time></trkpt><trkpt lat="42.5557" lon="44.515232"><ele>2021.70513</ele><time>2026-07-11T07:08:55.000Z</time></trkpt><trkpt lat="42.555659" lon="44.515215"><ele>2021.70513</ele><time>2026-07-11T07:08:59.000Z</time></trkpt><trkpt lat="42.555588" lon="44.515204"><ele>2021.70513</ele><time>2026-07-11T07:09:05.000Z</time></trkpt><trkpt lat="42.5556" lon="44.515219"><ele>2021.70513</ele><time>2026-07-11T07:09:10.000Z</time></trkpt><trkpt lat="42.555627" lon="44.515224"><ele>2021.70513</ele><time>2026-07-11T07:09:18.000Z</time></trkpt><trkpt lat="42.555629" lon="44.515224"><ele>2021.70513</ele><time>2026-07-11T07:09:20.000Z</time></trkpt><trkpt lat="42.555631" lon="44.515232"><ele>2021.70513</ele><time>2026-07-11T07:09:22.000Z</time></trkpt><trkpt lat="42.55561" lon="44.515212"><ele>2021.70513</ele><time>2026-07-11T07:09:29.000Z</time></trkpt><trkpt lat="42.555604" lon="44.515223"><ele>2021.70513</ele><time>2026-07-11T07:09:32.000Z</time></trkpt><trkpt lat="42.555596" lon="44.515226"><ele>2021.70513</ele><time>2026-07-11T07:09:34.000Z</time></trkpt><trkpt lat="42.55559" lon="44.515227"><ele>2021.70513</ele><time>2026-07-11T07:09:36.000Z</time></trkpt><trkpt lat="42.555575" lon="44.515214"><ele>2021.70513</ele><time>2026-07-11T07:09:39.000Z</time></trkpt><trkpt lat="42.555584" lon="44.515194"><ele>2021.70513</ele><time>2026-07-11T07:09:42.000Z</time></trkpt><trkpt lat="42.555572" lon="44.515193"><ele>2021.70513</ele><time>2026-07-11T07:09:46.000Z</time></trkpt><trkpt lat="42.555564" lon="44.515226"><ele>2021.70513</ele><time>2026-07-11T07:09:56.000Z</time></trkpt><trkpt lat="42.555588" lon="44.515246"><ele>2021.70513</ele><time>2026-07-11T07:10:01.000Z</time></trkpt><trkpt lat="42.555608" lon="44.515284"><ele>2021.70513</ele><time>2026-07-11T07:10:06.000Z</time></trkpt><trkpt lat="42.555593" lon="44.515289"><ele>2021.70513</ele><time>2026-07-11T07:10:54.000Z</time></trkpt><trkpt lat="42.555595" lon="44.515279"><ele>2021.70513</ele><time>2026-07-11T07:11:12.000Z</time></trkpt><trkpt lat="42.555586" lon="44.51527"><ele>2021.70513</ele><time>2026-07-11T07:11:17.000Z</time></trkpt><trkpt lat="42.555578" lon="44.515265"><ele>2021.70513</ele><time>2026-07-11T07:11:18.000Z</time></trkpt><trkpt lat="42.555564" lon="44.515259"><ele>2021.70513</ele><time>2026-07-11T07:11:26.000Z</time></trkpt><trkpt lat="42.555564" lon="44.515259"><ele>2021.70513</ele><time>2026-07-11T07:11:28.000Z</time></trkpt><trkpt lat="42.555566" lon="44.515303"><ele>2021.70513</ele><time>2026-07-11T07:11:37.000Z</time></trkpt><trkpt lat="42.555558" lon="44.515345"><ele>2021.70513</ele><time>2026-07-11T07:11:45.000Z</time></trkpt><trkpt lat="42.55553" lon="44.515388"><ele>2021.70513</ele><time>2026-07-11T07:11:53.000Z</time></trkpt><trkpt lat="42.555476" lon="44.515484"><ele>2021.70513</ele><time>2026-07-11T07:12:02.000Z</time></trkpt><trkpt lat="42.555431" lon="44.515559"><ele>2021.70513</ele><time>2026-07-11T07:12:10.000Z</time></trkpt><trkpt lat="42.555368" lon="44.515649"><ele>2021.70513</ele><time>2026-07-11T07:12:18.000Z</time></trkpt><trkpt lat="42.555298" lon="44.515763"><ele>2021.978359</ele><time>2026-07-11T07:12:27.000Z</time></trkpt><trkpt lat="42.55525" lon="44.515845"><ele>2022.421148</ele><time>2026-07-11T07:12:34.000Z</time></trkpt><trkpt lat="42.555197" lon="44.515967"><ele>2023.019926</ele><time>2026-07-11T07:12:43.000Z</time></trkpt><trkpt lat="42.555149" lon="44.516077"><ele>2023.560431</ele><time>2026-07-11T07:12:51.000Z</time></trkpt><trkpt lat="42.555141" lon="44.516102"><ele>2023.675662</ele><time>2026-07-11T07:12:53.000Z</time></trkpt><trkpt lat="42.555092" lon="44.516223"><ele>2024.259404</ele><time>2026-07-11T07:13:02.000Z</time></trkpt><trkpt lat="42.555047" lon="44.51636"><ele>2024.893556</ele><time>2026-07-11T07:13:11.000Z</time></trkpt><trkpt lat="42.555002" lon="44.51648"><ele>2025.462821</ele><time>2026-07-11T07:13:20.000Z</time></trkpt><trkpt lat="42.554957" lon="44.516587"><ele>2025.983707</ele><time>2026-07-11T07:13:28.000Z</time></trkpt><trkpt lat="42.554955" lon="44.516589"><ele>2025.997963</ele><time>2026-07-11T07:13:29.000Z</time></trkpt><trkpt lat="42.554941" lon="44.516599"><ele>2026.088754</ele><time>2026-07-11T07:13:32.000Z</time></trkpt><trkpt lat="42.554941" lon="44.516612"><ele>2026.143713</ele><time>2026-07-11T07:13:33.000Z</time></trkpt><trkpt lat="42.554938" lon="44.51662"><ele>2026.181664</ele><time>2026-07-11T07:13:34.000Z</time></trkpt><trkpt lat="42.55493" lon="44.516638"><ele>2026.270539</ele><time>2026-07-11T07:13:36.000Z</time></trkpt><trkpt lat="42.554927" lon="44.516647"><ele>2026.312301</ele><time>2026-07-11T07:13:37.000Z</time></trkpt><trkpt lat="42.554898" lon="44.516705"><ele>2026.608652</ele><time>2026-07-11T07:13:43.000Z</time></trkpt><trkpt lat="42.55488" lon="44.516735"><ele>2026.772228</ele><time>2026-07-11T07:13:46.000Z</time></trkpt><trkpt lat="42.55484" lon="44.516797"><ele>2027.120657</ele><time>2026-07-11T07:13:54.000Z</time></trkpt><trkpt lat="42.554818" lon="44.516833"><ele>2027.318406</ele><time>2026-07-11T07:13:58.000Z</time></trkpt><trkpt lat="42.554792" lon="44.516863"><ele>2027.514241</ele><time>2026-07-11T07:14:02.000Z</time></trkpt><trkpt lat="42.554756" lon="44.516929"><ele>2027.86143</ele><time>2026-07-11T07:14:09.000Z</time></trkpt><trkpt lat="42.554719" lon="44.516989"><ele>2028.192237</ele><time>2026-07-11T07:14:14.000Z</time></trkpt><trkpt lat="42.554677" lon="44.517067"><ele>2028.600697</ele><time>2026-07-11T07:14:20.000Z</time></trkpt><trkpt lat="42.554669" lon="44.517077"><ele>2028.663109</ele><time>2026-07-11T07:14:21.000Z</time></trkpt><trkpt lat="42.554639" lon="44.51713"><ele>2028.945684</ele><time>2026-07-11T07:14:26.000Z</time></trkpt><trkpt lat="42.55463" lon="44.517146"><ele>2029.030792</ele><time>2026-07-11T07:14:27.000Z</time></trkpt><trkpt lat="42.554618" lon="44.517177"><ele>2029.178842</ele><time>2026-07-11T07:14:29.000Z</time></trkpt><trkpt lat="42.554594" lon="44.517217"><ele>2029.396944</ele><time>2026-07-11T07:14:33.000Z</time></trkpt><trkpt lat="42.554582" lon="44.517246"><ele>2029.537564</ele><time>2026-07-11T07:14:35.000Z</time></trkpt><trkpt lat="42.554549" lon="44.517353"><ele>2030.027967</ele><time>2026-07-11T07:14:43.000Z</time></trkpt><trkpt lat="42.554542" lon="44.51738"><ele>2030.148976</ele><time>2026-07-11T07:14:45.000Z</time></trkpt><trkpt lat="42.554526" lon="44.517478"><ele>2030.573338</ele><time>2026-07-11T07:14:52.000Z</time></trkpt><trkpt lat="42.554519" lon="44.51755"><ele>2030.880367</ele><time>2026-07-11T07:14:57.000Z</time></trkpt><trkpt lat="42.554515" lon="44.517595"><ele>2031.07199</ele><time>2026-07-11T07:15:00.000Z</time></trkpt><trkpt lat="42.554512" lon="44.517657"><ele>2031.334668</ele><time>2026-07-11T07:15:04.000Z</time></trkpt><trkpt lat="42.554505" lon="44.51775"><ele>2031.729885</ele><time>2026-07-11T07:15:10.000Z</time></trkpt><trkpt lat="42.554504" lon="44.517768"><ele>2031.806198</ele><time>2026-07-11T07:15:11.000Z</time></trkpt><trkpt lat="42.554487" lon="44.517846"><ele>2032.181681</ele><time>2026-07-11T07:15:16.000Z</time></trkpt><trkpt lat="42.554492" lon="44.51792"><ele>2032.576983</ele><time>2026-07-11T07:15:21.000Z</time></trkpt><trkpt lat="42.554488" lon="44.51801"><ele>2033.056616</ele><time>2026-07-11T07:15:27.000Z</time></trkpt><trkpt lat="42.554489" lon="44.518115"><ele>2033.61522</ele><time>2026-07-11T07:15:34.000Z</time></trkpt><trkpt lat="42.554493" lon="44.518182"><ele>2033.972801</ele><time>2026-07-11T07:15:38.000Z</time></trkpt><trkpt lat="42.554496" lon="44.518241"><ele>2034.287404</ele><time>2026-07-11T07:15:42.000Z</time></trkpt><trkpt lat="42.554499" lon="44.518274"><ele>2034.464282</ele><time>2026-07-11T07:15:44.000Z</time></trkpt><trkpt lat="42.554505" lon="44.518316"><ele>2034.691867</ele><time>2026-07-11T07:15:47.000Z</time></trkpt><trkpt lat="42.55451" lon="44.518348"><ele>2034.865881</ele><time>2026-07-11T07:15:49.000Z</time></trkpt><trkpt lat="42.554515" lon="44.518417"><ele>2035.234705</ele><time>2026-07-11T07:15:54.000Z</time></trkpt><trkpt lat="42.554517" lon="44.518462"><ele>2035.474521</ele><time>2026-07-11T07:15:57.000Z</time></trkpt><trkpt lat="42.554511" lon="44.518579"><ele>2036.098419</ele><time>2026-07-11T07:16:04.000Z</time></trkpt><trkpt lat="42.554512" lon="44.518641"><ele>2036.428313</ele><time>2026-07-11T07:16:08.000Z</time></trkpt><trkpt lat="42.554503" lon="44.51871"><ele>2036.801074</ele><time>2026-07-11T07:16:13.000Z</time></trkpt><trkpt lat="42.554504" lon="44.518767"><ele>2037.104377</ele><time>2026-07-11T07:16:17.000Z</time></trkpt><trkpt lat="42.554509" lon="44.518832"><ele>2037.45203</ele><time>2026-07-11T07:16:21.000Z</time></trkpt><trkpt lat="42.554512" lon="44.518858"><ele>2037.592026</ele><time>2026-07-11T07:16:23.000Z</time></trkpt><trkpt lat="42.554505" lon="44.518929"><ele>2037.973084</ele><time>2026-07-11T07:16:28.000Z</time></trkpt><trkpt lat="42.554503" lon="44.518942"><ele>2038.043731</ele><time>2026-07-11T07:16:29.000Z</time></trkpt><trkpt lat="42.554506" lon="44.519032"><ele>2038.522984</ele><time>2026-07-11T07:16:35.000Z</time></trkpt><trkpt lat="42.554505" lon="44.51905"><ele>2038.619009</ele><time>2026-07-11T07:16:36.000Z</time></trkpt><trkpt lat="42.554503" lon="44.519095"><ele>2038.858825</ele><time>2026-07-11T07:16:39.000Z</time></trkpt><trkpt lat="42.554499" lon="44.519202"><ele>2039.428754</ele><time>2026-07-11T07:16:46.000Z</time></trkpt><trkpt lat="42.554493" lon="44.519352"><ele>2040.227868</ele><time>2026-07-11T07:16:55.000Z</time></trkpt><trkpt lat="42.554494" lon="44.519425"><ele>2040.616265</ele><time>2026-07-11T07:17:00.000Z</time></trkpt><trkpt lat="42.554494" lon="44.519441"><ele>2040.701378</ele><time>2026-07-11T07:17:01.000Z</time></trkpt><trkpt lat="42.554494" lon="44.519523"><ele>2041.137585</ele><time>2026-07-11T07:17:06.000Z</time></trkpt><trkpt lat="42.554494" lon="44.519595"><ele>2041.520595</ele><time>2026-07-11T07:17:11.000Z</time></trkpt><trkpt lat="42.554501" lon="44.51962"><ele>2041.662868</ele><time>2026-07-11T07:17:13.000Z</time></trkpt><trkpt lat="42.554525" lon="44.519732"><ele>2042.283359</ele><time>2026-07-11T07:17:20.000Z</time></trkpt><trkpt lat="42.554523" lon="44.519811"><ele>2042.703854</ele><time>2026-07-11T07:17:25.000Z</time></trkpt><trkpt lat="42.554541" lon="44.51986"><ele>2042.995127</ele><time>2026-07-11T07:17:29.000Z</time></trkpt><trkpt lat="42.554543" lon="44.51988"><ele>2043.102495</ele><time>2026-07-11T07:17:30.000Z</time></trkpt><trkpt lat="42.554562" lon="44.52003"><ele>2043.912143</ele><time>2026-07-11T07:17:39.000Z</time></trkpt><trkpt lat="42.554564" lon="44.520047"><ele>2044.003722</ele><time>2026-07-11T07:17:40.000Z</time></trkpt><trkpt lat="42.55457" lon="44.520136"><ele>2044.479144</ele><time>2026-07-11T07:17:47.000Z</time></trkpt><trkpt lat="42.554599" lon="44.520214"><ele>2044.943926</ele><time>2026-07-11T07:17:53.000Z</time></trkpt><trkpt lat="42.554604" lon="44.520238"><ele>2045.08098</ele><time>2026-07-11T07:17:55.000Z</time></trkpt><trkpt lat="42.554618" lon="44.520348"><ele>2045.718127</ele><time>2026-07-11T07:18:03.000Z</time></trkpt><trkpt lat="42.554612" lon="44.52036"><ele>2045.800906</ele><time>2026-07-11T07:18:04.000Z</time></trkpt><trkpt lat="42.554624" lon="44.520444"><ele>2046.289284</ele><time>2026-07-11T07:18:10.000Z</time></trkpt><trkpt lat="42.554642" lon="44.520497"><ele>2046.622394</ele><time>2026-07-11T07:18:15.000Z</time></trkpt><trkpt lat="42.554645" lon="44.520511"><ele>2046.705613</ele><time>2026-07-11T07:18:16.000Z</time></trkpt><trkpt lat="42.554654" lon="44.520548"><ele>2046.928013</ele><time>2026-07-11T07:18:19.000Z</time></trkpt><trkpt lat="42.554671" lon="44.520634"><ele>2047.436239</ele><time>2026-07-11T07:18:25.000Z</time></trkpt><trkpt lat="42.554679" lon="44.520649"><ele>2047.541938</ele><time>2026-07-11T07:18:26.000Z</time></trkpt><trkpt lat="42.554706" lon="44.520758"><ele>2048.198307</ele><time>2026-07-11T07:18:33.000Z</time></trkpt><trkpt lat="42.554709" lon="44.520789"><ele>2048.376765</ele><time>2026-07-11T07:18:36.000Z</time></trkpt><trkpt lat="42.554709" lon="44.520807"><ele>2048.479503</ele><time>2026-07-11T07:18:37.000Z</time></trkpt><trkpt lat="42.55471" lon="44.520839"><ele>2048.662313</ele><time>2026-07-11T07:18:39.000Z</time></trkpt><trkpt lat="42.554718" lon="44.520861"><ele>2048.802348</ele><time>2026-07-11T07:18:41.000Z</time></trkpt><trkpt lat="42.554743" lon="44.520918"><ele>2049.180986</ele><time>2026-07-11T07:18:45.000Z</time></trkpt><trkpt lat="42.554749" lon="44.520932"><ele>2049.273434</ele><time>2026-07-11T07:18:46.000Z</time></trkpt><trkpt lat="42.554753" lon="44.520949"><ele>2049.375294</ele><time>2026-07-11T07:18:47.000Z</time></trkpt><trkpt lat="42.554779" lon="44.521012"><ele>2049.787464</ele><time>2026-07-11T07:18:52.000Z</time></trkpt><trkpt lat="42.554834" lon="44.521102"><ele>2050.454913</ele><time>2026-07-11T07:19:00.000Z</time></trkpt><trkpt lat="42.554871" lon="44.521155"><ele>2050.871686</ele><time>2026-07-11T07:19:04.000Z</time></trkpt><trkpt lat="42.554889" lon="44.521178"><ele>2051.06322</ele><time>2026-07-11T07:19:06.000Z</time></trkpt><trkpt lat="42.554944" lon="44.521279"><ele>2051.78011</ele><time>2026-07-11T07:19:14.000Z</time></trkpt><trkpt lat="42.554966" lon="44.52134"><ele>2052.167766</ele><time>2026-07-11T07:19:18.000Z</time></trkpt><trkpt lat="42.55497" lon="44.521355"><ele>2052.258818</ele><time>2026-07-11T07:19:19.000Z</time></trkpt><trkpt lat="42.554984" lon="44.521402"><ele>2052.54818</ele><time>2026-07-11T07:19:23.000Z</time></trkpt><trkpt lat="42.554986" lon="44.521413"><ele>2052.612848</ele><time>2026-07-11T07:19:24.000Z</time></trkpt><trkpt lat="42.554988" lon="44.521426"><ele>2052.688648</ele><time>2026-07-11T07:19:25.000Z</time></trkpt><trkpt lat="42.554991" lon="44.521467"><ele>2052.923813</ele><time>2026-07-11T07:19:29.000Z</time></trkpt><trkpt lat="42.554995" lon="44.521492"><ele>2053.069832</ele><time>2026-07-11T07:19:31.000Z</time></trkpt><trkpt lat="42.554998" lon="44.52151"><ele>2053.175166</ele><time>2026-07-11T07:19:32.000Z</time></trkpt><trkpt lat="42.555028" lon="44.521589"><ele>2053.68246</ele><time>2026-07-11T07:19:38.000Z</time></trkpt><trkpt lat="42.555032" lon="44.521598"><ele>2053.742454</ele><time>2026-07-11T07:19:39.000Z</time></trkpt><trkpt lat="42.55505" lon="44.521685"><ele>2054.258233</ele><time>2026-07-11T07:19:44.000Z</time></trkpt><trkpt lat="42.55507" lon="44.521783"><ele>2054.838652</ele><time>2026-07-11T07:19:50.000Z</time></trkpt><trkpt lat="42.555118" lon="44.521861"><ele>2055.418758</ele><time>2026-07-11T07:19:56.000Z</time></trkpt><trkpt lat="42.555158" lon="44.52185"><ele>2055.734986</ele><time>2026-07-11T07:20:02.000Z</time></trkpt><trkpt lat="42.555156" lon="44.521854"><ele>2055.762579</ele><time>2026-07-11T07:20:04.000Z</time></trkpt><trkpt lat="42.555156" lon="44.521854"><ele>2055.762579</ele><time>2026-07-11T07:20:05.000Z</time></trkpt><trkpt lat="42.555175" lon="44.521857"><ele>2055.91079</ele><time>2026-07-11T07:20:07.000Z</time></trkpt><trkpt lat="42.555187" lon="44.521856"><ele>2056.003945</ele><time>2026-07-11T07:20:08.000Z</time></trkpt><trkpt lat="42.555235" lon="44.52188"><ele>2056.400289</ele><time>2026-07-11T07:20:13.000Z</time></trkpt><trkpt lat="42.555228" lon="44.521885"><ele>2056.461577</ele><time>2026-07-11T07:20:14.000Z</time></trkpt><trkpt lat="42.55522" lon="44.521888"><ele>2056.525885</ele><time>2026-07-11T07:20:20.000Z</time></trkpt><trkpt lat="42.555219" lon="44.521886"><ele>2056.539682</ele><time>2026-07-11T07:20:23.000Z</time></trkpt><trkpt lat="42.555211" lon="44.521884"><ele>2056.602711</ele><time>2026-07-11T07:20:25.000Z</time></trkpt><trkpt lat="42.555239" lon="44.521864"><ele>2056.847863</ele><time>2026-07-11T07:20:30.000Z</time></trkpt><trkpt lat="42.555293" lon="44.521925"><ele>2057.392184</ele><time>2026-07-11T07:20:37.000Z</time></trkpt><trkpt lat="42.555339" lon="44.522002"><ele>2057.958033</ele><time>2026-07-11T07:20:45.000Z</time></trkpt><trkpt lat="42.555343" lon="44.52203"><ele>2058.120824</ele><time>2026-07-11T07:20:49.000Z</time></trkpt><trkpt lat="42.555344" lon="44.522046"><ele>2058.212474</ele><time>2026-07-11T07:20:51.000Z</time></trkpt><trkpt lat="42.555347" lon="44.522052"><ele>2058.253863</ele><time>2026-07-11T07:20:52.000Z</time></trkpt><trkpt lat="42.555359" lon="44.522074"><ele>2058.410108</ele><time>2026-07-11T07:20:54.000Z</time></trkpt><trkpt lat="42.555369" lon="44.522087"><ele>2058.517389</ele><time>2026-07-11T07:20:58.000Z</time></trkpt><trkpt lat="42.555378" lon="44.522156"><ele>2058.91734</ele><time>2026-07-11T07:21:04.000Z</time></trkpt><trkpt lat="42.555384" lon="44.522225"><ele>2059.354809</ele><time>2026-07-11T07:21:08.000Z</time></trkpt><trkpt lat="42.555385" lon="44.522256"><ele>2059.551995</ele><time>2026-07-11T07:21:10.000Z</time></trkpt><trkpt lat="42.555384" lon="44.522269"><ele>2059.635056</ele><time>2026-07-11T07:21:11.000Z</time></trkpt><trkpt lat="42.555379" lon="44.522386"><ele>2060.379813</ele><time>2026-07-11T07:21:19.000Z</time></trkpt><trkpt lat="42.55538" lon="44.522404"><ele>2060.494524</ele><time>2026-07-11T07:21:20.000Z</time></trkpt><trkpt lat="42.555383" lon="44.522504"><ele>2061.130526</ele><time>2026-07-11T07:21:26.000Z</time></trkpt><trkpt lat="42.555389" lon="44.522585"><ele>2061.647858</ele><time>2026-07-11T07:21:31.000Z</time></trkpt><trkpt lat="42.555391" lon="44.522602"><ele>2061.757258</ele><time>2026-07-11T07:21:32.000Z</time></trkpt><trkpt lat="42.555399" lon="44.52266"><ele>2062.13224</ele><time>2026-07-11T07:21:36.000Z</time></trkpt><trkpt lat="42.555406" lon="44.522725"><ele>2062.54969</ele><time>2026-07-11T07:21:40.000Z</time></trkpt><trkpt lat="42.55542" lon="44.522813"><ele>2063.121802</ele><time>2026-07-11T07:21:45.000Z</time></trkpt><trkpt lat="42.555417" lon="44.522831"><ele>2063.239079</ele><time>2026-07-11T07:21:46.000Z</time></trkpt><trkpt lat="42.555412" lon="44.522931"><ele>2063.876017</ele><time>2026-07-11T07:21:53.000Z</time></trkpt><trkpt lat="42.555404" lon="44.523008"><ele>2064.370176</ele><time>2026-07-11T07:21:58.000Z</time></trkpt><trkpt lat="42.555405" lon="44.523053"><ele>2064.65627</ele><time>2026-07-11T07:22:01.000Z</time></trkpt><trkpt lat="42.555446" lon="44.523163"><ele>2065.439685</ele><time>2026-07-11T07:22:09.000Z</time></trkpt><trkpt lat="42.555474" lon="44.523219"><ele>2065.869788</ele><time>2026-07-11T07:22:13.000Z</time></trkpt><trkpt lat="42.555508" lon="44.523262"><ele>2066.270662</ele><time>2026-07-11T07:22:17.000Z</time></trkpt><trkpt lat="42.555552" lon="44.523334"><ele>2066.86516</ele><time>2026-07-11T07:22:23.000Z</time></trkpt><trkpt lat="42.555565" lon="44.523354"><ele>2067.034661</ele><time>2026-07-11T07:22:25.000Z</time></trkpt><trkpt lat="42.555614" lon="44.523462"><ele>2067.840709</ele><time>2026-07-11T07:22:33.000Z</time></trkpt><trkpt lat="42.555625" lon="44.523565"><ele>2068.50209</ele><time>2026-07-11T07:22:40.000Z</time></trkpt><trkpt lat="42.555629" lon="44.523596"><ele>2068.702086</ele><time>2026-07-11T07:22:42.000Z</time></trkpt><trkpt lat="42.555634" lon="44.523641"><ele>2068.991284</ele><time>2026-07-11T07:22:45.000Z</time></trkpt><trkpt lat="42.555636" lon="44.523731"><ele>2069.56347</ele><time>2026-07-11T07:22:50.000Z</time></trkpt><trkpt lat="42.555634" lon="44.523761"><ele>2069.754891</ele><time>2026-07-11T07:22:52.000Z</time></trkpt><trkpt lat="42.55562" lon="44.523824"><ele>2070.173061</ele><time>2026-07-11T07:22:57.000Z</time></trkpt><trkpt lat="42.555613" lon="44.523885"><ele>2070.565375</ele><time>2026-07-11T07:23:01.000Z</time></trkpt><trkpt lat="42.555602" lon="44.523952"><ele>2071.00159</ele><time>2026-07-11T07:23:05.000Z</time></trkpt><trkpt lat="42.555584" lon="44.524051"><ele>2071.649589</ele><time>2026-07-11T07:23:12.000Z</time></trkpt><trkpt lat="42.55558" lon="44.524061"><ele>2071.721902</ele><time>2026-07-11T07:23:13.000Z</time></trkpt><trkpt lat="42.555548" lon="44.524175"><ele>2072.497158</ele><time>2026-07-11T07:23:21.000Z</time></trkpt><trkpt lat="42.55554" lon="44.524208"><ele>2072.717929</ele><time>2026-07-11T07:23:23.000Z</time></trkpt><trkpt lat="42.555528" lon="44.524295"><ele>2073.280401</ele><time>2026-07-11T07:23:28.000Z</time></trkpt><trkpt lat="42.555513" lon="44.524343"><ele>2073.611742</ele><time>2026-07-11T07:23:32.000Z</time></trkpt><trkpt lat="42.555511" lon="44.524359"><ele>2073.714872</ele><time>2026-07-11T07:23:33.000Z</time></trkpt><trkpt lat="42.555505" lon="44.524398"><ele>2073.968054</ele><time>2026-07-11T07:23:36.000Z</time></trkpt><trkpt lat="42.555488" lon="44.52448"><ele>2074.52444</ele><time>2026-07-11T07:23:42.000Z</time></trkpt><trkpt lat="42.555473" lon="44.524585"><ele>2075.462286</ele><time>2026-07-11T07:23:49.000Z</time></trkpt><trkpt lat="42.555456" lon="44.524646"><ele>2076.034164</ele><time>2026-07-11T07:23:53.000Z</time></trkpt><trkpt lat="42.555454" lon="44.524662"><ele>2076.176466</ele><time>2026-07-11T07:23:54.000Z</time></trkpt><trkpt lat="42.555457" lon="44.524692"><ele>2076.441934</ele><time>2026-07-11T07:23:56.000Z</time></trkpt><trkpt lat="42.555452" lon="44.524724"><ele>2076.728769</ele><time>2026-07-11T07:23:58.000Z</time></trkpt><trkpt lat="42.555448" lon="44.524772"><ele>2077.152341</ele><time>2026-07-11T07:24:02.000Z</time></trkpt><trkpt lat="42.555446" lon="44.524786"><ele>2077.277387</ele><time>2026-07-11T07:24:03.000Z</time></trkpt><trkpt lat="42.555453" lon="44.524881"><ele>2078.114552</ele><time>2026-07-11T07:24:11.000Z</time></trkpt><trkpt lat="42.555459" lon="44.524893"><ele>2078.241724</ele><time>2026-07-11T07:24:12.000Z</time></trkpt><trkpt lat="42.555485" lon="44.525009"><ele>2079.304913</ele><time>2026-07-11T07:24:20.000Z</time></trkpt><trkpt lat="42.555482" lon="44.52511"><ele>2080.191251</ele><time>2026-07-11T07:24:27.000Z</time></trkpt><trkpt lat="42.555486" lon="44.525149"><ele>2080.536521</ele><time>2026-07-11T07:24:30.000Z</time></trkpt><trkpt lat="42.555486" lon="44.525194"><ele>2080.931103</ele><time>2026-07-11T07:24:33.000Z</time></trkpt><trkpt lat="42.555493" lon="44.525239"><ele>2081.334388</ele><time>2026-07-11T07:24:36.000Z</time></trkpt><trkpt lat="42.555494" lon="44.525272"><ele>2081.623993</ele><time>2026-07-11T07:24:38.000Z</time></trkpt><trkpt lat="42.555486" lon="44.52533"><ele>2082.141404</ele><time>2026-07-11T07:24:42.000Z</time></trkpt><trkpt lat="42.555478" lon="44.525356"><ele>2082.388475</ele><time>2026-07-11T07:24:44.000Z</time></trkpt><trkpt lat="42.555465" lon="44.525373"><ele>2082.60334</ele><time>2026-07-11T07:24:46.000Z</time></trkpt><trkpt lat="42.555448" lon="44.525448"><ele>2083.291407</ele><time>2026-07-11T07:24:52.000Z</time></trkpt><trkpt lat="42.555431" lon="44.525544"><ele>2084.157166</ele><time>2026-07-11T07:25:00.000Z</time></trkpt><trkpt lat="42.555433" lon="44.525575"><ele>2084.43003</ele><time>2026-07-11T07:25:02.000Z</time></trkpt><trkpt lat="42.555448" lon="44.525599"><ele>2084.706016</ele><time>2026-07-11T07:25:05.000Z</time></trkpt><trkpt lat="42.555467" lon="44.525606"><ele>2084.940366</ele><time>2026-07-11T07:25:07.000Z</time></trkpt><trkpt lat="42.555482" lon="44.525609"><ele>2085.120848</ele><time>2026-07-11T07:25:09.000Z</time></trkpt><trkpt lat="42.555528" lon="44.5256"><ele>2085.674073</ele><time>2026-07-11T07:25:14.000Z</time></trkpt><trkpt lat="42.555568" lon="44.525552"><ele>2086.309573</ele><time>2026-07-11T07:25:20.000Z</time></trkpt><trkpt lat="42.555593" lon="44.525516"><ele>2086.743399</ele><time>2026-07-11T07:25:24.000Z</time></trkpt><trkpt lat="42.555613" lon="44.525498"><ele>2087.029039</ele><time>2026-07-11T07:25:27.000Z</time></trkpt><trkpt lat="42.55564" lon="44.525453"><ele>2087.537951</ele><time>2026-07-11T07:25:32.000Z</time></trkpt><trkpt lat="42.555654" lon="44.525417"><ele>2087.894906</ele><time>2026-07-11T07:25:36.000Z</time></trkpt><trkpt lat="42.555685" lon="44.52535"><ele>2088.588672</ele><time>2026-07-11T07:25:41.000Z</time></trkpt><trkpt lat="42.555694" lon="44.525323"><ele>2088.848532</ele><time>2026-07-11T07:25:43.000Z</time></trkpt><trkpt lat="42.555742" lon="44.525308"><ele>2089.43485</ele><time>2026-07-11T07:25:50.000Z</time></trkpt><trkpt lat="42.555754" lon="44.525314"><ele>2089.587074</ele><time>2026-07-11T07:25:52.000Z</time></trkpt><trkpt lat="42.555794" lon="44.525356"><ele>2090.189022</ele><time>2026-07-11T07:25:57.000Z</time></trkpt><trkpt lat="42.555799" lon="44.525427"><ele>2090.814421</ele><time>2026-07-11T07:26:02.000Z</time></trkpt><trkpt lat="42.555796" lon="44.52544"><ele>2090.933873</ele><time>2026-07-11T07:26:03.000Z</time></trkpt><trkpt lat="42.555769" lon="44.525516"><ele>2091.673731</ele><time>2026-07-11T07:26:09.000Z</time></trkpt><trkpt lat="42.555764" lon="44.525526"><ele>2091.779707</ele><time>2026-07-11T07:26:10.000Z</time></trkpt><trkpt lat="42.555749" lon="44.525594"><ele>2092.402123</ele><time>2026-07-11T07:26:16.000Z</time></trkpt><trkpt lat="42.555747" lon="44.52561"><ele>2092.544424</ele><time>2026-07-11T07:26:17.000Z</time></trkpt><trkpt lat="42.555723" lon="44.525699"><ele>2093.375466</ele><time>2026-07-11T07:26:24.000Z</time></trkpt><trkpt lat="42.555719" lon="44.52572"><ele>2093.56566</ele><time>2026-07-11T07:26:26.000Z</time></trkpt><trkpt lat="42.555708" lon="44.525787"><ele>2094.167562</ele><time>2026-07-11T07:26:31.000Z</time></trkpt><trkpt lat="42.555699" lon="44.525843"><ele>2094.670147</ele><time>2026-07-11T07:26:35.000Z</time></trkpt><trkpt lat="42.555689" lon="44.52591"><ele>2095.269573</ele><time>2026-07-11T07:26:40.000Z</time></trkpt><trkpt lat="42.555678" lon="44.525974"><ele>2095.845828</ele><time>2026-07-11T07:26:45.000Z</time></trkpt><trkpt lat="42.555677" lon="44.525996"><ele>2096.027482</ele><time>2026-07-11T07:26:47.000Z</time></trkpt><trkpt lat="42.555683" lon="44.526111"><ele>2096.96448</ele><time>2026-07-11T07:26:55.000Z</time></trkpt><trkpt lat="42.555682" lon="44.526128"><ele>2097.103087</ele><time>2026-07-11T07:26:56.000Z</time></trkpt><trkpt lat="42.555672" lon="44.526235"><ele>2097.979695</ele><time>2026-07-11T07:27:03.000Z</time></trkpt><trkpt lat="42.555666" lon="44.526329"><ele>2098.746538</ele><time>2026-07-11T07:27:09.000Z</time></trkpt><trkpt lat="42.555662" lon="44.526372"><ele>2099.098794</ele><time>2026-07-11T07:27:12.000Z</time></trkpt><trkpt lat="42.555615" lon="44.526489"><ele>2100.181914</ele><time>2026-07-11T07:27:20.000Z</time></trkpt><trkpt lat="42.555579" lon="44.526554"><ele>2100.842865</ele><time>2026-07-11T07:27:26.000Z</time></trkpt><trkpt lat="42.555562" lon="44.526613"><ele>2101.357764</ele><time>2026-07-11T07:27:30.000Z</time></trkpt><trkpt lat="42.555547" lon="44.526661"><ele>2101.781537</ele><time>2026-07-11T07:27:33.000Z</time></trkpt><trkpt lat="42.555523" lon="44.526744"><ele>2102.506228</ele><time>2026-07-11T07:27:39.000Z</time></trkpt><trkpt lat="42.55552" lon="44.526755"><ele>2102.601561</ele><time>2026-07-11T07:27:40.000Z</time></trkpt><trkpt lat="42.555517" lon="44.526775"><ele>2102.767447</ele><time>2026-07-11T07:27:41.000Z</time></trkpt><trkpt lat="42.55549" lon="44.526899"><ele>2103.81836</ele><time>2026-07-11T07:27:50.000Z</time></trkpt><trkpt lat="42.555488" lon="44.526946"><ele>2104.200988</ele><time>2026-07-11T07:27:53.000Z</time></trkpt><trkpt lat="42.555512" lon="44.527007"><ele>2104.763051</ele><time>2026-07-11T07:27:59.000Z</time></trkpt><trkpt lat="42.555549" lon="44.52702"><ele>2105.184738</ele><time>2026-07-11T07:28:03.000Z</time></trkpt><trkpt lat="42.555567" lon="44.527012"><ele>2105.393713</ele><time>2026-07-11T07:28:05.000Z</time></trkpt><trkpt lat="42.555574" lon="44.527"><ele>2105.51812</ele><time>2026-07-11T07:28:06.000Z</time></trkpt><trkpt lat="42.555603" lon="44.526963"><ele>2105.957222</ele><time>2026-07-11T07:28:10.000Z</time></trkpt><trkpt lat="42.55561" lon="44.526956"><ele>2106.053148</ele><time>2026-07-11T07:28:11.000Z</time></trkpt><trkpt lat="42.555652" lon="44.526875"><ele>2106.858215</ele><time>2026-07-11T07:28:18.000Z</time></trkpt><trkpt lat="42.55566" lon="44.526864"><ele>2106.983849</ele><time>2026-07-11T07:28:19.000Z</time></trkpt><trkpt lat="42.555702" lon="44.526786"><ele>2107.769103</ele><time>2026-07-11T07:28:26.000Z</time></trkpt><trkpt lat="42.555717" lon="44.526754"><ele>2108.077375</ele><time>2026-07-11T07:28:28.000Z</time></trkpt><trkpt lat="42.555758" lon="44.526676"><ele>2108.856168</ele><time>2026-07-11T07:28:35.000Z</time></trkpt><trkpt lat="42.555769" lon="44.526651"><ele>2109.092842</ele><time>2026-07-11T07:28:37.000Z</time></trkpt><trkpt lat="42.555787" lon="44.526594"><ele>2109.596882</ele><time>2026-07-11T07:28:42.000Z</time></trkpt><trkpt lat="42.555803" lon="44.526537"><ele>2110.092642</ele><time>2026-07-11T07:28:46.000Z</time></trkpt><trkpt lat="42.555826" lon="44.526498"><ele>2110.498682</ele><time>2026-07-11T07:28:50.000Z</time></trkpt><trkpt lat="42.555844" lon="44.526462"><ele>2110.852306</ele><time>2026-07-11T07:28:53.000Z</time></trkpt><trkpt lat="42.555849" lon="44.526453"><ele>2110.943924</ele><time>2026-07-11T07:28:54.000Z</time></trkpt><trkpt lat="42.555854" lon="44.526446"><ele>2111.023171</ele><time>2026-07-11T07:28:55.000Z</time></trkpt><trkpt lat="42.555882" lon="44.526396"><ele>2111.53364</ele><time>2026-07-11T07:29:00.000Z</time></trkpt><trkpt lat="42.555893" lon="44.52638"><ele>2111.711517</ele><time>2026-07-11T07:29:02.000Z</time></trkpt><trkpt lat="42.555911" lon="44.526343"><ele>2112.071895</ele><time>2026-07-11T07:29:06.000Z</time></trkpt><trkpt lat="42.555924" lon="44.526303"><ele>2112.427227</ele><time>2026-07-11T07:29:09.000Z</time></trkpt><trkpt lat="42.555942" lon="44.526264"><ele>2112.801276</ele><time>2026-07-11T07:29:12.000Z</time></trkpt><trkpt lat="42.555959" lon="44.526234"><ele>2113.108898</ele><time>2026-07-11T07:29:16.000Z</time></trkpt><trkpt lat="42.55597" lon="44.526215"><ele>2113.305305</ele><time>2026-07-11T07:29:18.000Z</time></trkpt><trkpt lat="42.555999" lon="44.526161"><ele>2113.84844</ele><time>2026-07-11T07:29:24.000Z</time></trkpt><trkpt lat="42.556006" lon="44.526147"><ele>2113.985961</ele><time>2026-07-11T07:29:25.000Z</time></trkpt><trkpt lat="42.556026" lon="44.526104"><ele>2114.399276</ele><time>2026-07-11T07:29:29.000Z</time></trkpt><trkpt lat="42.556033" lon="44.526086"><ele>2114.564705</ele><time>2026-07-11T07:29:31.000Z</time></trkpt><trkpt lat="42.556044" lon="44.526051"><ele>2114.873974</ele><time>2026-07-11T07:29:34.000Z</time></trkpt><trkpt lat="42.556074" lon="44.525995"><ele>2115.436744</ele><time>2026-07-11T07:29:39.000Z</time></trkpt><trkpt lat="42.55608" lon="44.525984"><ele>2115.547987</ele><time>2026-07-11T07:29:40.000Z</time></trkpt><trkpt lat="42.556118" lon="44.525891"><ele>2116.319614</ele><time>2026-07-11T07:29:49.000Z</time></trkpt><trkpt lat="42.556162" lon="44.525794"><ele>2117.120499</ele><time>2026-07-11T07:29:58.000Z</time></trkpt><trkpt lat="42.556167" lon="44.525783"><ele>2117.211373</ele><time>2026-07-11T07:29:59.000Z</time></trkpt><trkpt lat="42.556181" lon="44.525745"><ele>2117.510082</ele><time>2026-07-11T07:30:03.000Z</time></trkpt><trkpt lat="42.556198" lon="44.525696"><ele>2117.890871</ele><time>2026-07-11T07:30:07.000Z</time></trkpt><trkpt lat="42.556217" lon="44.525659"><ele>2118.207968</ele><time>2026-07-11T07:30:10.000Z</time></trkpt><trkpt lat="42.556239" lon="44.525634"><ele>2118.481794</ele><time>2026-07-11T07:30:13.000Z</time></trkpt><trkpt lat="42.556261" lon="44.525581"><ele>2118.909497</ele><time>2026-07-11T07:30:18.000Z</time></trkpt><trkpt lat="42.556274" lon="44.525549"><ele>2119.166417</ele><time>2026-07-11T07:30:21.000Z</time></trkpt><trkpt lat="42.55631" lon="44.525472"><ele>2119.807595</ele><time>2026-07-11T07:30:27.000Z</time></trkpt><trkpt lat="42.556327" lon="44.525429"><ele>2120.150693</ele><time>2026-07-11T07:30:30.000Z</time></trkpt><trkpt lat="42.556365" lon="44.525315"><ele>2121.030404</ele><time>2026-07-11T07:30:38.000Z</time></trkpt><trkpt lat="42.556373" lon="44.525264"><ele>2121.396995</ele><time>2026-07-11T07:30:42.000Z</time></trkpt><trkpt lat="42.556377" lon="44.525202"><ele>2121.83455</ele><time>2026-07-11T07:30:46.000Z</time></trkpt><trkpt lat="42.556379" lon="44.525089"><ele>2122.629217</ele><time>2026-07-11T07:30:54.000Z</time></trkpt><trkpt lat="42.556386" lon="44.52503"><ele>2123.049358</ele><time>2026-07-11T07:30:58.000Z</time></trkpt><trkpt lat="42.556396" lon="44.524963"><ele>2123.529968</ele><time>2026-07-11T07:31:02.000Z</time></trkpt><trkpt lat="42.556406" lon="44.524919"><ele>2123.853696</ele><time>2026-07-11T07:31:05.000Z</time></trkpt><trkpt lat="42.556454" lon="44.524866"><ele>2124.444219</ele><time>2026-07-11T07:31:11.000Z</time></trkpt><trkpt lat="42.556454" lon="44.524857"><ele>2124.507493</ele><time>2026-07-11T07:31:18.000Z</time></trkpt><trkpt lat="42.556458" lon="44.524824"><ele>2124.742617</ele><time>2026-07-11T07:31:28.000Z</time></trkpt><trkpt lat="42.556501" lon="44.52478"><ele>2125.256544</ele><time>2026-07-11T07:31:34.000Z</time></trkpt><trkpt lat="42.556532" lon="44.52472"><ele>2125.771788</ele><time>2026-07-11T07:31:39.000Z</time></trkpt><trkpt lat="42.556547" lon="44.52466"><ele>2126.217245</ele><time>2026-07-11T07:31:43.000Z</time></trkpt><trkpt lat="42.556541" lon="44.524591"><ele>2126.705711</ele><time>2026-07-11T07:31:47.000Z</time></trkpt><trkpt lat="42.556538" lon="44.524574"><ele>2126.82861</ele><time>2026-07-11T07:31:48.000Z</time></trkpt><trkpt lat="42.556532" lon="44.524532"><ele>2127.129389</ele><time>2026-07-11T07:31:51.000Z</time></trkpt><trkpt lat="42.556527" lon="44.524518"><ele>2127.238773</ele><time>2026-07-11T07:31:52.000Z</time></trkpt><trkpt lat="42.556495" lon="44.524408"><ele>2128.070242</ele><time>2026-07-11T07:32:00.000Z</time></trkpt><trkpt lat="42.556487" lon="44.524383"><ele>2128.261871</ele><time>2026-07-11T07:32:02.000Z</time></trkpt><trkpt lat="42.556473" lon="44.524271"><ele>2129.060534</ele><time>2026-07-11T07:32:10.000Z</time></trkpt><trkpt lat="42.556468" lon="44.524232"><ele>2129.338842</ele><time>2026-07-11T07:32:13.000Z</time></trkpt><trkpt lat="42.556473" lon="44.524162"><ele>2129.833279</ele><time>2026-07-11T07:32:18.000Z</time></trkpt><trkpt lat="42.556468" lon="44.524041"><ele>2130.685297</ele><time>2026-07-11T07:32:27.000Z</time></trkpt><trkpt lat="42.556473" lon="44.523995"><ele>2131.012198</ele><time>2026-07-11T07:32:30.000Z</time></trkpt><trkpt lat="42.556488" lon="44.523906"><ele>2131.654074</ele><time>2026-07-11T07:32:36.000Z</time></trkpt><trkpt lat="42.556524" lon="44.523806"><ele>2132.436584</ele><time>2026-07-11T07:32:43.000Z</time></trkpt><trkpt lat="42.556534" lon="44.523779"><ele>2132.649049</ele><time>2026-07-11T07:32:45.000Z</time></trkpt><trkpt lat="42.556579" lon="44.523676"><ele>2133.403726</ele><time>2026-07-11T07:32:54.000Z</time></trkpt><trkpt lat="42.556584" lon="44.523665"><ele>2133.48136</ele><time>2026-07-11T07:32:55.000Z</time></trkpt><trkpt lat="42.556593" lon="44.523569"><ele>2134.062608</ele><time>2026-07-11T07:33:02.000Z</time></trkpt><trkpt lat="42.556586" lon="44.523529"><ele>2134.309543</ele><time>2026-07-11T07:33:05.000Z</time></trkpt><trkpt lat="42.556577" lon="44.523462"><ele>2134.718596</ele><time>2026-07-11T07:33:10.000Z</time></trkpt><trkpt lat="42.556574" lon="44.5234"><ele>2135.091784</ele><time>2026-07-11T07:33:15.000Z</time></trkpt><trkpt lat="42.556582" lon="44.523378"><ele>2135.239145</ele><time>2026-07-11T07:33:17.000Z</time></trkpt><trkpt lat="42.556623" lon="44.523313"><ele>2135.753126</ele><time>2026-07-11T07:33:25.000Z</time></trkpt><trkpt lat="42.556627" lon="44.523305"><ele>2135.8112</ele><time>2026-07-11T07:33:26.000Z</time></trkpt><trkpt lat="42.556636" lon="44.523286"><ele>2135.946877</ele><time>2026-07-11T07:33:28.000Z</time></trkpt><trkpt lat="42.556669" lon="44.523247"><ele>2136.303629</ele><time>2026-07-11T07:33:33.000Z</time></trkpt><trkpt lat="42.556724" lon="44.523166"><ele>2136.965296</ele><time>2026-07-11T07:33:42.000Z</time></trkpt><trkpt lat="42.556739" lon="44.523044"><ele>2137.708189</ele><time>2026-07-11T07:33:51.000Z</time></trkpt><trkpt lat="42.556721" lon="44.522948"><ele>2138.303171</ele><time>2026-07-11T07:33:58.000Z</time></trkpt><trkpt lat="42.55668" lon="44.522866"><ele>2138.898424</ele><time>2026-07-11T07:34:05.000Z</time></trkpt><trkpt lat="42.556659" lon="44.522755"><ele>2139.586751</ele><time>2026-07-11T07:34:12.000Z</time></trkpt><trkpt lat="42.556659" lon="44.522735"><ele>2139.706875</ele><time>2026-07-11T07:34:13.000Z</time></trkpt><trkpt lat="42.556656" lon="44.522614"><ele>2140.434038</ele><time>2026-07-11T07:34:20.000Z</time></trkpt><trkpt lat="42.556657" lon="44.522585"><ele>2140.608408</ele><time>2026-07-11T07:34:22.000Z</time></trkpt><trkpt lat="42.556649" lon="44.522494"><ele>2141.158852</ele><time>2026-07-11T07:34:28.000Z</time></trkpt><trkpt lat="42.556655" lon="44.522432"><ele>2141.534437</ele><time>2026-07-11T07:34:32.000Z</time></trkpt><trkpt lat="42.556662" lon="44.522394"><ele>2141.769701</ele><time>2026-07-11T07:34:35.000Z</time></trkpt><trkpt lat="42.556668" lon="44.52234"><ele>2142.097705</ele><time>2026-07-11T07:34:39.000Z</time></trkpt><trkpt lat="42.556669" lon="44.522294"><ele>2142.374111</ele><time>2026-07-11T07:34:42.000Z</time></trkpt><trkpt lat="42.556652" lon="44.522165"><ele>2143.161213</ele><time>2026-07-11T07:34:50.000Z</time></trkpt><trkpt lat="42.556648" lon="44.522151"><ele>2143.251404</ele><time>2026-07-11T07:34:51.000Z</time></trkpt><trkpt lat="42.556632" lon="44.522066"><ele>2143.778337</ele><time>2026-07-11T07:34:57.000Z</time></trkpt><trkpt lat="42.556634" lon="44.522002"><ele>2144.16308</ele><time>2026-07-11T07:35:01.000Z</time></trkpt><trkpt lat="42.556646" lon="44.521958"><ele>2144.444886</ele><time>2026-07-11T07:35:04.000Z</time></trkpt><trkpt lat="42.556664" lon="44.521886"><ele>2144.90156</ele><time>2026-07-11T07:35:10.000Z</time></trkpt><trkpt lat="42.556666" lon="44.521858"><ele>2145.070523</ele><time>2026-07-11T07:35:12.000Z</time></trkpt><trkpt lat="42.556673" lon="44.521778"><ele>2145.554397</ele><time>2026-07-11T07:35:18.000Z</time></trkpt><trkpt lat="42.556675" lon="44.521717"><ele>2145.921138</ele><time>2026-07-11T07:35:22.000Z</time></trkpt><trkpt lat="42.556677" lon="44.521646"><ele>2146.347891</ele><time>2026-07-11T07:35:26.000Z</time></trkpt><trkpt lat="42.556654" lon="44.521577"><ele>2146.802777</ele><time>2026-07-11T07:35:31.000Z</time></trkpt><trkpt lat="42.556637" lon="44.52156"><ele>2146.974939</ele><time>2026-07-11T07:35:33.000Z</time></trkpt><trkpt lat="42.556597" lon="44.521454"><ele>2147.668594</ele><time>2026-07-11T07:35:41.000Z</time></trkpt><trkpt lat="42.556566" lon="44.521371"><ele>2148.135919</ele><time>2026-07-11T07:35:47.000Z</time></trkpt><trkpt lat="42.556543" lon="44.521281"><ele>2148.614306</ele><time>2026-07-11T07:35:54.000Z</time></trkpt><trkpt lat="42.556541" lon="44.521266"><ele>2148.690857</ele><time>2026-07-11T07:35:55.000Z</time></trkpt><trkpt lat="42.55651" lon="44.521144"><ele>2149.338941</ele><time>2026-07-11T07:36:03.000Z</time></trkpt><trkpt lat="42.556499" lon="44.521104"><ele>2149.553354</ele><time>2026-07-11T07:36:06.000Z</time></trkpt><trkpt lat="42.556486" lon="44.521051"><ele>2149.833876</ele><time>2026-07-11T07:36:10.000Z</time></trkpt><trkpt lat="42.556471" lon="44.521009"><ele>2150.068274</ele><time>2026-07-11T07:36:14.000Z</time></trkpt><trkpt lat="42.556447" lon="44.520965"><ele>2150.343217</ele><time>2026-07-11T07:36:18.000Z</time></trkpt><trkpt lat="42.55643" lon="44.520937"><ele>2150.525434</ele><time>2026-07-11T07:36:21.000Z</time></trkpt><trkpt lat="42.556422" lon="44.520909"><ele>2150.676251</ele><time>2026-07-11T07:36:23.000Z</time></trkpt><trkpt lat="42.556399" lon="44.520843"><ele>2151.042908</ele><time>2026-07-11T07:36:28.000Z</time></trkpt><trkpt lat="42.556393" lon="44.520821"><ele>2151.160716</ele><time>2026-07-11T07:36:30.000Z</time></trkpt><trkpt lat="42.556396" lon="44.520737"><ele>2151.583042</ele><time>2026-07-11T07:36:36.000Z</time></trkpt><trkpt lat="42.556394" lon="44.520654"><ele>2152.000073</ele><time>2026-07-11T07:36:41.000Z</time></trkpt><trkpt lat="42.556395" lon="44.520622"><ele>2152.160915</ele><time>2026-07-11T07:36:43.000Z</time></trkpt><trkpt lat="42.556399" lon="44.520595"><ele>2152.299219</ele><time>2026-07-11T07:36:45.000Z</time></trkpt><trkpt lat="42.556382" lon="44.520489"><ele>2152.843999</ele><time>2026-07-11T07:36:52.000Z</time></trkpt><trkpt lat="42.556381" lon="44.520438"><ele>2153.100201</ele><time>2026-07-11T07:36:55.000Z</time></trkpt><trkpt lat="42.556377" lon="44.520359"><ele>2153.497858</ele><time>2026-07-11T07:37:00.000Z</time></trkpt><trkpt lat="42.556374" lon="44.520288"><ele>2153.854991</ele><time>2026-07-11T07:37:05.000Z</time></trkpt><trkpt lat="42.556377" lon="44.520255"><ele>2154.021968</ele><time>2026-07-11T07:37:07.000Z</time></trkpt><trkpt lat="42.55638" lon="44.520228"><ele>2154.15909</ele><time>2026-07-11T07:37:09.000Z</time></trkpt><trkpt lat="42.556396" lon="44.52014"><ele>2154.61427</ele><time>2026-07-11T07:37:15.000Z</time></trkpt><trkpt lat="42.5564" lon="44.520128"><ele>2154.680414</ele><time>2026-07-11T07:37:16.000Z</time></trkpt><trkpt lat="42.556402" lon="44.52012"><ele>2154.722839</ele><time>2026-07-11T07:37:17.000Z</time></trkpt><trkpt lat="42.556427" lon="44.520037"><ele>2155.173148</ele><time>2026-07-11T07:37:23.000Z</time></trkpt><trkpt lat="42.556457" lon="44.519941"><ele>2155.696828</ele><time>2026-07-11T07:37:30.000Z</time></trkpt><trkpt lat="42.556464" lon="44.519906"><ele>2155.878954</ele><time>2026-07-11T07:37:32.000Z</time></trkpt><trkpt lat="42.556471" lon="44.519824"><ele>2156.293496</ele><time>2026-07-11T07:37:37.000Z</time></trkpt><trkpt lat="42.556482" lon="44.519755"><ele>2156.648021</ele><time>2026-07-11T07:37:43.000Z</time></trkpt><trkpt lat="42.556481" lon="44.519659"><ele>2157.13016</ele><time>2026-07-11T07:37:49.000Z</time></trkpt><trkpt lat="42.556477" lon="44.519528"><ele>2157.788579</ele><time>2026-07-11T07:37:57.000Z</time></trkpt><trkpt lat="42.556477" lon="44.519479"><ele>2158.034646</ele><time>2026-07-11T07:38:00.000Z</time></trkpt><trkpt lat="42.556461" lon="44.519404"><ele>2158.426757</ele><time>2026-07-11T07:38:05.000Z</time></trkpt><trkpt lat="42.55646" lon="44.519389"><ele>2158.502392</ele><time>2026-07-11T07:38:06.000Z</time></trkpt><trkpt lat="42.556467" lon="44.519298"><ele>2158.961859</ele><time>2026-07-11T07:38:12.000Z</time></trkpt><trkpt lat="42.556467" lon="44.519245"><ele>2159.228013</ele><time>2026-07-11T07:38:18.000Z</time></trkpt><trkpt lat="42.556469" lon="44.51925"><ele>2159.256585</ele><time>2026-07-11T07:38:19.000Z</time></trkpt><trkpt lat="42.556472" lon="44.519262"><ele>2159.320223</ele><time>2026-07-11T07:38:25.000Z</time></trkpt><trkpt lat="42.556474" lon="44.519261"><ele>2159.334753</ele><time>2026-07-11T07:38:34.000Z</time></trkpt><trkpt lat="42.556485" lon="44.519265"><ele>2159.412388</ele><time>2026-07-11T07:38:42.000Z</time></trkpt><trkpt lat="42.556472" lon="44.519249"><ele>2159.532015</ele><time>2026-07-11T07:38:49.000Z</time></trkpt><trkpt lat="42.556473" lon="44.519272"><ele>2159.647717</ele><time>2026-07-11T07:38:57.000Z</time></trkpt><trkpt lat="42.55646" lon="44.519263"><ele>2159.747202</ele><time>2026-07-11T07:39:00.000Z</time></trkpt><trkpt lat="42.556477" lon="44.519271"><ele>2159.866511</ele><time>2026-07-11T07:39:11.000Z</time></trkpt><trkpt lat="42.556523" lon="44.519313"><ele>2160.218993</ele><time>2026-07-11T07:39:17.000Z</time></trkpt><trkpt lat="42.556559" lon="44.519339"><ele>2160.478271</ele><time>2026-07-11T07:39:21.000Z</time></trkpt><trkpt lat="42.556576" lon="44.519379"><ele>2160.694563</ele><time>2026-07-11T07:39:24.000Z</time></trkpt><trkpt lat="42.556583" lon="44.519389"><ele>2160.759175</ele><time>2026-07-11T07:39:25.000Z</time></trkpt><trkpt lat="42.556591" lon="44.519386"><ele>2160.811947</ele><time>2026-07-11T07:39:26.000Z</time></trkpt><trkpt lat="42.556599" lon="44.519379"><ele>2160.872464</ele><time>2026-07-11T07:39:27.000Z</time></trkpt><trkpt lat="42.556626" lon="44.519362"><ele>2161.061705</ele><time>2026-07-11T07:39:30.000Z</time></trkpt><trkpt lat="42.556651" lon="44.519347"><ele>2161.235498</ele><time>2026-07-11T07:39:33.000Z</time></trkpt><trkpt lat="42.556697" lon="44.519311"><ele>2161.573103</ele><time>2026-07-11T07:39:37.000Z</time></trkpt><trkpt lat="42.556722" lon="44.519286"><ele>2161.770532</ele><time>2026-07-11T07:39:39.000Z</time></trkpt><trkpt lat="42.556769" lon="44.519251"><ele>2162.111383</ele><time>2026-07-11T07:39:43.000Z</time></trkpt><trkpt lat="42.556788" lon="44.519245"><ele>2162.235417</ele><time>2026-07-11T07:39:45.000Z</time></trkpt><trkpt lat="42.556838" lon="44.519226"><ele>2162.565556</ele><time>2026-07-11T07:39:52.000Z</time></trkpt><trkpt lat="42.556855" lon="44.519218"><ele>2162.679958</ele><time>2026-07-11T07:39:54.000Z</time></trkpt><trkpt lat="42.556875" lon="44.519206"><ele>2162.818992</ele><time>2026-07-11T07:39:57.000Z</time></trkpt><trkpt lat="42.556968" lon="44.519206"><ele>2163.41032</ele><time>2026-07-11T07:40:05.000Z</time></trkpt><trkpt lat="42.556982" lon="44.519209"><ele>2163.50044</ele><time>2026-07-11T07:40:06.000Z</time></trkpt><trkpt lat="42.557056" lon="44.519268"><ele>2164.046103</ele><time>2026-07-11T07:40:13.000Z</time></trkpt><trkpt lat="42.557085" lon="44.519335"><ele>2164.41007</ele><time>2026-07-11T07:40:18.000Z</time></trkpt><trkpt lat="42.5571" lon="44.519401"><ele>2164.733567</ele><time>2026-07-11T07:40:22.000Z</time></trkpt><trkpt lat="42.557105" lon="44.519512"><ele>2165.254418</ele><time>2026-07-11T07:40:29.000Z</time></trkpt><trkpt lat="42.557105" lon="44.519581"><ele>2165.577586</ele><time>2026-07-11T07:40:34.000Z</time></trkpt><trkpt lat="42.557106" lon="44.519628"><ele>2165.797807</ele><time>2026-07-11T07:40:37.000Z</time></trkpt><trkpt lat="42.557114" lon="44.519703"><ele>2166.152741</ele><time>2026-07-11T07:40:42.000Z</time></trkpt><trkpt lat="42.557136" lon="44.519817"><ele>2166.704691</ele><time>2026-07-11T07:40:49.000Z</time></trkpt><trkpt lat="42.557138" lon="44.519836"><ele>2166.794584</ele><time>2026-07-11T07:40:50.000Z</time></trkpt><trkpt lat="42.557142" lon="44.519984"><ele>2167.488223</ele><time>2026-07-11T07:40:59.000Z</time></trkpt><trkpt lat="42.557145" lon="44.520061"><ele>2167.849364</ele><time>2026-07-11T07:41:04.000Z</time></trkpt><trkpt lat="42.557148" lon="44.520086"><ele>2167.967997</ele><time>2026-07-11T07:41:06.000Z</time></trkpt><trkpt lat="42.557158" lon="44.520142"><ele>2168.237876</ele><time>2026-07-11T07:41:11.000Z</time></trkpt><trkpt lat="42.557166" lon="44.520188"><ele>2168.459245</ele><time>2026-07-11T07:41:14.000Z</time></trkpt><trkpt lat="42.557171" lon="44.520202"><ele>2168.532116</ele><time>2026-07-11T07:41:15.000Z</time></trkpt><trkpt lat="42.557197" lon="44.520299"><ele>2169.015568</ele><time>2026-07-11T07:41:21.000Z</time></trkpt><trkpt lat="42.5572" lon="44.520333"><ele>2169.175949</ele><time>2026-07-11T07:41:23.000Z</time></trkpt><trkpt lat="42.557195" lon="44.520453"><ele>2169.738878</ele><time>2026-07-11T07:41:30.000Z</time></trkpt><trkpt lat="42.557209" lon="44.520602"><ele>2170.442388</ele><time>2026-07-11T07:41:39.000Z</time></trkpt><trkpt lat="42.557211" lon="44.520618"><ele>2170.518397</ele><time>2026-07-11T07:41:40.000Z</time></trkpt><trkpt lat="42.557222" lon="44.520709"><ele>2170.950305</ele><time>2026-07-11T07:41:46.000Z</time></trkpt><trkpt lat="42.557225" lon="44.520723"><ele>2171.018593</ele><time>2026-07-11T07:41:47.000Z</time></trkpt><trkpt lat="42.557226" lon="44.52077"><ele>2171.238814</ele><time>2026-07-11T07:41:50.000Z</time></trkpt><trkpt lat="42.557249" lon="44.520889"><ele>2172.115866</ele><time>2026-07-11T07:41:58.000Z</time></trkpt><trkpt lat="42.557279" lon="44.520968"><ele>2172.756371</ele><time>2026-07-11T07:42:05.000Z</time></trkpt><trkpt lat="42.557286" lon="44.520981"><ele>2172.872415</ele><time>2026-07-11T07:42:06.000Z</time></trkpt><trkpt lat="42.55731" lon="44.521047"><ele>2173.402834</ele><time>2026-07-11T07:42:11.000Z</time></trkpt><trkpt lat="42.557313" lon="44.52106"><ele>2173.501007</ele><time>2026-07-11T07:42:12.000Z</time></trkpt><trkpt lat="42.557359" lon="44.521122"><ele>2174.135161</ele><time>2026-07-11T07:42:18.000Z</time></trkpt><trkpt lat="42.557369" lon="44.52113"><ele>2174.248716</ele><time>2026-07-11T07:42:19.000Z</time></trkpt><trkpt lat="42.557417" lon="44.521149"><ele>2174.737866</ele><time>2026-07-11T07:42:24.000Z</time></trkpt><trkpt lat="42.557446" lon="44.521154"><ele>2175.023859</ele><time>2026-07-11T07:42:27.000Z</time></trkpt><trkpt lat="42.557478" lon="44.521174"><ele>2175.368507</ele><time>2026-07-11T07:42:31.000Z</time></trkpt><trkpt lat="42.5575" lon="44.521169"><ele>2175.586733</ele><time>2026-07-11T07:42:33.000Z</time></trkpt><trkpt lat="42.557577" lon="44.521201"><ele>2176.37455</ele><time>2026-07-11T07:42:40.000Z</time></trkpt><trkpt lat="42.557655" lon="44.521291"><ele>2177.376026</ele><time>2026-07-11T07:42:50.000Z</time></trkpt><trkpt lat="42.557664" lon="44.521419"><ele>2178.302627</ele><time>2026-07-11T07:42:57.000Z</time></trkpt><trkpt lat="42.557645" lon="44.521539"><ele>2179.187137</ele><time>2026-07-11T07:43:05.000Z</time></trkpt><trkpt lat="42.557639" lon="44.521567"><ele>2179.397279</ele><time>2026-07-11T07:43:07.000Z</time></trkpt><trkpt lat="42.557635" lon="44.521642"><ele>2179.939168</ele><time>2026-07-11T07:43:12.000Z</time></trkpt><trkpt lat="42.557631" lon="44.521656"><ele>2180.04738</ele><time>2026-07-11T07:43:13.000Z</time></trkpt><trkpt lat="42.557625" lon="44.521738"><ele>2180.641207</ele><time>2026-07-11T07:43:19.000Z</time></trkpt><trkpt lat="42.55762" lon="44.521773"><ele>2180.898128</ele><time>2026-07-11T07:43:22.000Z</time></trkpt><trkpt lat="42.557617" lon="44.521775"><ele>2180.930825</ele><time>2026-07-11T07:43:28.000Z</time></trkpt><trkpt lat="42.557615" lon="44.52178"><ele>2180.971827</ele><time>2026-07-11T07:43:29.000Z</time></trkpt><trkpt lat="42.557611" lon="44.521789"><ele>2181.047575</ele><time>2026-07-11T07:43:30.000Z</time></trkpt><trkpt lat="42.557603" lon="44.521817"><ele>2181.264</ele><time>2026-07-11T07:43:32.000Z</time></trkpt><trkpt lat="42.557588" lon="44.521857"><ele>2181.587457</ele><time>2026-07-11T07:43:35.000Z</time></trkpt><trkpt lat="42.557568" lon="44.521898"><ele>2181.941832</ele><time>2026-07-11T07:43:38.000Z</time></trkpt><trkpt lat="42.557553" lon="44.521928"><ele>2182.203123</ele><time>2026-07-11T07:43:44.000Z</time></trkpt><trkpt lat="42.557586" lon="44.521932"><ele>2182.527255</ele><time>2026-07-11T07:43:49.000Z</time></trkpt><trkpt lat="42.55766" lon="44.521957"><ele>2183.273295</ele><time>2026-07-11T07:43:56.000Z</time></trkpt><trkpt lat="42.557738" lon="44.521993"><ele>2184.079282</ele><time>2026-07-11T07:44:05.000Z</time></trkpt><trkpt lat="42.557749" lon="44.522002"><ele>2184.20493</ele><time>2026-07-11T07:44:12.000Z</time></trkpt><trkpt lat="42.557757" lon="44.522006"><ele>2184.288336</ele><time>2026-07-11T07:44:13.000Z</time></trkpt><trkpt lat="42.557784" lon="44.522014"><ele>2184.558702</ele><time>2026-07-11T07:44:16.000Z</time></trkpt><trkpt lat="42.557811" lon="44.522041"><ele>2184.886774</ele><time>2026-07-11T07:44:19.000Z</time></trkpt><trkpt lat="42.557828" lon="44.522049"><ele>2185.062798</ele><time>2026-07-11T07:44:21.000Z</time></trkpt><trkpt lat="42.557876" lon="44.522067"><ele>2185.54998</ele><time>2026-07-11T07:44:26.000Z</time></trkpt><trkpt lat="42.557898" lon="44.522077"><ele>2185.776955</ele><time>2026-07-11T07:44:28.000Z</time></trkpt><trkpt lat="42.557914" lon="44.522081"><ele>2185.936119</ele><time>2026-07-11T07:44:30.000Z</time></trkpt><trkpt lat="42.55794" lon="44.522122"><ele>2186.325986</ele><time>2026-07-11T07:44:35.000Z</time></trkpt><trkpt lat="42.557952" lon="44.522134"><ele>2186.471796</ele><time>2026-07-11T07:44:37.000Z</time></trkpt><trkpt lat="42.557978" lon="44.522144"><ele>2186.736172</ele><time>2026-07-11T07:44:40.000Z</time></trkpt><trkpt lat="42.55799" lon="44.522164"><ele>2186.922061</ele><time>2026-07-11T07:44:43.000Z</time></trkpt><trkpt lat="42.558003" lon="44.522205"><ele>2187.243729</ele><time>2026-07-11T07:44:48.000Z</time></trkpt><trkpt lat="42.558003" lon="44.52221"><ele>2187.27976</ele><time>2026-07-11T07:44:49.000Z</time></trkpt><trkpt lat="42.558003" lon="44.522211"><ele>2187.286967</ele><time>2026-07-11T07:44:50.000Z</time></trkpt><trkpt lat="42.558016" lon="44.522238"><ele>2187.519416</ele><time>2026-07-11T07:45:00.000Z</time></trkpt><trkpt lat="42.558025" lon="44.522298"><ele>2187.960666</ele><time>2026-07-11T07:45:06.000Z</time></trkpt><trkpt lat="42.558019" lon="44.52233"><ele>2188.198621</ele><time>2026-07-11T07:45:10.000Z</time></trkpt><trkpt lat="42.558018" lon="44.522371"><ele>2188.49424</ele><time>2026-07-11T07:45:14.000Z</time></trkpt><trkpt lat="42.558019" lon="44.522383"><ele>2188.581267</ele><time>2026-07-11T07:45:15.000Z</time></trkpt><trkpt lat="42.558036" lon="44.522425"><ele>2188.917282</ele><time>2026-07-11T07:45:20.000Z</time></trkpt><trkpt lat="42.558036" lon="44.522444"><ele>2189.036818</ele><time>2026-07-11T07:45:21.000Z</time></trkpt><trkpt lat="42.558039" lon="44.522469"><ele>2189.196174</ele><time>2026-07-11T07:45:25.000Z</time></trkpt><trkpt lat="42.558066" lon="44.522502"><ele>2189.506472</ele><time>2026-07-11T07:45:31.000Z</time></trkpt><trkpt lat="42.55807" lon="44.522521"><ele>2189.630794</ele><time>2026-07-11T07:45:33.000Z</time></trkpt><trkpt lat="42.558069" lon="44.522553"><ele>2189.832297</ele><time>2026-07-11T07:45:36.000Z</time></trkpt><trkpt lat="42.558084" lon="44.522573"><ele>2190.01187</ele><time>2026-07-11T07:45:40.000Z</time></trkpt><trkpt lat="42.558089" lon="44.522583"><ele>2190.087908</ele><time>2026-07-11T07:45:41.000Z</time></trkpt><trkpt lat="42.558115" lon="44.522639"><ele>2190.50437</ele><time>2026-07-11T07:45:47.000Z</time></trkpt><trkpt lat="42.558116" lon="44.52267"><ele>2190.699588</ele><time>2026-07-11T07:45:50.000Z</time></trkpt><trkpt lat="42.558113" lon="44.522718"><ele>2191.002656</ele><time>2026-07-11T07:45:54.000Z</time></trkpt><trkpt lat="42.558125" lon="44.52276"><ele>2191.286073</ele><time>2026-07-11T07:45:59.000Z</time></trkpt><trkpt lat="42.558127" lon="44.522775"><ele>2191.381977</ele><time>2026-07-11T07:46:01.000Z</time></trkpt><trkpt lat="42.558125" lon="44.522834"><ele>2191.753558</ele><time>2026-07-11T07:46:07.000Z</time></trkpt><trkpt lat="42.558117" lon="44.522868"><ele>2191.978111</ele><time>2026-07-11T07:46:10.000Z</time></trkpt><trkpt lat="42.558122" lon="44.522893"><ele>2192.141089</ele><time>2026-07-11T07:46:13.000Z</time></trkpt><trkpt lat="42.558138" lon="44.522938"><ele>2192.455455</ele><time>2026-07-11T07:46:18.000Z</time></trkpt><trkpt lat="42.558137" lon="44.522952"><ele>2192.543947</ele><time>2026-07-11T07:46:19.000Z</time></trkpt><trkpt lat="42.558119" lon="44.523021"><ele>2193.004468</ele><time>2026-07-11T07:46:25.000Z</time></trkpt><trkpt lat="42.558117" lon="44.52306"><ele>2193.250424</ele><time>2026-07-11T07:46:29.000Z</time></trkpt><trkpt lat="42.558109" lon="44.523079"><ele>2193.38811</ele><time>2026-07-11T07:46:31.000Z</time></trkpt><trkpt lat="42.558094" lon="44.52317"><ele>2193.974781</ele><time>2026-07-11T07:46:40.000Z</time></trkpt><trkpt lat="42.558081" lon="44.523233"><ele>2194.386393</ele><time>2026-07-11T07:46:46.000Z</time></trkpt><trkpt lat="42.558065" lon="44.523282"><ele>2194.723601</ele><time>2026-07-11T07:46:52.000Z</time></trkpt><trkpt lat="42.558065" lon="44.523293"><ele>2194.792805</ele><time>2026-07-11T07:46:53.000Z</time></trkpt><trkpt lat="42.558065" lon="44.523347"><ele>2195.132537</ele><time>2026-07-11T07:46:57.000Z</time></trkpt><trkpt lat="42.558063" lon="44.523368"><ele>2195.265755</ele><time>2026-07-11T07:46:59.000Z</time></trkpt><trkpt lat="42.558067" lon="44.523435"><ele>2195.688656</ele><time>2026-07-11T07:47:06.000Z</time></trkpt><trkpt lat="42.558054" lon="44.523468"><ele>2195.924096</ele><time>2026-07-11T07:47:10.000Z</time></trkpt><trkpt lat="42.558045" lon="44.523497"><ele>2196.122077</ele><time>2026-07-11T07:47:12.000Z</time></trkpt><trkpt lat="42.558027" lon="44.523569"><ele>2196.600432</ele><time>2026-07-11T07:47:17.000Z</time></trkpt><trkpt lat="42.558025" lon="44.523579"><ele>2196.665623</ele><time>2026-07-11T07:47:18.000Z</time></trkpt><trkpt lat="42.558015" lon="44.523587"><ele>2196.764761</ele><time>2026-07-11T07:47:19.000Z</time></trkpt><trkpt lat="42.557966" lon="44.523655"><ele>2197.36324</ele><time>2026-07-11T07:47:25.000Z</time></trkpt><trkpt lat="42.55796" lon="44.523682"><ele>2197.540668</ele><time>2026-07-11T07:47:27.000Z</time></trkpt><trkpt lat="42.557921" lon="44.523727"><ele>2197.977829</ele><time>2026-07-11T07:47:31.000Z</time></trkpt><trkpt lat="42.557893" lon="44.52374"><ele>2198.230579</ele><time>2026-07-11T07:47:36.000Z</time></trkpt><trkpt lat="42.557845" lon="44.523777"><ele>2198.702029</ele><time>2026-07-11T07:47:41.000Z</time></trkpt><trkpt lat="42.557811" lon="44.523864"><ele>2199.321642</ele><time>2026-07-11T07:47:49.000Z</time></trkpt><trkpt lat="42.557781" lon="44.523942"><ele>2199.875237</ele><time>2026-07-11T07:47:57.000Z</time></trkpt><trkpt lat="42.557791" lon="44.523946"><ele>2199.964279</ele><time>2026-07-11T07:48:08.000Z</time></trkpt><trkpt lat="42.557789" lon="44.523942"><ele>2199.994694</ele><time>2026-07-11T07:48:14.000Z</time></trkpt><trkpt lat="42.557789" lon="44.523942"><ele>2199.994694</ele><time>2026-07-11T07:48:15.000Z</time></trkpt><trkpt lat="42.557793" lon="44.523931"><ele>2200.071873</ele><time>2026-07-11T07:48:24.000Z</time></trkpt><trkpt lat="42.557789" lon="44.523946"><ele>2200.172237</ele><time>2026-07-11T07:48:31.000Z</time></trkpt><trkpt lat="42.557777" lon="44.523944"><ele>2200.2755</ele><time>2026-07-11T07:48:38.000Z</time></trkpt><trkpt lat="42.557771" lon="44.523949"><ele>2200.335631</ele><time>2026-07-11T07:48:41.000Z</time></trkpt><trkpt lat="42.55776" lon="44.523957"><ele>2200.442216</ele><time>2026-07-11T07:48:46.000Z</time></trkpt><trkpt lat="42.55776" lon="44.523959"><ele>2200.454799</ele><time>2026-07-11T07:48:48.000Z</time></trkpt><trkpt lat="42.557742" lon="44.523968"><ele>2200.618634</ele><time>2026-07-11T07:48:55.000Z</time></trkpt><trkpt lat="42.557743" lon="44.523958"><ele>2200.682125</ele><time>2026-07-11T07:48:56.000Z</time></trkpt><trkpt lat="42.557695" lon="44.523969"><ele>2201.097899</ele><time>2026-07-11T07:49:02.000Z</time></trkpt><trkpt lat="42.557666" lon="44.52398"><ele>2201.355078</ele><time>2026-07-11T07:49:06.000Z</time></trkpt><trkpt lat="42.557634" lon="44.52395"><ele>2201.68723</ele><time>2026-07-11T07:49:10.000Z</time></trkpt><trkpt lat="42.557612" lon="44.523934"><ele>2201.900399</ele><time>2026-07-11T07:49:16.000Z</time></trkpt><trkpt lat="42.557615" lon="44.523936"><ele>2201.928945</ele><time>2026-07-11T07:49:17.000Z</time></trkpt><trkpt lat="42.557617" lon="44.523951"><ele>2202.024849</ele><time>2026-07-11T07:49:25.000Z</time></trkpt><trkpt lat="42.557611" lon="44.523953"><ele>2202.077618</ele><time>2026-07-11T07:49:31.000Z</time></trkpt><trkpt lat="42.557608" lon="44.523951"><ele>2202.106164</ele><time>2026-07-11T07:49:33.000Z</time></trkpt><trkpt lat="42.5576" lon="44.523951"><ele>2202.174493</ele><time>2026-07-11T07:49:35.000Z</time></trkpt><trkpt lat="42.557597" lon="44.523949"><ele>2202.20304</ele><time>2026-07-11T07:49:36.000Z</time></trkpt><trkpt lat="42.557596" lon="44.523948"><ele>2202.213648</ele><time>2026-07-11T07:49:37.000Z</time></trkpt><trkpt lat="42.557598" lon="44.523939"><ele>2202.272791</ele><time>2026-07-11T07:49:39.000Z</time></trkpt><trkpt lat="42.557605" lon="44.523931"><ele>2202.350943</ele><time>2026-07-11T07:49:49.000Z</time></trkpt><trkpt lat="42.557598" lon="44.523922"><ele>2202.433288</ele><time>2026-07-11T07:49:54.000Z</time></trkpt><trkpt lat="42.5576" lon="44.523932"><ele>2202.49848</ele><time>2026-07-11T07:50:00.000Z</time></trkpt><trkpt lat="42.557599" lon="44.523932"><ele>2202.507021</ele><time>2026-07-11T07:50:09.000Z</time></trkpt><trkpt lat="42.557601" lon="44.523935"><ele>2202.532477</ele><time>2026-07-11T07:50:20.000Z</time></trkpt><trkpt lat="42.557604" lon="44.523934"><ele>2202.558862</ele><time>2026-07-11T07:50:26.000Z</time></trkpt><trkpt lat="42.557608" lon="44.523935"><ele>2202.593601</ele><time>2026-07-11T07:50:30.000Z</time></trkpt><trkpt lat="42.557616" lon="44.523937"><ele>2202.663079</ele><time>2026-07-11T07:50:45.000Z</time></trkpt><trkpt lat="42.557615" lon="44.523932"><ele>2202.695674</ele><time>2026-07-11T07:50:50.000Z</time></trkpt><trkpt lat="42.557613" lon="44.523935"><ele>2202.721131</ele><time>2026-07-11T07:50:51.000Z</time></trkpt><trkpt lat="42.55761" lon="44.523935"><ele>2202.746754</ele><time>2026-07-11T07:50:55.000Z</time></trkpt><trkpt lat="42.557625" lon="44.523942"><ele>2202.882229</ele><time>2026-07-11T07:51:06.000Z</time></trkpt><trkpt lat="42.557621" lon="44.523935"><ele>2202.937967</ele><time>2026-07-11T07:51:14.000Z</time></trkpt><trkpt lat="42.557618" lon="44.523929"><ele>2202.98359</ele><time>2026-07-11T07:51:23.000Z</time></trkpt><trkpt lat="42.557619" lon="44.523934"><ele>2203.016186</ele><time>2026-07-11T07:51:25.000Z</time></trkpt><trkpt lat="42.557614" lon="44.523941"><ele>2203.077531</ele><time>2026-07-11T07:51:26.000Z</time></trkpt><trkpt lat="42.557623" lon="44.523967"><ele>2203.258269</ele><time>2026-07-11T07:51:35.000Z</time></trkpt><trkpt lat="42.557636" lon="44.523963"><ele>2203.37212</ele><time>2026-07-11T07:51:46.000Z</time></trkpt><trkpt lat="42.557649" lon="44.523959"><ele>2203.48597</ele><time>2026-07-11T07:51:53.000Z</time></trkpt><trkpt lat="42.557648" lon="44.523959"><ele>2203.494511</ele><time>2026-07-11T07:52:03.000Z</time></trkpt><trkpt lat="42.557662" lon="44.523988"><ele>2203.712654</ele><time>2026-07-11T07:52:11.000Z</time></trkpt><trkpt lat="42.557688" lon="44.524011"><ele>2203.977708</ele><time>2026-07-11T07:52:16.000Z</time></trkpt><trkpt lat="42.557697" lon="44.52402"><ele>2204.073181</ele><time>2026-07-11T07:52:17.000Z</time></trkpt><trkpt lat="42.557743" lon="44.524047"><ele>2204.720073</ele><time>2026-07-11T07:52:23.000Z</time></trkpt><trkpt lat="42.557745" lon="44.52405"><ele>2204.765031</ele><time>2026-07-11T07:52:30.000Z</time></trkpt><trkpt lat="42.557745" lon="44.52405"><ele>2204.765031</ele><time>2026-07-11T07:52:34.000Z</time></trkpt><trkpt lat="42.557754" lon="44.524049"><ele>2204.901243</ele><time>2026-07-11T07:52:40.000Z</time></trkpt><trkpt lat="42.557764" lon="44.524066"><ele>2205.142969</ele><time>2026-07-11T07:52:47.000Z</time></trkpt><trkpt lat="42.557774" lon="44.524071"><ele>2205.303716</ele><time>2026-07-11T07:52:48.000Z</time></trkpt><trkpt lat="42.557844" lon="44.524096"><ele>2206.395538</ele><time>2026-07-11T07:52:55.000Z</time></trkpt><trkpt lat="42.55785" lon="44.524098"><ele>2206.488731</ele><time>2026-07-11T07:52:56.000Z</time></trkpt><trkpt lat="42.557881" lon="44.524106"><ele>2206.964715</ele><time>2026-07-11T07:53:00.000Z</time></trkpt><trkpt lat="42.557891" lon="44.524112"><ele>2207.129632</ele><time>2026-07-11T07:53:02.000Z</time></trkpt><trkpt lat="42.557911" lon="44.524127"><ele>2207.474292</ele><time>2026-07-11T07:53:08.000Z</time></trkpt><trkpt lat="42.55791" lon="44.524134"><ele>2207.553518</ele><time>2026-07-11T07:53:15.000Z</time></trkpt><trkpt lat="42.557895" lon="44.524129"><ele>2207.786502</ele><time>2026-07-11T07:53:23.000Z</time></trkpt><trkpt lat="42.557922" lon="44.524141"><ele>2208.215045</ele><time>2026-07-11T07:53:28.000Z</time></trkpt><trkpt lat="42.557926" lon="44.524145"><ele>2208.289983</ele><time>2026-07-11T07:53:29.000Z</time></trkpt><trkpt lat="42.557987" lon="44.524189"><ele>2209.331932</ele><time>2026-07-11T07:53:37.000Z</time></trkpt><trkpt lat="42.558002" lon="44.524205"><ele>2209.61968</ele><time>2026-07-11T07:53:39.000Z</time></trkpt><trkpt lat="42.55803" lon="44.524252"><ele>2210.291315</ele><time>2026-07-11T07:53:44.000Z</time></trkpt><trkpt lat="42.558037" lon="44.52426"><ele>2210.429337</ele><time>2026-07-11T07:53:45.000Z</time></trkpt><trkpt lat="42.558082" lon="44.524315"><ele>2211.342683</ele><time>2026-07-11T07:53:52.000Z</time></trkpt><trkpt lat="42.558127" lon="44.524389"><ele>2212.408882</ele><time>2026-07-11T07:53:59.000Z</time></trkpt><trkpt lat="42.558133" lon="44.524397"><ele>2212.535737</ele><time>2026-07-11T07:54:00.000Z</time></trkpt><trkpt lat="42.558161" lon="44.524433"><ele>2213.117442</ele><time>2026-07-11T07:54:06.000Z</time></trkpt><trkpt lat="42.558164" lon="44.524439"><ele>2213.198015</ele><time>2026-07-11T07:54:07.000Z</time></trkpt><trkpt lat="42.558183" lon="44.524512"><ele>2214.058257</ele><time>2026-07-11T07:54:14.000Z</time></trkpt><trkpt lat="42.558188" lon="44.524558"><ele>2214.574893</ele><time>2026-07-11T07:54:19.000Z</time></trkpt><trkpt lat="42.55819" lon="44.524579"><ele>2214.810164</ele><time>2026-07-11T07:54:21.000Z</time></trkpt><trkpt lat="42.558196" lon="44.524624"><ele>2215.31828</ele><time>2026-07-11T07:54:25.000Z</time></trkpt><trkpt lat="42.558215" lon="44.524662"><ele>2215.828578</ele><time>2026-07-11T07:54:29.000Z</time></trkpt><trkpt lat="42.558228" lon="44.524713"><ele>2216.428204</ele><time>2026-07-11T07:54:35.000Z</time></trkpt><trkpt lat="42.558226" lon="44.524731"><ele>2216.630463</ele><time>2026-07-11T07:54:37.000Z</time></trkpt><trkpt lat="42.558245" lon="44.524766"><ele>2217.113545</ele><time>2026-07-11T07:54:42.000Z</time></trkpt><trkpt lat="42.558259" lon="44.524778"><ele>2217.363292</ele><time>2026-07-11T07:54:44.000Z</time></trkpt><trkpt lat="42.558291" lon="44.524823"><ele>2218.058262</ele><time>2026-07-11T07:54:50.000Z</time></trkpt><trkpt lat="42.558292" lon="44.524841"><ele>2218.258826</ele><time>2026-07-11T07:54:52.000Z</time></trkpt><trkpt lat="42.558287" lon="44.524862"><ele>2218.504041</ele><time>2026-07-11T07:54:55.000Z</time></trkpt><trkpt lat="42.558286" lon="44.524874"><ele>2218.638222</ele><time>2026-07-11T07:54:56.000Z</time></trkpt><trkpt lat="42.558284" lon="44.524905"><ele>2218.983978</ele><time>2026-07-11T07:54:59.000Z</time></trkpt><trkpt lat="42.558274" lon="44.524961"><ele>2219.624211</ele><time>2026-07-11T07:55:03.000Z</time></trkpt><trkpt lat="42.558273" lon="44.524972"><ele>2219.747358</ele><time>2026-07-11T07:55:04.000Z</time></trkpt><trkpt lat="42.558297" lon="44.525058"><ele>2220.769174</ele><time>2026-07-11T07:55:13.000Z</time></trkpt><trkpt lat="42.558305" lon="44.525088"><ele>2221.123672</ele><time>2026-07-11T07:55:20.000Z</time></trkpt><trkpt lat="42.558314" lon="44.525098"><ele>2221.299101</ele><time>2026-07-11T07:55:27.000Z</time></trkpt><trkpt lat="42.558321" lon="44.525113"><ele>2221.496397</ele><time>2026-07-11T07:55:29.000Z</time></trkpt><trkpt lat="42.558334" lon="44.525166"><ele>2222.117064</ele><time>2026-07-11T07:55:34.000Z</time></trkpt><trkpt lat="42.558349" lon="44.525189"><ele>2222.458387</ele><time>2026-07-11T07:55:37.000Z</time></trkpt><trkpt lat="42.558353" lon="44.525196"><ele>2222.556823</ele><time>2026-07-11T07:55:38.000Z</time></trkpt><trkpt lat="42.558364" lon="44.525236"><ele>2223.031221</ele><time>2026-07-11T07:55:42.000Z</time></trkpt><trkpt lat="42.55836" lon="44.525268"><ele>2223.391852</ele><time>2026-07-11T07:55:45.000Z</time></trkpt><trkpt lat="42.558352" lon="44.525311"><ele>2223.884624</ele><time>2026-07-11T07:55:48.000Z</time></trkpt><trkpt lat="42.558353" lon="44.525339"><ele>2224.196093</ele><time>2026-07-11T07:55:50.000Z</time></trkpt><trkpt lat="42.558353" lon="44.52543"><ele>2225.207182</ele><time>2026-07-11T07:55:57.000Z</time></trkpt><trkpt lat="42.558353" lon="44.525482"><ele>2225.784947</ele><time>2026-07-11T07:56:01.000Z</time></trkpt><trkpt lat="42.558347" lon="44.525528"><ele>2226.303999</ele><time>2026-07-11T07:56:05.000Z</time></trkpt><trkpt lat="42.558341" lon="44.525581"><ele>2226.899789</ele><time>2026-07-11T07:56:09.000Z</time></trkpt><trkpt lat="42.558321" lon="44.525622"><ele>2227.446173</ele><time>2026-07-11T07:56:13.000Z</time></trkpt><trkpt lat="42.558316" lon="44.525656"><ele>2227.831398</ele><time>2026-07-11T07:56:16.000Z</time></trkpt><trkpt lat="42.558312" lon="44.525686"><ele>2228.170141</ele><time>2026-07-11T07:56:19.000Z</time></trkpt><trkpt lat="42.558317" lon="44.525688"><ele>2228.248768</ele><time>2026-07-11T07:56:20.000Z</time></trkpt><trkpt lat="42.558315" lon="44.525733"><ele>2228.749667</ele><time>2026-07-11T07:56:25.000Z</time></trkpt><trkpt lat="42.558313" lon="44.525753"><ele>2228.973923</ele><time>2026-07-11T07:56:27.000Z</time></trkpt><trkpt lat="42.558312" lon="44.525798"><ele>2229.474139</ele><time>2026-07-11T07:56:31.000Z</time></trkpt><trkpt lat="42.558309" lon="44.525816"><ele>2229.679191</ele><time>2026-07-11T07:56:33.000Z</time></trkpt><trkpt lat="42.558311" lon="44.525868"><ele>2230.257743</ele><time>2026-07-11T07:56:38.000Z</time></trkpt><trkpt lat="42.55831" lon="44.525898"><ele>2230.591411</ele><time>2026-07-11T07:56:41.000Z</time></trkpt><trkpt lat="42.558301" lon="44.525939"><ele>2231.066755</ele><time>2026-07-11T07:56:45.000Z</time></trkpt><trkpt lat="42.558296" lon="44.525988"><ele>2231.666012</ele><time>2026-07-11T07:56:50.000Z</time></trkpt><trkpt lat="42.558293" lon="44.526026"><ele>2232.16877</ele><time>2026-07-11T07:56:53.000Z</time></trkpt><trkpt lat="42.558298" lon="44.526062"><ele>2232.650699</ele><time>2026-07-11T07:56:57.000Z</time></trkpt><trkpt lat="42.558293" lon="44.526098"><ele>2233.132628</ele><time>2026-07-11T07:57:00.000Z</time></trkpt><trkpt lat="42.558283" lon="44.526142"><ele>2233.738379</ele><time>2026-07-11T07:57:04.000Z</time></trkpt><trkpt lat="42.558282" lon="44.52617"><ele>2234.107155</ele><time>2026-07-11T07:57:07.000Z</time></trkpt><trkpt lat="42.558289" lon="44.526212"><ele>2234.673637</ele><time>2026-07-11T07:57:12.000Z</time></trkpt><trkpt lat="42.55829" lon="44.526235"><ele>2234.976731</ele><time>2026-07-11T07:57:14.000Z</time></trkpt><trkpt lat="42.558275" lon="44.526296"><ele>2235.822728</ele><time>2026-07-11T07:57:20.000Z</time></trkpt><trkpt lat="42.558275" lon="44.526318"><ele>2236.112141</ele><time>2026-07-11T07:57:22.000Z</time></trkpt><trkpt lat="42.558274" lon="44.526354"><ele>2236.586062</ele><time>2026-07-11T07:57:26.000Z</time></trkpt><trkpt lat="42.558279" lon="44.526403"><ele>2237.236818</ele><time>2026-07-11T07:57:30.000Z</time></trkpt><trkpt lat="42.558275" lon="44.526433"><ele>2237.637885</ele><time>2026-07-11T07:57:33.000Z</time></trkpt><trkpt lat="42.558261" lon="44.526463"><ele>2238.105077</ele><time>2026-07-11T07:57:37.000Z</time></trkpt><trkpt lat="42.558255" lon="44.526534"><ele>2239.045217</ele><time>2026-07-11T07:57:45.000Z</time></trkpt><trkpt lat="42.558252" lon="44.526541"><ele>2239.151755</ele><time>2026-07-11T07:57:46.000Z</time></trkpt><trkpt lat="42.558259" lon="44.52658"><ele>2239.679817</ele><time>2026-07-11T07:57:52.000Z</time></trkpt><trkpt lat="42.558258" lon="44.526592"><ele>2239.838686</ele><time>2026-07-11T07:57:53.000Z</time></trkpt><trkpt lat="42.558252" lon="44.526641"><ele>2240.492132</ele><time>2026-07-11T07:58:00.000Z</time></trkpt><trkpt lat="42.558254" lon="44.526666"><ele>2240.822944</ele><time>2026-07-11T07:58:03.000Z</time></trkpt><trkpt lat="42.558257" lon="44.526696"><ele>2241.221218</ele><time>2026-07-11T07:58:06.000Z</time></trkpt><trkpt lat="42.558251" lon="44.526723"><ele>2241.592219</ele><time>2026-07-11T07:58:09.000Z</time></trkpt><trkpt lat="42.558254" lon="44.526746"><ele>2241.899494</ele><time>2026-07-11T07:58:12.000Z</time></trkpt><trkpt lat="42.558245" lon="44.526778"><ele>2242.3501</ele><time>2026-07-11T07:58:15.000Z</time></trkpt><trkpt lat="42.558241" lon="44.526814"><ele>2242.829043</ele><time>2026-07-11T07:58:19.000Z</time></trkpt><trkpt lat="42.558238" lon="44.526842"><ele>2243.201262</ele><time>2026-07-11T07:58:23.000Z</time></trkpt><trkpt lat="42.558234" lon="44.526862"><ele>2243.473891</ele><time>2026-07-11T07:58:25.000Z</time></trkpt><trkpt lat="42.558226" lon="44.526904"><ele>2244.04458</ele><time>2026-07-11T07:58:31.000Z</time></trkpt><trkpt lat="42.558227" lon="44.526932"><ele>2244.413357</ele><time>2026-07-11T07:58:34.000Z</time></trkpt><trkpt lat="42.558235" lon="44.526997"><ele>2245.280294</ele><time>2026-07-11T07:58:41.000Z</time></trkpt><trkpt lat="42.55824" lon="44.527023"><ele>2245.633792</ele><time>2026-07-11T07:58:43.000Z</time></trkpt><trkpt lat="42.55824" lon="44.527071"><ele>2246.265238</ele><time>2026-07-11T07:58:49.000Z</time></trkpt><trkpt lat="42.558242" lon="44.527093"><ele>2246.556847</ele><time>2026-07-11T07:58:51.000Z</time></trkpt><trkpt lat="42.558249" lon="44.527144"><ele>2247.239306</ele><time>2026-07-11T07:58:57.000Z</time></trkpt><trkpt lat="42.558251" lon="44.527155"><ele>2247.388356</ele><time>2026-07-11T07:58:58.000Z</time></trkpt><trkpt lat="42.558252" lon="44.527228"><ele>2248.348845</ele><time>2026-07-11T07:59:05.000Z</time></trkpt><trkpt lat="42.558249" lon="44.527241"><ele>2248.528058</ele><time>2026-07-11T07:59:07.000Z</time></trkpt><trkpt lat="42.558247" lon="44.527268"><ele>2248.885038</ele><time>2026-07-11T07:59:10.000Z</time></trkpt><trkpt lat="42.558246" lon="44.527299"><ele>2249.293238</ele><time>2026-07-11T07:59:13.000Z</time></trkpt><trkpt lat="42.558228" lon="44.527357"><ele>2250.121192</ele><time>2026-07-11T07:59:20.000Z</time></trkpt><trkpt lat="42.558228" lon="44.527364"><ele>2250.213278</ele><time>2026-07-11T07:59:21.000Z</time></trkpt><trkpt lat="42.558224" lon="44.527443"><ele>2251.254985</ele><time>2026-07-11T07:59:29.000Z</time></trkpt><trkpt lat="42.558224" lon="44.527451"><ele>2251.360226</ele><time>2026-07-11T07:59:30.000Z</time></trkpt><trkpt lat="42.55822" lon="44.527483"><ele>2251.787209</ele><time>2026-07-11T07:59:33.000Z</time></trkpt><trkpt lat="42.558214" lon="44.52752"><ele>2252.285604</ele><time>2026-07-11T07:59:37.000Z</time></trkpt><trkpt lat="42.558206" lon="44.527542"><ele>2252.608363</ele><time>2026-07-11T07:59:39.000Z</time></trkpt><trkpt lat="42.55819" lon="44.527604"><ele>2253.47259</ele><time>2026-07-11T07:59:45.000Z</time></trkpt><trkpt lat="42.558178" lon="44.52764"><ele>2253.99241</ele><time>2026-07-11T07:59:49.000Z</time></trkpt><trkpt lat="42.558163" lon="44.527671"><ele>2254.480339</ele><time>2026-07-11T07:59:52.000Z</time></trkpt><trkpt lat="42.558149" lon="44.527748"><ele>2255.523687</ele><time>2026-07-11T08:00:00.000Z</time></trkpt><trkpt lat="42.558142" lon="44.527805"><ele>2256.28388</ele><time>2026-07-11T08:00:06.000Z</time></trkpt><trkpt lat="42.55814" lon="44.527826"><ele>2256.562438</ele><time>2026-07-11T08:00:08.000Z</time></trkpt><trkpt lat="42.558132" lon="44.527894"><ele>2257.468326</ele><time>2026-07-11T08:00:13.000Z</time></trkpt><trkpt lat="42.558138" lon="44.527926"><ele>2257.902715</ele><time>2026-07-11T08:00:16.000Z</time></trkpt><trkpt lat="42.558137" lon="44.527984"><ele>2258.665922</ele><time>2026-07-11T08:00:22.000Z</time></trkpt><trkpt lat="42.558131" lon="44.528049"><ele>2259.527695</ele><time>2026-07-11T08:00:29.000Z</time></trkpt><trkpt lat="42.558117" lon="44.528132"><ele>2260.647834</ele><time>2026-07-11T08:00:38.000Z</time></trkpt><trkpt lat="42.558128" lon="44.528173"><ele>2261.221859</ele><time>2026-07-11T08:00:45.000Z</time></trkpt><trkpt lat="42.558132" lon="44.528186"><ele>2261.407197</ele><time>2026-07-11T08:00:47.000Z</time></trkpt><trkpt lat="42.558144" lon="44.528229"><ele>2262.012106</ele><time>2026-07-11T08:00:52.000Z</time></trkpt><trkpt lat="42.558152" lon="44.528236"><ele>2262.182086</ele><time>2026-07-11T08:00:54.000Z</time></trkpt><trkpt lat="42.55816" lon="44.528285"><ele>2262.842332</ele><time>2026-07-11T08:00:59.000Z</time></trkpt><trkpt lat="42.558158" lon="44.5283"><ele>2263.042866</ele><time>2026-07-11T08:01:01.000Z</time></trkpt><trkpt lat="42.558146" lon="44.528365"><ele>2263.823216</ele><time>2026-07-11T08:01:07.000Z</time></trkpt><trkpt lat="42.558139" lon="44.528413"><ele>2264.323739</ele><time>2026-07-11T08:01:12.000Z</time></trkpt><trkpt lat="42.558131" lon="44.528435"><ele>2264.574706</ele><time>2026-07-11T08:01:14.000Z</time></trkpt><trkpt lat="42.558112" lon="44.528502"><ele>2265.309086</ele><time>2026-07-11T08:01:22.000Z</time></trkpt><trkpt lat="42.55811" lon="44.528563"><ele>2265.933673</ele><time>2026-07-11T08:01:29.000Z</time></trkpt><trkpt lat="42.558108" lon="44.528574"><ele>2266.049569</ele><time>2026-07-11T08:01:30.000Z</time></trkpt><trkpt lat="42.558098" lon="44.528651"><ele>2266.849352</ele><time>2026-07-11T08:01:39.000Z</time></trkpt><trkpt lat="42.55809" lon="44.528707"><ele>2267.43285</ele><time>2026-07-11T08:01:44.000Z</time></trkpt><trkpt lat="42.5581" lon="44.528748"><ele>2267.874633</ele><time>2026-07-11T08:01:49.000Z</time></trkpt><trkpt lat="42.558107" lon="44.528806"><ele>2268.475827</ele><time>2026-07-11T08:01:57.000Z</time></trkpt><trkpt lat="42.558103" lon="44.528837"><ele>2268.797755</ele><time>2026-07-11T08:02:01.000Z</time></trkpt><trkpt lat="42.558103" lon="44.528863"><ele>2269.063709</ele><time>2026-07-11T08:02:04.000Z</time></trkpt><trkpt lat="42.558103" lon="44.528873"><ele>2269.166</ele><time>2026-07-11T08:02:06.000Z</time></trkpt><trkpt lat="42.558108" lon="44.528938"><ele>2269.834501</ele><time>2026-07-11T08:02:15.000Z</time></trkpt><trkpt lat="42.558108" lon="44.528948"><ele>2269.936791</ele><time>2026-07-11T08:02:16.000Z</time></trkpt><trkpt lat="42.558109" lon="44.529005"><ele>2270.52001</ele><time>2026-07-11T08:02:23.000Z</time></trkpt><trkpt lat="42.558114" lon="44.529023"><ele>2270.71679</ele><time>2026-07-11T08:02:26.000Z</time></trkpt><trkpt lat="42.558151" lon="44.52915"><ele>2272.113796</ele><time>2026-07-11T08:02:36.000Z</time></trkpt><trkpt lat="42.558164" lon="44.529243"><ele>2273.082072</ele><time>2026-07-11T08:02:43.000Z</time></trkpt><trkpt lat="42.558159" lon="44.52927"><ele>2273.36685</ele><time>2026-07-11T08:02:45.000Z</time></trkpt><trkpt lat="42.558146" lon="44.529318"><ele>2273.889979</ele><time>2026-07-11T08:02:49.000Z</time></trkpt><trkpt lat="42.55814" lon="44.529352"><ele>2274.247607</ele><time>2026-07-11T08:02:52.000Z</time></trkpt><trkpt lat="42.558133" lon="44.529393"><ele>2274.678115</ele><time>2026-07-11T08:02:56.000Z</time></trkpt><trkpt lat="42.558129" lon="44.529413"><ele>2274.890102</ele><time>2026-07-11T08:02:58.000Z</time></trkpt><trkpt lat="42.558116" lon="44.529475"><ele>2275.549495</ele><time>2026-07-11T08:03:04.000Z</time></trkpt><trkpt lat="42.558111" lon="44.529498"><ele>2275.794795</ele><time>2026-07-11T08:03:06.000Z</time></trkpt><trkpt lat="42.558066" lon="44.529553"><ele>2276.635645</ele><time>2026-07-11T08:03:13.000Z</time></trkpt><trkpt lat="42.558058" lon="44.529614"><ele>2277.269428</ele><time>2026-07-11T08:03:18.000Z</time></trkpt><trkpt lat="42.558056" lon="44.529634"><ele>2277.475885</ele><time>2026-07-11T08:03:20.000Z</time></trkpt><trkpt lat="42.558038" lon="44.529709"><ele>2278.282757</ele><time>2026-07-11T08:03:27.000Z</time></trkpt><trkpt lat="42.558031" lon="44.529806"><ele>2279.279723</ele><time>2026-07-11T08:03:35.000Z</time></trkpt><trkpt lat="42.558034" lon="44.529816"><ele>2279.390172</ele><time>2026-07-11T08:03:36.000Z</time></trkpt><trkpt lat="42.558047" lon="44.529908"><ele>2280.348402</ele><time>2026-07-11T08:03:44.000Z</time></trkpt><trkpt lat="42.558049" lon="44.529921"><ele>2280.484248</ele><time>2026-07-11T08:03:45.000Z</time></trkpt><trkpt lat="42.558059" lon="44.529932"><ele>2280.662981</ele><time>2026-07-11T08:03:47.000Z</time></trkpt><trkpt lat="42.558072" lon="44.52996"><ele>2281.001542</ele><time>2026-07-11T08:03:50.000Z</time></trkpt><trkpt lat="42.558073" lon="44.529972"><ele>2281.125073</ele><time>2026-07-11T08:03:51.000Z</time></trkpt><trkpt lat="42.55808" lon="44.530035"><ele>2281.776791</ele><time>2026-07-11T08:03:58.000Z</time></trkpt><trkpt lat="42.558085" lon="44.530041"><ele>2281.869463</ele><time>2026-07-11T08:03:59.000Z</time></trkpt><trkpt lat="42.558102" lon="44.530098"><ele>2282.498497</ele><time>2026-07-11T08:04:05.000Z</time></trkpt><trkpt lat="42.558107" lon="44.5302"><ele>2283.544164</ele><time>2026-07-11T08:04:13.000Z</time></trkpt><trkpt lat="42.558106" lon="44.53022"><ele>2283.749215</ele><time>2026-07-11T08:04:15.000Z</time></trkpt><trkpt lat="42.558111" lon="44.53028"><ele>2284.366871</ele><time>2026-07-11T08:04:20.000Z</time></trkpt><trkpt lat="42.558109" lon="44.530309"><ele>2284.66481</ele><time>2026-07-11T08:04:22.000Z</time></trkpt><trkpt lat="42.558105" lon="44.530331"><ele>2284.896603</ele><time>2026-07-11T08:04:24.000Z</time></trkpt><trkpt lat="42.558099" lon="44.530373"><ele>2285.334226</ele><time>2026-07-11T08:04:27.000Z</time></trkpt><trkpt lat="42.558093" lon="44.530377"><ele>2285.427052</ele><time>2026-07-11T08:04:32.000Z</time></trkpt><trkpt lat="42.558098" lon="44.530402"><ele>2285.692036</ele><time>2026-07-11T08:04:41.000Z</time></trkpt><trkpt lat="42.558099" lon="44.53042"><ele>2285.876682</ele><time>2026-07-11T08:04:43.000Z</time></trkpt><trkpt lat="42.558092" lon="44.530515"><ele>2286.853288</ele><time>2026-07-11T08:04:52.000Z</time></trkpt><trkpt lat="42.558101" lon="44.530574"><ele>2287.469605</ele><time>2026-07-11T08:04:59.000Z</time></trkpt><trkpt lat="42.558098" lon="44.530652"><ele>2288.268555</ele><time>2026-07-11T08:05:06.000Z</time></trkpt><trkpt lat="42.558101" lon="44.530688"><ele>2288.557607</ele><time>2026-07-11T08:05:09.000Z</time></trkpt><trkpt lat="42.558096" lon="44.530737"><ele>2288.848686</ele><time>2026-07-11T08:05:13.000Z</time></trkpt><trkpt lat="42.558103" lon="44.530797"><ele>2289.20614</ele><time>2026-07-11T08:05:19.000Z</time></trkpt><trkpt lat="42.558106" lon="44.53083"><ele>2289.401792</ele><time>2026-07-11T08:05:22.000Z</time></trkpt><trkpt lat="42.558104" lon="44.530877"><ele>2289.678811</ele><time>2026-07-11T08:05:26.000Z</time></trkpt><trkpt lat="42.558098" lon="44.530925"><ele>2289.965291</ele><time>2026-07-11T08:05:30.000Z</time></trkpt><trkpt lat="42.558095" lon="44.53098"><ele>2290.289809</ele><time>2026-07-11T08:05:35.000Z</time></trkpt><trkpt lat="42.558092" lon="44.531001"><ele>2290.41568</ele><time>2026-07-11T08:05:37.000Z</time></trkpt><trkpt lat="42.558092" lon="44.531066"><ele>2290.798153</ele><time>2026-07-11T08:05:43.000Z</time></trkpt><trkpt lat="42.558096" lon="44.531077"><ele>2290.870337</ele><time>2026-07-11T08:05:45.000Z</time></trkpt><trkpt lat="42.55811" lon="44.531115"><ele>2291.120347</ele><time>2026-07-11T08:05:49.000Z</time></trkpt><trkpt lat="42.558122" lon="44.53117"><ele>2291.457877</ele><time>2026-07-11T08:05:53.000Z</time></trkpt><trkpt lat="42.558128" lon="44.531213"><ele>2291.715398</ele><time>2026-07-11T08:05:56.000Z</time></trkpt><trkpt lat="42.558127" lon="44.53128"><ele>2292.109721</ele><time>2026-07-11T08:06:01.000Z</time></trkpt><trkpt lat="42.558128" lon="44.53132"><ele>2292.345224</ele><time>2026-07-11T08:06:04.000Z</time></trkpt><trkpt lat="42.558134" lon="44.53136"><ele>2292.585423</ele><time>2026-07-11T08:06:08.000Z</time></trkpt><trkpt lat="42.558146" lon="44.531394"><ele>2292.807267</ele><time>2026-07-11T08:06:11.000Z</time></trkpt><trkpt lat="42.55815" lon="44.531446"><ele>2293.11491</ele><time>2026-07-11T08:06:15.000Z</time></trkpt><trkpt lat="42.558143" lon="44.531472"><ele>2293.277798</ele><time>2026-07-11T08:06:17.000Z</time></trkpt><trkpt lat="42.558111" lon="44.531532"><ele>2293.713679</ele><time>2026-07-11T08:06:22.000Z</time></trkpt><trkpt lat="42.558079" lon="44.531602"><ele>2294.198451</ele><time>2026-07-11T08:06:29.000Z</time></trkpt><trkpt lat="42.558064" lon="44.531703"><ele>2294.804716</ele><time>2026-07-11T08:06:36.000Z</time></trkpt><trkpt lat="42.558052" lon="44.531741"><ele>2295.047999</ele><time>2026-07-11T08:06:39.000Z</time></trkpt><trkpt lat="42.558023" lon="44.531782"><ele>2295.382471</ele><time>2026-07-11T08:06:44.000Z</time></trkpt><trkpt lat="42.557999" lon="44.531826"><ele>2295.704634</ele><time>2026-07-11T08:06:48.000Z</time></trkpt><trkpt lat="42.557963" lon="44.531853"><ele>2296.033184</ele><time>2026-07-11T08:06:51.000Z</time></trkpt><trkpt lat="42.557912" lon="44.531929"><ele>2296.63814</ele><time>2026-07-11T08:06:58.000Z</time></trkpt><trkpt lat="42.557906" lon="44.53194"><ele>2296.718681</ele><time>2026-07-11T08:06:59.000Z</time></trkpt><trkpt lat="42.557873" lon="44.532018"><ele>2297.247971</ele><time>2026-07-11T08:07:05.000Z</time></trkpt><trkpt lat="42.557863" lon="44.532044"><ele>2297.420562</ele><time>2026-07-11T08:07:07.000Z</time></trkpt><trkpt lat="42.557824" lon="44.53216"><ele>2298.170872</ele><time>2026-07-11T08:07:15.000Z</time></trkpt><trkpt lat="42.557792" lon="44.532299"><ele>2299.027798</ele><time>2026-07-11T08:07:25.000Z</time></trkpt><trkpt lat="42.557762" lon="44.532413"><ele>2299.740125</ele><time>2026-07-11T08:07:33.000Z</time></trkpt><trkpt lat="42.557751" lon="44.532456"><ele>2300.007972</ele><time>2026-07-11T08:07:36.000Z</time></trkpt><trkpt lat="42.557711" lon="44.532534"><ele>2300.56722</ele><time>2026-07-11T08:07:42.000Z</time></trkpt><trkpt lat="42.557682" lon="44.532573"><ele>2300.893306</ele><time>2026-07-11T08:07:46.000Z</time></trkpt><trkpt lat="42.557676" lon="44.532594"><ele>2301.025846</ele><time>2026-07-11T08:07:48.000Z</time></trkpt><trkpt lat="42.557674" lon="44.532607"><ele>2301.103992</ele><time>2026-07-11T08:07:49.000Z</time></trkpt><trkpt lat="42.557673" lon="44.532704"><ele>2301.67482</ele><time>2026-07-11T08:07:56.000Z</time></trkpt><trkpt lat="42.55769" lon="44.5328"><ele>2302.255802</ele><time>2026-07-11T08:08:03.000Z</time></trkpt><trkpt lat="42.557698" lon="44.532843"><ele>2302.516771</ele><time>2026-07-11T08:08:06.000Z</time></trkpt><trkpt lat="42.557673" lon="44.532916"><ele>2302.89923</ele><time>2026-07-11T08:08:12.000Z</time></trkpt><trkpt lat="42.557645" lon="44.53303"><ele>2303.237593</ele><time>2026-07-11T08:08:20.000Z</time></trkpt><trkpt lat="42.557641" lon="44.533072"><ele>2303.356837</ele><time>2026-07-11T08:08:23.000Z</time></trkpt><trkpt lat="42.557638" lon="44.533144"><ele>2303.559891</ele><time>2026-07-11T08:08:28.000Z</time></trkpt><trkpt lat="42.55764" lon="44.533175"><ele>2303.647511</ele><time>2026-07-11T08:08:30.000Z</time></trkpt><trkpt lat="42.55765" lon="44.533276"><ele>2303.934454</ele><time>2026-07-11T08:08:36.000Z</time></trkpt><trkpt lat="42.557641" lon="44.533351"><ele>2304.148415</ele><time>2026-07-11T08:08:42.000Z</time></trkpt><trkpt lat="42.55763" lon="44.53337"><ele>2304.21646</ele><time>2026-07-11T08:08:44.000Z</time></trkpt><trkpt lat="42.557618" lon="44.533391"><ele>2304.291296</ele><time>2026-07-11T08:08:47.000Z</time></trkpt><trkpt lat="42.557603" lon="44.533427"><ele>2304.407754</ele><time>2026-07-11T08:08:50.000Z</time></trkpt><trkpt lat="42.557598" lon="44.533508"><ele>2304.636625</ele><time>2026-07-11T08:08:56.000Z</time></trkpt><trkpt lat="42.557596" lon="44.533524"><ele>2304.68232</ele><time>2026-07-11T08:08:57.000Z</time></trkpt><trkpt lat="42.557563" lon="44.533614"><ele>2304.965394</ele><time>2026-07-11T08:09:05.000Z</time></trkpt><trkpt lat="42.557542" lon="44.533706"><ele>2305.236591</ele><time>2026-07-11T08:09:12.000Z</time></trkpt><trkpt lat="42.557549" lon="44.533816"><ele>2305.547471</ele><time>2026-07-11T08:09:20.000Z</time></trkpt><trkpt lat="42.557526" lon="44.533927"><ele>2305.872144</ele><time>2026-07-11T08:09:28.000Z</time></trkpt><trkpt lat="42.557475" lon="44.534027"><ele>2306.214617</ele><time>2026-07-11T08:09:36.000Z</time></trkpt><trkpt lat="42.557432" lon="44.53414"><ele>2306.572741</ele><time>2026-07-11T08:09:44.000Z</time></trkpt><trkpt lat="42.557414" lon="44.53423"><ele>2306.835329</ele><time>2026-07-11T08:09:50.000Z</time></trkpt><trkpt lat="42.557366" lon="44.534338"><ele>2307.190492</ele><time>2026-07-11T08:09:58.000Z</time></trkpt><trkpt lat="42.557326" lon="44.534439"><ele>2307.513377</ele><time>2026-07-11T08:10:06.000Z</time></trkpt><trkpt lat="42.557287" lon="44.534521"><ele>2307.788212</ele><time>2026-07-11T08:10:13.000Z</time></trkpt><trkpt lat="42.557278" lon="44.534547"><ele>2307.869101</ele><time>2026-07-11T08:10:15.000Z</time></trkpt><trkpt lat="42.557261" lon="44.534603"><ele>2308.039647</ele><time>2026-07-11T08:10:20.000Z</time></trkpt><trkpt lat="42.557247" lon="44.534649"><ele>2308.17979</ele><time>2026-07-11T08:10:24.000Z</time></trkpt><trkpt lat="42.557241" lon="44.534672"><ele>2308.248493</ele><time>2026-07-11T08:10:26.000Z</time></trkpt><trkpt lat="42.557225" lon="44.534734"><ele>2308.433471</ele><time>2026-07-11T08:10:34.000Z</time></trkpt><trkpt lat="42.557219" lon="44.534736"><ele>2308.457087</ele><time>2026-07-11T08:10:35.000Z</time></trkpt><trkpt lat="42.557228" lon="44.534737"><ele>2308.491605</ele><time>2026-07-11T08:10:40.000Z</time></trkpt><trkpt lat="42.557228" lon="44.534737"><ele>2308.491605</ele><time>2026-07-11T08:10:51.000Z</time></trkpt><trkpt lat="42.557228" lon="44.534737"><ele>2308.491605</ele><time>2026-07-11T08:11:00.000Z</time></trkpt><trkpt lat="42.557228" lon="44.534737"><ele>2308.491605</ele><time>2026-07-11T08:11:09.000Z</time></trkpt><trkpt lat="42.557229" lon="44.534727"><ele>2308.520021</ele><time>2026-07-11T08:11:19.000Z</time></trkpt><trkpt lat="42.557224" lon="44.534736"><ele>2308.551762</ele><time>2026-07-11T08:11:28.000Z</time></trkpt><trkpt lat="42.557228" lon="44.534737"><ele>2308.567309</ele><time>2026-07-11T08:11:36.000Z</time></trkpt><trkpt lat="42.557232" lon="44.534742"><ele>2308.588094</ele><time>2026-07-11T08:11:43.000Z</time></trkpt><trkpt lat="42.557233" lon="44.534733"><ele>2308.613722</ele><time>2026-07-11T08:11:45.000Z</time></trkpt><trkpt lat="42.557235" lon="44.534729"><ele>2308.627334</ele><time>2026-07-11T08:11:53.000Z</time></trkpt><trkpt lat="42.557237" lon="44.53473"><ele>2308.635481</ele><time>2026-07-11T08:11:54.000Z</time></trkpt><trkpt lat="42.557236" lon="44.53474"><ele>2308.663897</ele><time>2026-07-11T08:11:56.000Z</time></trkpt><trkpt lat="42.557237" lon="44.534746"><ele>2308.681218</ele><time>2026-07-11T08:12:03.000Z</time></trkpt><trkpt lat="42.557228" lon="44.534737"><ele>2308.723947</ele><time>2026-07-11T08:12:13.000Z</time></trkpt><trkpt lat="42.557232" lon="44.534747"><ele>2308.755988</ele><time>2026-07-11T08:12:16.000Z</time></trkpt><trkpt lat="42.557228" lon="44.534737"><ele>2308.788029</ele><time>2026-07-11T08:12:24.000Z</time></trkpt><trkpt lat="42.557228" lon="44.534737"><ele>2308.788029</ele><time>2026-07-11T08:12:28.000Z</time></trkpt><trkpt lat="42.557225" lon="44.534749"><ele>2308.82371</ele><time>2026-07-11T08:13:11.000Z</time></trkpt><trkpt lat="42.557222" lon="44.534734"><ele>2308.867475</ele><time>2026-07-11T08:13:19.000Z</time></trkpt><trkpt lat="42.557228" lon="44.534737"><ele>2308.891917</ele><time>2026-07-11T08:13:34.000Z</time></trkpt><trkpt lat="42.557224" lon="44.534746"><ele>2308.921514</ele><time>2026-07-11T08:14:06.000Z</time></trkpt><trkpt lat="42.557224" lon="44.534744"><ele>2308.927145</ele><time>2026-07-11T08:14:07.000Z</time></trkpt><trkpt lat="42.557228" lon="44.534737"><ele>2308.952091</ele><time>2026-07-11T08:14:21.000Z</time></trkpt><trkpt lat="42.557228" lon="44.534737"><ele>2308.952091</ele><time>2026-07-11T08:15:29.000Z</time></trkpt><trkpt lat="42.557228" lon="44.534737"><ele>2308.952091</ele><time>2026-07-11T08:15:31.000Z</time></trkpt><trkpt lat="42.557224" lon="44.534755"><ele>2309.00503</ele><time>2026-07-11T08:15:47.000Z</time></trkpt><trkpt lat="42.557224" lon="44.534753"><ele>2309.010661</ele><time>2026-07-11T08:15:48.000Z</time></trkpt><trkpt lat="42.557228" lon="44.534737"><ele>2309.058237</ele><time>2026-07-11T08:16:00.000Z</time></trkpt><trkpt lat="42.557228" lon="44.534737"><ele>2309.058237</ele><time>2026-07-11T08:16:12.000Z</time></trkpt><trkpt lat="42.557228" lon="44.534737"><ele>2309.058237</ele><time>2026-07-11T08:16:24.000Z</time></trkpt><trkpt lat="42.557228" lon="44.534744"><ele>2309.077947</ele><time>2026-07-11T08:16:29.000Z</time></trkpt><trkpt lat="42.557228" lon="44.53474"><ele>2309.089209</ele><time>2026-07-11T08:16:32.000Z</time></trkpt><trkpt lat="42.557228" lon="44.534737"><ele>2309.097657</ele><time>2026-07-11T08:16:43.000Z</time></trkpt><trkpt lat="42.557228" lon="44.534737"><ele>2309.097657</ele><time>2026-07-11T08:16:46.000Z</time></trkpt><trkpt lat="42.557228" lon="44.534737"><ele>2309.097657</ele><time>2026-07-11T08:16:57.000Z</time></trkpt><trkpt lat="42.557228" lon="44.534737"><ele>2309.097657</ele><time>2026-07-11T08:17:23.000Z</time></trkpt><trkpt lat="42.557228" lon="44.534737"><ele>2309.097657</ele><time>2026-07-11T08:17:35.000Z</time></trkpt><trkpt lat="42.557228" lon="44.534737"><ele>2309.097657</ele><time>2026-07-11T08:18:07.000Z</time></trkpt><trkpt lat="42.557217" lon="44.534744"><ele>2309.144095</ele><time>2026-07-11T08:18:24.000Z</time></trkpt><trkpt lat="42.557221" lon="44.534738"><ele>2309.166881</ele><time>2026-07-11T08:18:31.000Z</time></trkpt><trkpt lat="42.557219" lon="44.53474"><ele>2309.176377</ele><time>2026-07-11T08:18:32.000Z</time></trkpt><trkpt lat="42.557217" lon="44.534735"><ele>2309.192397</ele><time>2026-07-11T08:18:34.000Z</time></trkpt><trkpt lat="42.557228" lon="44.534737"><ele>2309.234821</ele><time>2026-07-11T08:18:39.000Z</time></trkpt><trkpt lat="42.557228" lon="44.534737"><ele>2309.234821</ele><time>2026-07-11T08:18:41.000Z</time></trkpt><trkpt lat="42.557221" lon="44.534735"><ele>2309.262165</ele><time>2026-07-11T08:18:49.000Z</time></trkpt><trkpt lat="42.557219" lon="44.534731"><ele>2309.275777</ele><time>2026-07-11T08:18:51.000Z</time></trkpt><trkpt lat="42.557228" lon="44.534737"><ele>2309.314105</ele><time>2026-07-11T08:19:01.000Z</time></trkpt><trkpt lat="42.557228" lon="44.534737"><ele>2309.314105</ele><time>2026-07-11T08:19:07.000Z</time></trkpt><trkpt lat="42.557228" lon="44.534737"><ele>2309.314105</ele><time>2026-07-11T08:19:12.000Z</time></trkpt><trkpt lat="42.557218" lon="44.534727"><ele>2309.361581</ele><time>2026-07-11T08:19:20.000Z</time></trkpt><trkpt lat="42.557217" lon="44.534727"><ele>2309.365404</ele><time>2026-07-11T08:19:21.000Z</time></trkpt><trkpt lat="42.557228" lon="44.534737"><ele>2309.416009</ele><time>2026-07-11T08:19:32.000Z</time></trkpt><trkpt lat="42.557219" lon="44.534729"><ele>2309.457131</ele><time>2026-07-11T08:19:38.000Z</time></trkpt><trkpt lat="42.557217" lon="44.53472"><ele>2309.4836</ele><time>2026-07-11T08:19:49.000Z</time></trkpt><trkpt lat="42.557216" lon="44.534719"><ele>2309.488348</ele><time>2026-07-11T08:19:55.000Z</time></trkpt><trkpt lat="42.557216" lon="44.534719"><ele>2309.488348</ele><time>2026-07-11T08:20:00.000Z</time></trkpt><trkpt lat="42.557216" lon="44.534719"><ele>2309.488348</ele><time>2026-07-11T08:20:13.000Z</time></trkpt><trkpt lat="42.557216" lon="44.534719"><ele>2309.488348</ele><time>2026-07-11T08:20:20.000Z</time></trkpt><trkpt lat="42.557216" lon="44.534719"><ele>2309.488348</ele><time>2026-07-11T08:20:22.000Z</time></trkpt><trkpt lat="42.557216" lon="44.534719"><ele>2309.488348</ele><time>2026-07-11T08:20:31.000Z</time></trkpt><trkpt lat="42.557218" lon="44.53472"><ele>2309.496495</ele><time>2026-07-11T08:20:32.000Z</time></trkpt><trkpt lat="42.557216" lon="44.534719"><ele>2309.504642</ele><time>2026-07-11T08:20:41.000Z</time></trkpt><trkpt lat="42.557216" lon="44.534719"><ele>2309.504642</ele><time>2026-07-11T08:20:51.000Z</time></trkpt><trkpt lat="42.557221" lon="44.53473"><ele>2309.541037</ele><time>2026-07-11T08:21:00.000Z</time></trkpt><trkpt lat="42.557222" lon="44.53473"><ele>2309.54486</ele><time>2026-07-11T08:21:02.000Z</time></trkpt><trkpt lat="42.557222" lon="44.534743"><ele>2309.581464</ele><time>2026-07-11T08:21:12.000Z</time></trkpt><trkpt lat="42.557222" lon="44.534743"><ele>2309.581464</ele><time>2026-07-11T08:21:14.000Z</time></trkpt><trkpt lat="42.557223" lon="44.534728"><ele>2309.623873</ele><time>2026-07-11T08:21:27.000Z</time></trkpt><trkpt lat="42.557222" lon="44.534743"><ele>2309.666281</ele><time>2026-07-11T08:21:42.000Z</time></trkpt><trkpt lat="42.557222" lon="44.534743"><ele>2309.666281</ele><time>2026-07-11T08:21:45.000Z</time></trkpt><trkpt lat="42.557222" lon="44.534743"><ele>2309.666281</ele><time>2026-07-11T08:22:22.000Z</time></trkpt><trkpt lat="42.557213" lon="44.534735"><ele>2309.717924</ele><time>2026-07-11T08:22:31.000Z</time></trkpt><trkpt lat="42.557224" lon="44.53473"><ele>2309.790605</ele><time>2026-07-11T08:22:39.000Z</time></trkpt><trkpt lat="42.557226" lon="44.534732"><ele>2309.806169</ele><time>2026-07-11T08:22:41.000Z</time></trkpt><trkpt lat="42.557228" lon="44.534732"><ele>2309.8187</ele><time>2026-07-11T08:22:43.000Z</time></trkpt><trkpt lat="42.557223" lon="44.534734"><ele>2309.851359</ele><time>2026-07-11T08:22:50.000Z</time></trkpt><trkpt lat="42.557222" lon="44.534743"><ele>2309.893365</ele><time>2026-07-11T08:22:59.000Z</time></trkpt><trkpt lat="42.557222" lon="44.534733"><ele>2309.939517</ele><time>2026-07-11T08:23:07.000Z</time></trkpt><trkpt lat="42.557214" lon="44.534734"><ele>2309.989853</ele><time>2026-07-11T08:23:16.000Z</time></trkpt><trkpt lat="42.557222" lon="44.534743"><ele>2310.054951</ele><time>2026-07-11T08:23:22.000Z</time></trkpt><trkpt lat="42.55722" lon="44.534738"><ele>2310.08121</ele><time>2026-07-11T08:23:41.000Z</time></trkpt><trkpt lat="42.557202" lon="44.534791"><ele>2310.350562</ele><time>2026-07-11T08:23:49.000Z</time></trkpt><trkpt lat="42.557177" lon="44.534837"><ele>2310.614391</ele><time>2026-07-11T08:23:56.000Z</time></trkpt><trkpt lat="42.557178" lon="44.534838"><ele>2310.622173</ele><time>2026-07-11T08:23:58.000Z</time></trkpt><trkpt lat="42.557169" lon="44.534874"><ele>2310.797628</ele><time>2026-07-11T08:24:04.000Z</time></trkpt><trkpt lat="42.557169" lon="44.53489"><ele>2310.871471</ele><time>2026-07-11T08:24:05.000Z</time></trkpt><trkpt lat="42.557172" lon="44.534943"><ele>2311.116797</ele><time>2026-07-11T08:24:10.000Z</time></trkpt><trkpt lat="42.55717" lon="44.534967"><ele>2311.228268</ele><time>2026-07-11T08:24:12.000Z</time></trkpt><trkpt lat="42.557156" lon="44.535025"><ele>2311.509955</ele><time>2026-07-11T08:24:17.000Z</time></trkpt><trkpt lat="42.557145" lon="44.535051"><ele>2311.648334</ele><time>2026-07-11T08:24:19.000Z</time></trkpt><trkpt lat="42.557121" lon="44.535142"><ele>2312.094425</ele><time>2026-07-11T08:24:26.000Z</time></trkpt><trkpt lat="42.557116" lon="44.535226"><ele>2312.483365</ele><time>2026-07-11T08:24:33.000Z</time></trkpt><trkpt lat="42.557112" lon="44.535245"><ele>2312.574564</ele><time>2026-07-11T08:24:35.000Z</time></trkpt><trkpt lat="42.557106" lon="44.53529"><ele>2312.785623</ele><time>2026-07-11T08:24:39.000Z</time></trkpt><trkpt lat="42.557106" lon="44.535346"><ele>2313.044074</ele><time>2026-07-11T08:24:43.000Z</time></trkpt><trkpt lat="42.557105" lon="44.535389"><ele>2313.242626</ele><time>2026-07-11T08:24:46.000Z</time></trkpt><trkpt lat="42.557096" lon="44.535441"><ele>2313.489152</ele><time>2026-07-11T08:24:50.000Z</time></trkpt><trkpt lat="42.55709" lon="44.535461"><ele>2313.588817</ele><time>2026-07-11T08:24:51.000Z</time></trkpt><trkpt lat="42.557088" lon="44.535502"><ele>2313.778455</ele><time>2026-07-11T08:24:54.000Z</time></trkpt><trkpt lat="42.557081" lon="44.535569"><ele>2314.090767</ele><time>2026-07-11T08:24:58.000Z</time></trkpt><trkpt lat="42.557077" lon="44.535711"><ele>2314.746604</ele><time>2026-07-11T08:25:07.000Z</time></trkpt><trkpt lat="42.557078" lon="44.535724"><ele>2314.806928</ele><time>2026-07-11T08:25:08.000Z</time></trkpt><trkpt lat="42.557074" lon="44.535826"><ele>2315.278344</ele><time>2026-07-11T08:25:15.000Z</time></trkpt><trkpt lat="42.557085" lon="44.535896"><ele>2315.608678</ele><time>2026-07-11T08:25:20.000Z</time></trkpt><trkpt lat="42.557086" lon="44.535949"><ele>2315.853363</ele><time>2026-07-11T08:25:24.000Z</time></trkpt><trkpt lat="42.557093" lon="44.536075"><ele>2316.436529</ele><time>2026-07-11T08:25:33.000Z</time></trkpt><trkpt lat="42.557097" lon="44.536129"><ele>2316.687006</ele><time>2026-07-11T08:25:37.000Z</time></trkpt><trkpt lat="42.557102" lon="44.536183"><ele>2316.938188</ele><time>2026-07-11T08:25:41.000Z</time></trkpt><trkpt lat="42.557105" lon="44.536291"><ele>2317.436983</ele><time>2026-07-11T08:25:49.000Z</time></trkpt><trkpt lat="42.557118" lon="44.536375"><ele>2317.833123</ele><time>2026-07-11T08:25:56.000Z</time></trkpt><trkpt lat="42.55712" lon="44.53637"><ele>2317.859382</ele><time>2026-07-11T08:26:00.000Z</time></trkpt><trkpt lat="42.55712" lon="44.536368"><ele>2317.868612</ele><time>2026-07-11T08:26:03.000Z</time></trkpt><trkpt lat="42.557127" lon="44.536382"><ele>2317.946704</ele><time>2026-07-11T08:26:17.000Z</time></trkpt><trkpt lat="42.557107" lon="44.536379"><ele>2318.072777</ele><time>2026-07-11T08:26:27.000Z</time></trkpt><trkpt lat="42.557107" lon="44.53643"><ele>2318.308152</ele><time>2026-07-11T08:26:34.000Z</time></trkpt><trkpt lat="42.557123" lon="44.536531"><ele>2318.784944</ele><time>2026-07-11T08:26:41.000Z</time></trkpt><trkpt lat="42.557141" lon="44.536588"><ele>2319.071166</ele><time>2026-07-11T08:26:45.000Z</time></trkpt><trkpt lat="42.557158" lon="44.536647"><ele>2319.363553</ele><time>2026-07-11T08:26:49.000Z</time></trkpt><trkpt lat="42.557198" lon="44.53673"><ele>2319.821315</ele><time>2026-07-11T08:26:56.000Z</time></trkpt><trkpt lat="42.557231" lon="44.53681"><ele>2320.244481</ele><time>2026-07-11T08:27:02.000Z</time></trkpt><trkpt lat="42.557232" lon="44.53682"><ele>2320.291056</ele><time>2026-07-11T08:27:03.000Z</time></trkpt><trkpt lat="42.557245" lon="44.536844"><ele>2320.428545</ele><time>2026-07-11T08:27:05.000Z</time></trkpt><trkpt lat="42.557266" lon="44.536854"><ele>2320.56798</ele><time>2026-07-11T08:27:09.000Z</time></trkpt><trkpt lat="42.557264" lon="44.536852"><ele>2320.583543</ele><time>2026-07-11T08:27:14.000Z</time></trkpt><trkpt lat="42.557263" lon="44.536851"><ele>2320.591325</ele><time>2026-07-11T08:27:25.000Z</time></trkpt><trkpt lat="42.55727" lon="44.536854"><ele>2320.637317</ele><time>2026-07-11T08:27:29.000Z</time></trkpt><trkpt lat="42.557269" lon="44.536858"><ele>2320.656812</ele><time>2026-07-11T08:27:33.000Z</time></trkpt><trkpt lat="42.557275" lon="44.536853"><ele>2320.700923</ele><time>2026-07-11T08:27:35.000Z</time></trkpt><trkpt lat="42.557275" lon="44.53684"><ele>2320.76092</ele><time>2026-07-11T08:27:42.000Z</time></trkpt><trkpt lat="42.557273" lon="44.536865"><ele>2320.876978</ele><time>2026-07-11T08:27:48.000Z</time></trkpt><trkpt lat="42.557276" lon="44.536871"><ele>2320.910446</ele><time>2026-07-11T08:27:49.000Z</time></trkpt><trkpt lat="42.557281" lon="44.536882"><ele>2320.976249</ele><time>2026-07-11T08:27:50.000Z</time></trkpt><trkpt lat="42.557347" lon="44.536913"><ele>2321.689522</ele><time>2026-07-11T08:27:56.000Z</time></trkpt><trkpt lat="42.557362" lon="44.536913"><ele>2321.842719</ele><time>2026-07-11T08:27:57.000Z</time></trkpt><trkpt lat="42.557409" lon="44.536935"><ele>2322.35047</ele><time>2026-07-11T08:28:02.000Z</time></trkpt><trkpt lat="42.557417" lon="44.536959"><ele>2322.548649</ele><time>2026-07-11T08:28:04.000Z</time></trkpt><trkpt lat="42.55744" lon="44.537023"><ele>2323.084369</ele><time>2026-07-11T08:28:08.000Z</time></trkpt><trkpt lat="42.557446" lon="44.537087"><ele>2323.569726</ele><time>2026-07-11T08:28:12.000Z</time></trkpt><trkpt lat="42.557426" lon="44.537199"><ele>2324.43671</ele><time>2026-07-11T08:28:20.000Z</time></trkpt><trkpt lat="42.55742" lon="44.537212"><ele>2324.552121</ele><time>2026-07-11T08:28:21.000Z</time></trkpt><trkpt lat="42.557386" lon="44.537291"><ele>2325.24045</ele><time>2026-07-11T08:28:27.000Z</time></trkpt><trkpt lat="42.557382" lon="44.5373"><ele>2325.319527</ele><time>2026-07-11T08:28:28.000Z</time></trkpt><trkpt lat="42.557369" lon="44.53734"><ele>2325.648437</ele><time>2026-07-11T08:28:32.000Z</time></trkpt><trkpt lat="42.557356" lon="44.537353"><ele>2325.813339</ele><time>2026-07-11T08:28:34.000Z</time></trkpt><trkpt lat="42.557344" lon="44.537366"><ele>2325.970136</ele><time>2026-07-11T08:28:36.000Z</time></trkpt><trkpt lat="42.557316" lon="44.537406"><ele>2326.385265</ele><time>2026-07-11T08:28:40.000Z</time></trkpt><trkpt lat="42.557289" lon="44.537448"><ele>2326.804641</ele><time>2026-07-11T08:28:44.000Z</time></trkpt><trkpt lat="42.557279" lon="44.537466"><ele>2326.974252</ele><time>2026-07-11T08:28:46.000Z</time></trkpt><trkpt lat="42.557255" lon="44.537514"><ele>2327.410692</ele><time>2026-07-11T08:28:51.000Z</time></trkpt><trkpt lat="42.557245" lon="44.537533"><ele>2327.586368</ele><time>2026-07-11T08:28:53.000Z</time></trkpt><trkpt lat="42.557223" lon="44.537569"><ele>2327.938268</ele><time>2026-07-11T08:28:58.000Z</time></trkpt><trkpt lat="42.557216" lon="44.537579"><ele>2328.042051</ele><time>2026-07-11T08:28:59.000Z</time></trkpt><trkpt lat="42.557212" lon="44.537586"><ele>2328.1087</ele><time>2026-07-11T08:29:00.000Z</time></trkpt><trkpt lat="42.557184" lon="44.537641"><ele>2328.611673</ele><time>2026-07-11T08:29:06.000Z</time></trkpt><trkpt lat="42.557177" lon="44.537646"><ele>2328.692457</ele><time>2026-07-11T08:29:07.000Z</time></trkpt><trkpt lat="42.55716" lon="44.537707"><ele>2329.18311</ele><time>2026-07-11T08:29:14.000Z</time></trkpt><trkpt lat="42.557137" lon="44.537776"><ele>2329.752877</ele><time>2026-07-11T08:29:22.000Z</time></trkpt><trkpt lat="42.557097" lon="44.537851"><ele>2330.449475</ele><time>2026-07-11T08:29:30.000Z</time></trkpt><trkpt lat="42.557083" lon="44.537894"><ele>2330.803157</ele><time>2026-07-11T08:29:33.000Z</time></trkpt><trkpt lat="42.557067" lon="44.537943"><ele>2331.206383</ele><time>2026-07-11T08:29:37.000Z</time></trkpt><trkpt lat="42.557063" lon="44.538006"><ele>2331.682093</ele><time>2026-07-11T08:29:43.000Z</time></trkpt><trkpt lat="42.557059" lon="44.538023"><ele>2331.816352</ele><time>2026-07-11T08:29:45.000Z</time></trkpt><trkpt lat="42.557052" lon="44.538069"><ele>2332.16972</ele><time>2026-07-11T08:29:49.000Z</time></trkpt><trkpt lat="42.557006" lon="44.538151"><ele>2332.945138</ele><time>2026-07-11T08:29:56.000Z</time></trkpt><trkpt lat="42.556998" lon="44.538192"><ele>2333.264222</ele><time>2026-07-11T08:29:59.000Z</time></trkpt><trkpt lat="42.556984" lon="44.538237"><ele>2333.631717</ele><time>2026-07-11T08:30:03.000Z</time></trkpt><trkpt lat="42.556934" lon="44.538316"><ele>2334.415293</ele><time>2026-07-11T08:30:10.000Z</time></trkpt><trkpt lat="42.556911" lon="44.538396"><ele>2335.061357</ele><time>2026-07-11T08:30:17.000Z</time></trkpt><trkpt lat="42.556907" lon="44.538415"><ele>2335.210019</ele><time>2026-07-11T08:30:19.000Z</time></trkpt><trkpt lat="42.556903" lon="44.538497"><ele>2335.828263</ele><time>2026-07-11T08:30:26.000Z</time></trkpt><trkpt lat="42.556901" lon="44.538523"><ele>2336.024927</ele><time>2026-07-11T08:30:28.000Z</time></trkpt><trkpt lat="42.556886" lon="44.538615"><ele>2336.733803</ele><time>2026-07-11T08:30:35.000Z</time></trkpt><trkpt lat="42.556877" lon="44.538722"><ele>2337.544004</ele><time>2026-07-11T08:30:43.000Z</time></trkpt><trkpt lat="42.556871" lon="44.538744"><ele>2337.720492</ele><time>2026-07-11T08:30:45.000Z</time></trkpt><trkpt lat="42.556884" lon="44.538816"><ele>2338.278189</ele><time>2026-07-11T08:30:51.000Z</time></trkpt><trkpt lat="42.556897" lon="44.538891"><ele>2338.857831</ele><time>2026-07-11T08:30:57.000Z</time></trkpt><trkpt lat="42.556904" lon="44.53901"><ele>2339.920939</ele><time>2026-07-11T08:31:05.000Z</time></trkpt><trkpt lat="42.556906" lon="44.539026"><ele>2340.09035</ele><time>2026-07-11T08:31:06.000Z</time></trkpt><trkpt lat="42.55691" lon="44.539124"><ele>2341.114935</ele><time>2026-07-11T08:31:12.000Z</time></trkpt><trkpt lat="42.556904" lon="44.539257"><ele>2342.505916</ele><time>2026-07-11T08:31:22.000Z</time></trkpt><trkpt lat="42.556904" lon="44.53927"><ele>2342.641622</ele><time>2026-07-11T08:31:23.000Z</time></trkpt><trkpt lat="42.556898" lon="44.539356"><ele>2343.543389</ele><time>2026-07-11T08:31:30.000Z</time></trkpt><trkpt lat="42.556904" lon="44.539395"><ele>2343.959293</ele><time>2026-07-11T08:31:33.000Z</time></trkpt><trkpt lat="42.556897" lon="44.539451"><ele>2344.552231</ele><time>2026-07-11T08:31:37.000Z</time></trkpt><trkpt lat="42.556897" lon="44.539506"><ele>2345.126373</ele><time>2026-07-11T08:31:42.000Z</time></trkpt><trkpt lat="42.556896" lon="44.539516"><ele>2345.23172</ele><time>2026-07-11T08:31:43.000Z</time></trkpt><trkpt lat="42.556895" lon="44.539524"><ele>2345.316425</ele><time>2026-07-11T08:31:44.000Z</time></trkpt><trkpt lat="42.556901" lon="44.539587"><ele>2345.979553</ele><time>2026-07-11T08:31:51.000Z</time></trkpt><trkpt lat="42.556913" lon="44.539642"><ele>2346.578351</ele><time>2026-07-11T08:31:58.000Z</time></trkpt><trkpt lat="42.556913" lon="44.539653"><ele>2346.693179</ele><time>2026-07-11T08:31:59.000Z</time></trkpt><trkpt lat="42.55692" lon="44.539727"><ele>2347.472005</ele><time>2026-07-11T08:32:06.000Z</time></trkpt><trkpt lat="42.55692" lon="44.539733"><ele>2347.534638</ele><time>2026-07-11T08:32:07.000Z</time></trkpt><trkpt lat="42.556931" lon="44.53981"><ele>2348.353414</ele><time>2026-07-11T08:32:14.000Z</time></trkpt><trkpt lat="42.556948" lon="44.539872"><ele>2349.044013</ele><time>2026-07-11T08:32:21.000Z</time></trkpt><trkpt lat="42.556963" lon="44.539919"><ele>2349.578715</ele><time>2026-07-11T08:32:27.000Z</time></trkpt><trkpt lat="42.556965" lon="44.539922"><ele>2349.620953</ele><time>2026-07-11T08:32:28.000Z</time></trkpt><trkpt lat="42.556981" lon="44.539954"><ele>2350.024687</ele><time>2026-07-11T08:32:32.000Z</time></trkpt><trkpt lat="42.556985" lon="44.539965"><ele>2350.152745</ele><time>2026-07-11T08:32:33.000Z</time></trkpt><trkpt lat="42.556987" lon="44.539971"><ele>2350.221493</ele><time>2026-07-11T08:32:34.000Z</time></trkpt><trkpt lat="42.556999" lon="44.54001"><ele>2350.662702</ele><time>2026-07-11T08:32:38.000Z</time></trkpt><trkpt lat="42.557008" lon="44.540039"><ele>2350.991203</ele><time>2026-07-11T08:32:41.000Z</time></trkpt><trkpt lat="42.557016" lon="44.540088"><ele>2351.515124</ele><time>2026-07-11T08:32:46.000Z</time></trkpt><trkpt lat="42.557017" lon="44.540103"><ele>2351.672348</ele><time>2026-07-11T08:32:47.000Z</time></trkpt><trkpt lat="42.557036" lon="44.540149"><ele>2352.222879</ele><time>2026-07-11T08:32:53.000Z</time></trkpt><trkpt lat="42.557041" lon="44.540159"><ele>2352.349046</ele><time>2026-07-11T08:32:54.000Z</time></trkpt><trkpt lat="42.557066" lon="44.540216"><ele>2353.041555</ele><time>2026-07-11T08:33:01.000Z</time></trkpt><trkpt lat="42.557072" lon="44.540222"><ele>2353.147163</ele><time>2026-07-11T08:33:02.000Z</time></trkpt><trkpt lat="42.557106" lon="44.540254"><ele>2353.733468</ele><time>2026-07-11T08:33:07.000Z</time></trkpt><trkpt lat="42.55712" lon="44.540274"><ele>2354.021482</ele><time>2026-07-11T08:33:09.000Z</time></trkpt><trkpt lat="42.557148" lon="44.540311"><ele>2354.57523</ele><time>2026-07-11T08:33:13.000Z</time></trkpt><trkpt lat="42.557175" lon="44.540353"><ele>2355.157153</ele><time>2026-07-11T08:33:17.000Z</time></trkpt><trkpt lat="42.557198" lon="44.540414"><ele>2355.8725</ele><time>2026-07-11T08:33:23.000Z</time></trkpt><trkpt lat="42.5572" lon="44.540428"><ele>2356.021368</ele><time>2026-07-11T08:33:24.000Z</time></trkpt><trkpt lat="42.557216" lon="44.54049"><ele>2356.707149</ele><time>2026-07-11T08:33:29.000Z</time></trkpt><trkpt lat="42.557224" lon="44.540579"><ele>2357.643103</ele><time>2026-07-11T08:33:36.000Z</time></trkpt><trkpt lat="42.557227" lon="44.540635"><ele>2358.229224</ele><time>2026-07-11T08:33:41.000Z</time></trkpt><trkpt lat="42.557233" lon="44.540678"><ele>2358.686079</ele><time>2026-07-11T08:33:44.000Z</time></trkpt><trkpt lat="42.557234" lon="44.540732"><ele>2359.249957</ele><time>2026-07-11T08:33:49.000Z</time></trkpt><trkpt lat="42.557232" lon="44.540746"><ele>2359.398825</ele><time>2026-07-11T08:33:51.000Z</time></trkpt><trkpt lat="42.557232" lon="44.540761"><ele>2359.555408</ele><time>2026-07-11T08:33:53.000Z</time></trkpt><trkpt lat="42.557236" lon="44.540768"><ele>2359.64789</ele><time>2026-07-11T08:33:54.000Z</time></trkpt><trkpt lat="42.557237" lon="44.540804"><ele>2360.023957</ele><time>2026-07-11T08:33:57.000Z</time></trkpt><trkpt lat="42.557239" lon="44.540823"><ele>2360.224311</ele><time>2026-07-11T08:33:59.000Z</time></trkpt><trkpt lat="42.557232" lon="44.540858"><ele>2360.6029</ele><time>2026-07-11T08:34:04.000Z</time></trkpt><trkpt lat="42.557227" lon="44.54086"><ele>2360.67677</ele><time>2026-07-11T08:34:05.000Z</time></trkpt><trkpt lat="42.557214" lon="44.540882"><ele>2360.97119</ele><time>2026-07-11T08:34:09.000Z</time></trkpt><trkpt lat="42.557204" lon="44.540905"><ele>2361.249989</ele><time>2026-07-11T08:34:12.000Z</time></trkpt><trkpt lat="42.557203" lon="44.540938"><ele>2361.594764</ele><time>2026-07-11T08:34:17.000Z</time></trkpt><trkpt lat="42.557197" lon="44.540946"><ele>2361.713946</ele><time>2026-07-11T08:34:19.000Z</time></trkpt><trkpt lat="42.557192" lon="44.540959"><ele>2361.867037</ele><time>2026-07-11T08:34:21.000Z</time></trkpt><trkpt lat="42.557155" lon="44.540974"><ele>2362.414269</ele><time>2026-07-11T08:34:27.000Z</time></trkpt><trkpt lat="42.557141" lon="44.540978"><ele>2362.617019</ele><time>2026-07-11T08:34:29.000Z</time></trkpt><trkpt lat="42.557116" lon="44.541006"><ele>2363.076318</ele><time>2026-07-11T08:34:34.000Z</time></trkpt><trkpt lat="42.557106" lon="44.541036"><ele>2363.420059</ele><time>2026-07-11T08:34:37.000Z</time></trkpt><trkpt lat="42.557087" lon="44.541083"><ele>2363.979718</ele><time>2026-07-11T08:34:42.000Z</time></trkpt><trkpt lat="42.557077" lon="44.541116"><ele>2364.352214</ele><time>2026-07-11T08:34:46.000Z</time></trkpt><trkpt lat="42.557079" lon="44.541123"><ele>2364.43059</ele><time>2026-07-11T08:34:47.000Z</time></trkpt><trkpt lat="42.557068" lon="44.541161"><ele>2364.852065</ele><time>2026-07-11T08:34:51.000Z</time></trkpt><trkpt lat="42.557056" lon="44.541176"><ele>2365.053502</ele><time>2026-07-11T08:34:53.000Z</time></trkpt><trkpt lat="42.557045" lon="44.541227"><ele>2365.536892</ele><time>2026-07-11T08:35:00.000Z</time></trkpt><trkpt lat="42.557045" lon="44.541236"><ele>2365.618759</ele><time>2026-07-11T08:35:01.000Z</time></trkpt><trkpt lat="42.557046" lon="44.541292"><ele>2366.128302</ele><time>2026-07-11T08:35:06.000Z</time></trkpt><trkpt lat="42.557047" lon="44.541312"><ele>2366.310647</ele><time>2026-07-11T08:35:08.000Z</time></trkpt><trkpt lat="42.557031" lon="44.541396"><ele>2367.09987</ele><time>2026-07-11T08:35:16.000Z</time></trkpt><trkpt lat="42.55703" lon="44.541407"><ele>2367.200689</ele><time>2026-07-11T08:35:17.000Z</time></trkpt><trkpt lat="42.557048" lon="44.541482"><ele>2367.918211</ele><time>2026-07-11T08:35:24.000Z</time></trkpt><trkpt lat="42.557059" lon="44.541523"><ele>2368.315128</ele><time>2026-07-11T08:35:28.000Z</time></trkpt><trkpt lat="42.557079" lon="44.541589"><ele>2368.964302</ele><time>2026-07-11T08:35:33.000Z</time></trkpt><trkpt lat="42.557093" lon="44.541647"><ele>2369.519492</ele><time>2026-07-11T08:35:38.000Z</time></trkpt><trkpt lat="42.557106" lon="44.541678"><ele>2369.843973</ele><time>2026-07-11T08:35:41.000Z</time></trkpt><trkpt lat="42.557132" lon="44.541755"><ele>2370.614472</ele><time>2026-07-11T08:35:47.000Z</time></trkpt><trkpt lat="42.557136" lon="44.541764"><ele>2370.710087</ele><time>2026-07-11T08:35:48.000Z</time></trkpt><trkpt lat="42.557158" lon="44.541824"><ele>2371.319744</ele><time>2026-07-11T08:35:54.000Z</time></trkpt><trkpt lat="42.557176" lon="44.541927"><ele>2372.282669</ele><time>2026-07-11T08:36:02.000Z</time></trkpt><trkpt lat="42.557165" lon="44.541955"><ele>2372.571325</ele><time>2026-07-11T08:36:04.000Z</time></trkpt><trkpt lat="42.557131" lon="44.542013"><ele>2373.24559</ele><time>2026-07-11T08:36:09.000Z</time></trkpt><trkpt lat="42.557102" lon="44.542109"><ele>2374.189416</ele><time>2026-07-11T08:36:16.000Z</time></trkpt><trkpt lat="42.557096" lon="44.542147"><ele>2374.542928</ele><time>2026-07-11T08:36:19.000Z</time></trkpt><trkpt lat="42.557083" lon="44.542199"><ele>2375.042436</ele><time>2026-07-11T08:36:23.000Z</time></trkpt><trkpt lat="42.557068" lon="44.542244"><ele>2375.491731</ele><time>2026-07-11T08:36:27.000Z</time></trkpt><trkpt lat="42.557065" lon="44.542253"><ele>2375.58159</ele><time>2026-07-11T08:36:28.000Z</time></trkpt><trkpt lat="42.55705" lon="44.542353"><ele>2376.50989</ele><time>2026-07-11T08:36:35.000Z</time></trkpt><trkpt lat="42.557052" lon="44.542366"><ele>2376.630693</ele><time>2026-07-11T08:36:36.000Z</time></trkpt><trkpt lat="42.557072" lon="44.542432"><ele>2377.279867</ele><time>2026-07-11T08:36:42.000Z</time></trkpt><trkpt lat="42.557071" lon="44.542468"><ele>2377.607567</ele><time>2026-07-11T08:36:45.000Z</time></trkpt><trkpt lat="42.557061" lon="44.542502"><ele>2377.940584</ele><time>2026-07-11T08:36:48.000Z</time></trkpt><trkpt lat="42.557066" lon="44.542604"><ele>2378.87046</ele><time>2026-07-11T08:36:55.000Z</time></trkpt><trkpt lat="42.557064" lon="44.542657"><ele>2379.353197</ele><time>2026-07-11T08:36:59.000Z</time></trkpt><trkpt lat="42.55707" lon="44.542699"><ele>2379.74236</ele><time>2026-07-11T08:37:02.000Z</time></trkpt><trkpt lat="42.557078" lon="44.542742"><ele>2380.145785</ele><time>2026-07-11T08:37:05.000Z</time></trkpt><trkpt lat="42.557103" lon="44.542793"><ele>2380.703032</ele><time>2026-07-11T08:37:10.000Z</time></trkpt><trkpt lat="42.55712" lon="44.542861"><ele>2381.356235</ele><time>2026-07-11T08:37:16.000Z</time></trkpt><trkpt lat="42.557124" lon="44.542924"><ele>2381.931427</ele><time>2026-07-11T08:37:21.000Z</time></trkpt><trkpt lat="42.557125" lon="44.542947"><ele>2382.141006</ele><time>2026-07-11T08:37:23.000Z</time></trkpt><trkpt lat="42.557133" lon="44.543008"><ele>2382.704606</ele><time>2026-07-11T08:37:28.000Z</time></trkpt><trkpt lat="42.557164" lon="44.543085"><ele>2383.502811</ele><time>2026-07-11T08:37:34.000Z</time></trkpt><trkpt lat="42.557173" lon="44.543113"><ele>2383.7807</ele><time>2026-07-11T08:37:36.000Z</time></trkpt><trkpt lat="42.557176" lon="44.54318"><ele>2384.391277</ele><time>2026-07-11T08:37:42.000Z</time></trkpt><trkpt lat="42.557169" lon="44.543247"><ele>2385.006828</ele><time>2026-07-11T08:37:49.000Z</time></trkpt><trkpt lat="42.557167" lon="44.54327"><ele>2385.217496</ele><time>2026-07-11T08:37:51.000Z</time></trkpt><trkpt lat="42.557179" lon="44.543337"><ele>2385.844705</ele><time>2026-07-11T08:37:57.000Z</time></trkpt><trkpt lat="42.557207" lon="44.543448"><ele>2386.911957</ele><time>2026-07-11T08:38:06.000Z</time></trkpt><trkpt lat="42.557209" lon="44.543462"><ele>2387.039363</ele><time>2026-07-11T08:38:07.000Z</time></trkpt><trkpt lat="42.55723" lon="44.543547"><ele>2387.671357</ele><time>2026-07-11T08:38:14.000Z</time></trkpt><trkpt lat="42.557246" lon="44.543569"><ele>2387.889295</ele><time>2026-07-11T08:38:16.000Z</time></trkpt><trkpt lat="42.557255" lon="44.543592"><ele>2388.072886</ele><time>2026-07-11T08:38:18.000Z</time></trkpt><trkpt lat="42.557263" lon="44.543611"><ele>2388.22716</ele><time>2026-07-11T08:38:20.000Z</time></trkpt><trkpt lat="42.557271" lon="44.543666"><ele>2388.622357</ele><time>2026-07-11T08:38:25.000Z</time></trkpt><trkpt lat="42.557277" lon="44.54368"><ele>2388.736536</ele><time>2026-07-11T08:38:26.000Z</time></trkpt><trkpt lat="42.557289" lon="44.543743"><ele>2389.195248</ele><time>2026-07-11T08:38:31.000Z</time></trkpt><trkpt lat="42.557293" lon="44.543756"><ele>2389.294562</ele><time>2026-07-11T08:38:32.000Z</time></trkpt><trkpt lat="42.557298" lon="44.543762"><ele>2389.358426</ele><time>2026-07-11T08:38:33.000Z</time></trkpt><trkpt lat="42.557321" lon="44.543822"><ele>2389.835228</ele><time>2026-07-11T08:38:39.000Z</time></trkpt><trkpt lat="42.557326" lon="44.543832"><ele>2389.920427</ele><time>2026-07-11T08:38:40.000Z</time></trkpt><trkpt lat="42.557333" lon="44.543886"><ele>2390.306938</ele><time>2026-07-11T08:38:45.000Z</time></trkpt><trkpt lat="42.557341" lon="44.543913"><ele>2390.512089</ele><time>2026-07-11T08:38:47.000Z</time></trkpt><trkpt lat="42.557342" lon="44.543964"><ele>2390.871729</ele><time>2026-07-11T08:38:51.000Z</time></trkpt><trkpt lat="42.557345" lon="44.543972"><ele>2390.935011</ele><time>2026-07-11T08:38:52.000Z</time></trkpt><trkpt lat="42.557352" lon="44.544035"><ele>2391.384139</ele><time>2026-07-11T08:38:57.000Z</time></trkpt><trkpt lat="42.557376" lon="44.544107"><ele>2391.941236</ele><time>2026-07-11T08:39:04.000Z</time></trkpt><trkpt lat="42.55738" lon="44.544114"><ele>2392.003688</ele><time>2026-07-11T08:39:05.000Z</time></trkpt><trkpt lat="42.557399" lon="44.544186"><ele>2392.542823</ele><time>2026-07-11T08:39:11.000Z</time></trkpt><trkpt lat="42.557404" lon="44.544197"><ele>2392.633941</ele><time>2026-07-11T08:39:12.000Z</time></trkpt><trkpt lat="42.557424" lon="44.544244"><ele>2393.016568</ele><time>2026-07-11T08:39:17.000Z</time></trkpt><trkpt lat="42.557439" lon="44.544282"><ele>2393.320479</ele><time>2026-07-11T08:39:20.000Z</time></trkpt><trkpt lat="42.557461" lon="44.544397"><ele>2394.158038</ele><time>2026-07-11T08:39:27.000Z</time></trkpt><trkpt lat="42.557469" lon="44.544449"><ele>2394.532509</ele><time>2026-07-11T08:39:31.000Z</time></trkpt><trkpt lat="42.557478" lon="44.544487"><ele>2394.813887</ele><time>2026-07-11T08:39:34.000Z</time></trkpt><trkpt lat="42.557475" lon="44.544512"><ele>2394.992442</ele><time>2026-07-11T08:39:38.000Z</time></trkpt><trkpt lat="42.557474" lon="44.544511"><ele>2395.004328</ele><time>2026-07-11T08:39:40.000Z</time></trkpt><trkpt lat="42.557474" lon="44.544511"><ele>2395.004328</ele><time>2026-07-11T08:39:44.000Z</time></trkpt><trkpt lat="42.557508" lon="44.544543"><ele>2395.400253</ele><time>2026-07-11T08:39:49.000Z</time></trkpt><trkpt lat="42.557542" lon="44.544593"><ele>2395.879943</ele><time>2026-07-11T08:39:54.000Z</time></trkpt><trkpt lat="42.55756" lon="44.544606"><ele>2396.075062</ele><time>2026-07-11T08:39:56.000Z</time></trkpt><trkpt lat="42.5576" lon="44.544655"><ele>2396.590665</ele><time>2026-07-11T08:40:01.000Z</time></trkpt><trkpt lat="42.557618" lon="44.544676"><ele>2396.817794</ele><time>2026-07-11T08:40:03.000Z</time></trkpt><trkpt lat="42.557671" lon="44.544796"><ele>2397.804112</ele><time>2026-07-11T08:40:12.000Z</time></trkpt><trkpt lat="42.557719" lon="44.54493"><ele>2398.854481</ele><time>2026-07-11T08:40:21.000Z</time></trkpt><trkpt lat="42.557752" lon="44.545012"><ele>2399.513163</ele><time>2026-07-11T08:40:27.000Z</time></trkpt><trkpt lat="42.557783" lon="44.54512"><ele>2400.330241</ele><time>2026-07-11T08:40:34.000Z</time></trkpt><trkpt lat="42.557817" lon="44.545244"><ele>2401.26294</ele><time>2026-07-11T08:40:43.000Z</time></trkpt><trkpt lat="42.557829" lon="44.545357"><ele>2402.067738</ele><time>2026-07-11T08:40:50.000Z</time></trkpt><trkpt lat="42.557813" lon="44.545402"><ele>2402.419975</ele><time>2026-07-11T08:40:53.000Z</time></trkpt><trkpt lat="42.557805" lon="44.545443"><ele>2402.718961</ele><time>2026-07-11T08:40:56.000Z</time></trkpt><trkpt lat="42.557808" lon="44.545474"><ele>2402.939365</ele><time>2026-07-11T08:40:58.000Z</time></trkpt><trkpt lat="42.557817" lon="44.545539"><ele>2403.405589</ele><time>2026-07-11T08:41:03.000Z</time></trkpt><trkpt lat="42.557809" lon="44.545555"><ele>2403.541906</ele><time>2026-07-11T08:41:04.000Z</time></trkpt><trkpt lat="42.557804" lon="44.545672"><ele>2404.342114</ele><time>2026-07-11T08:41:11.000Z</time></trkpt><trkpt lat="42.557817" lon="44.545721"><ele>2404.632229</ele><time>2026-07-11T08:41:15.000Z</time></trkpt><trkpt lat="42.557826" lon="44.545741"><ele>2404.762783</ele><time>2026-07-11T08:41:17.000Z</time></trkpt><trkpt lat="42.557834" lon="44.545819"><ele>2405.201467</ele><time>2026-07-11T08:41:23.000Z</time></trkpt><trkpt lat="42.557831" lon="44.545888"><ele>2405.586494</ele><time>2026-07-11T08:41:29.000Z</time></trkpt><trkpt lat="42.557827" lon="44.545897"><ele>2405.645047</ele><time>2026-07-11T08:41:30.000Z</time></trkpt><trkpt lat="42.557824" lon="44.54595"><ele>2405.94115</ele><time>2026-07-11T08:41:36.000Z</time></trkpt><trkpt lat="42.557824" lon="44.545963"><ele>2406.013565</ele><time>2026-07-11T08:41:38.000Z</time></trkpt><trkpt lat="42.557831" lon="44.546013"><ele>2406.297072</ele><time>2026-07-11T08:41:44.000Z</time></trkpt><trkpt lat="42.557832" lon="44.546018"><ele>2406.325932</ele><time>2026-07-11T08:41:45.000Z</time></trkpt><trkpt lat="42.557856" lon="44.546103"><ele>2406.833012</ele><time>2026-07-11T08:41:53.000Z</time></trkpt><trkpt lat="42.557858" lon="44.546117"><ele>2406.912451</ele><time>2026-07-11T08:41:55.000Z</time></trkpt><trkpt lat="42.55787" lon="44.546151"><ele>2407.122463</ele><time>2026-07-11T08:41:59.000Z</time></trkpt><trkpt lat="42.557875" lon="44.546159"><ele>2407.180907</ele><time>2026-07-11T08:42:00.000Z</time></trkpt><trkpt lat="42.557882" lon="44.546176"><ele>2407.289396</ele><time>2026-07-11T08:42:02.000Z</time></trkpt><trkpt lat="42.557886" lon="44.546217"><ele>2407.519777</ele><time>2026-07-11T08:42:07.000Z</time></trkpt><trkpt lat="42.557882" lon="44.54627"><ele>2407.816554</ele><time>2026-07-11T08:42:13.000Z</time></trkpt><trkpt lat="42.557875" lon="44.546269"><ele>2407.869783</ele><time>2026-07-11T08:42:18.000Z</time></trkpt><trkpt lat="42.557876" lon="44.546302"><ele>2408.053762</ele><time>2026-07-11T08:42:27.000Z</time></trkpt><trkpt lat="42.557867" lon="44.546319"><ele>2408.170381</ele><time>2026-07-11T08:42:30.000Z</time></trkpt><trkpt lat="42.557869" lon="44.546344"><ele>2408.31046</ele><time>2026-07-11T08:42:34.000Z</time></trkpt><trkpt lat="42.557891" lon="44.546389"><ele>2408.611316</ele><time>2026-07-11T08:42:41.000Z</time></trkpt><trkpt lat="42.557897" lon="44.5464"><ele>2408.687562</ele><time>2026-07-11T08:42:42.000Z</time></trkpt><trkpt lat="42.557897" lon="44.546427"><ele>2408.837963</ele><time>2026-07-11T08:42:47.000Z</time></trkpt><trkpt lat="42.5579" lon="44.54643"><ele>2408.86614</ele><time>2026-07-11T08:42:48.000Z</time></trkpt><trkpt lat="42.55792" lon="44.54647"><ele>2409.135441</ele><time>2026-07-11T08:42:55.000Z</time></trkpt><trkpt lat="42.557928" lon="44.546494"><ele>2409.282183</ele><time>2026-07-11T08:42:59.000Z</time></trkpt><trkpt lat="42.557932" lon="44.546523"><ele>2409.446533</ele><time>2026-07-11T08:43:03.000Z</time></trkpt><trkpt lat="42.557927" lon="44.546554"><ele>2409.623306</ele><time>2026-07-11T08:43:09.000Z</time></trkpt><trkpt lat="42.557926" lon="44.546581"><ele>2409.773897</ele><time>2026-07-11T08:43:12.000Z</time></trkpt><trkpt lat="42.557915" lon="44.546639"><ele>2410.107518</ele><time>2026-07-11T08:43:18.000Z</time></trkpt><trkpt lat="42.557913" lon="44.546718"><ele>2410.54784</ele><time>2026-07-11T08:43:26.000Z</time></trkpt><trkpt lat="42.557916" lon="44.54677"><ele>2410.838389</ele><time>2026-07-11T08:43:31.000Z</time></trkpt><trkpt lat="42.557918" lon="44.546789"><ele>2410.945302</ele><time>2026-07-11T08:43:33.000Z</time></trkpt><trkpt lat="42.557922" lon="44.546856"><ele>2411.319743</ele><time>2026-07-11T08:43:38.000Z</time></trkpt><trkpt lat="42.557924" lon="44.546865"><ele>2411.372108</ele><time>2026-07-11T08:43:39.000Z</time></trkpt><trkpt lat="42.557959" lon="44.546904"><ele>2411.714531</ele><time>2026-07-11T08:43:46.000Z</time></trkpt><trkpt lat="42.557977" lon="44.546914"><ele>2411.86161</ele><time>2026-07-11T08:43:49.000Z</time></trkpt><trkpt lat="42.558007" lon="44.546917"><ele>2412.089096</ele><time>2026-07-11T08:43:54.000Z</time></trkpt><trkpt lat="42.558035" lon="44.546943"><ele>2412.345636</ele><time>2026-07-11T08:43:59.000Z</time></trkpt><trkpt lat="42.558045" lon="44.546958"><ele>2412.458333</ele><time>2026-07-11T08:44:01.000Z</time></trkpt><trkpt lat="42.558069" lon="44.547036"><ele>2412.929208</ele><time>2026-07-11T08:44:09.000Z</time></trkpt><trkpt lat="42.558082" lon="44.547095"><ele>2413.27225</ele><time>2026-07-11T08:44:15.000Z</time></trkpt><trkpt lat="42.558086" lon="44.547118"><ele>2413.403892</ele><time>2026-07-11T08:44:17.000Z</time></trkpt><trkpt lat="42.558113" lon="44.547185"><ele>2413.829311</ele><time>2026-07-11T08:44:23.000Z</time></trkpt><trkpt lat="42.558141" lon="44.547238"><ele>2414.192626</ele><time>2026-07-11T08:44:28.000Z</time></trkpt><trkpt lat="42.558147" lon="44.547266"><ele>2414.355063</ele><time>2026-07-11T08:44:30.000Z</time></trkpt><trkpt lat="42.558151" lon="44.547317"><ele>2414.640759</ele><time>2026-07-11T08:44:35.000Z</time></trkpt><trkpt lat="42.558153" lon="44.547326"><ele>2414.693124</ele><time>2026-07-11T08:44:36.000Z</time></trkpt><trkpt lat="42.558134" lon="44.547388"><ele>2415.067185</ele><time>2026-07-11T08:44:43.000Z</time></trkpt><trkpt lat="42.558134" lon="44.547384"><ele>2415.089467</ele><time>2026-07-11T08:44:53.000Z</time></trkpt><trkpt lat="42.55814" lon="44.547384"><ele>2415.134841</ele><time>2026-07-11T08:44:58.000Z</time></trkpt><trkpt lat="42.558137" lon="44.547369"><ele>2415.221422</ele><time>2026-07-11T08:45:01.000Z</time></trkpt><trkpt lat="42.55816" lon="44.547407"><ele>2415.495392</ele><time>2026-07-11T08:45:11.000Z</time></trkpt><trkpt lat="42.558186" lon="44.547425"><ele>2415.716104</ele><time>2026-07-11T08:45:17.000Z</time></trkpt><trkpt lat="42.558203" lon="44.547435"><ele>2415.856213</ele><time>2026-07-11T08:45:19.000Z</time></trkpt><trkpt lat="42.558282" lon="44.547448"><ele>2416.458014</ele><time>2026-07-11T08:45:28.000Z</time></trkpt><trkpt lat="42.558349" lon="44.547507"><ele>2417.061949</ele><time>2026-07-11T08:45:36.000Z</time></trkpt><trkpt lat="42.558384" lon="44.547585"><ele>2417.57071</ele><time>2026-07-11T08:45:43.000Z</time></trkpt><trkpt lat="42.558389" lon="44.547596"><ele>2417.642711</ele><time>2026-07-11T08:45:44.000Z</time></trkpt><trkpt lat="42.558428" lon="44.547718"><ele>2418.384461</ele><time>2026-07-11T08:45:53.000Z</time></trkpt><trkpt lat="42.558435" lon="44.54777"><ele>2418.679424</ele><time>2026-07-11T08:46:00.000Z</time></trkpt><trkpt lat="42.558441" lon="44.547805"><ele>2418.879942</ele><time>2026-07-11T08:46:06.000Z</time></trkpt><trkpt lat="42.558442" lon="44.547806"><ele>2418.889351</ele><time>2026-07-11T08:46:08.000Z</time></trkpt><trkpt lat="42.55845" lon="44.547838"><ele>2419.077914</ele><time>2026-07-11T08:46:12.000Z</time></trkpt><trkpt lat="42.558449" lon="44.547852"><ele>2419.1564</ele><time>2026-07-11T08:46:14.000Z</time></trkpt><trkpt lat="42.558452" lon="44.547869"><ele>2419.253943</ele><time>2026-07-11T08:46:24.000Z</time></trkpt><trkpt lat="42.558487" lon="44.547921"><ele>2419.646996</ele><time>2026-07-11T08:46:30.000Z</time></trkpt><trkpt lat="42.558507" lon="44.547993"><ele>2420.076371</ele><time>2026-07-11T08:46:37.000Z</time></trkpt><trkpt lat="42.558506" lon="44.548002"><ele>2420.127159</ele><time>2026-07-11T08:46:38.000Z</time></trkpt><trkpt lat="42.558539" lon="44.54809"><ele>2420.678168</ele><time>2026-07-11T08:46:46.000Z</time></trkpt><trkpt lat="42.558538" lon="44.548123"><ele>2420.862462</ele><time>2026-07-11T08:46:51.000Z</time></trkpt><trkpt lat="42.558534" lon="44.548125"><ele>2420.894753</ele><time>2026-07-11T08:46:52.000Z</time></trkpt><trkpt lat="42.558529" lon="44.548142"><ele>2420.996895</ele><time>2026-07-11T08:47:00.000Z</time></trkpt><trkpt lat="42.558544" lon="44.548179"><ele>2421.232558</ele><time>2026-07-11T08:47:09.000Z</time></trkpt><trkpt lat="42.558553" lon="44.54825"><ele>2421.634558</ele><time>2026-07-11T08:47:17.000Z</time></trkpt><trkpt lat="42.558557" lon="44.548284"><ele>2421.826681</ele><time>2026-07-11T08:47:20.000Z</time></trkpt><trkpt lat="42.558592" lon="44.548323"><ele>2422.169692</ele><time>2026-07-11T08:47:26.000Z</time></trkpt><trkpt lat="42.558596" lon="44.548332"><ele>2422.228345</ele><time>2026-07-11T08:47:27.000Z</time></trkpt><trkpt lat="42.558599" lon="44.548342"><ele>2422.288595</ele><time>2026-07-11T08:47:28.000Z</time></trkpt><trkpt lat="42.558628" lon="44.548387"><ele>2422.62223</ele><time>2026-07-11T08:47:34.000Z</time></trkpt><trkpt lat="42.558634" lon="44.54844"><ele>2422.921439</ele><time>2026-07-11T08:47:39.000Z</time></trkpt><trkpt lat="42.558632" lon="44.548462"><ele>2423.045129</ele><time>2026-07-11T08:47:41.000Z</time></trkpt><trkpt lat="42.558628" lon="44.548517"><ele>2423.353519</ele><time>2026-07-11T08:47:47.000Z</time></trkpt><trkpt lat="42.558617" lon="44.548541"><ele>2423.511246</ele><time>2026-07-11T08:47:53.000Z</time></trkpt><trkpt lat="42.558618" lon="44.548536"><ele>2423.540156</ele><time>2026-07-11T08:47:56.000Z</time></trkpt><trkpt lat="42.558599" lon="44.548576"><ele>2423.805738</ele><time>2026-07-11T08:48:02.000Z</time></trkpt><trkpt lat="42.558589" lon="44.548593"><ele>2423.927134</ele><time>2026-07-11T08:48:10.000Z</time></trkpt><trkpt lat="42.558574" lon="44.548636"><ele>2424.192619</ele><time>2026-07-11T08:48:17.000Z</time></trkpt><trkpt lat="42.558553" lon="44.548672"><ele>2424.44886</ele><time>2026-07-11T08:48:24.000Z</time></trkpt><trkpt lat="42.558547" lon="44.548675"><ele>2424.497297</ele><time>2026-07-11T08:48:32.000Z</time></trkpt><trkpt lat="42.558561" lon="44.548669"><ele>2424.608512</ele><time>2026-07-11T08:48:48.000Z</time></trkpt><trkpt lat="42.558557" lon="44.548663"><ele>2424.653668</ele><time>2026-07-11T08:48:55.000Z</time></trkpt><trkpt lat="42.558552" lon="44.548662"><ele>2424.691954</ele><time>2026-07-11T08:48:57.000Z</time></trkpt><trkpt lat="42.558561" lon="44.548669"><ele>2424.770529</ele><time>2026-07-11T08:48:59.000Z</time></trkpt><trkpt lat="42.558548" lon="44.548682"><ele>2424.892841</ele><time>2026-07-11T08:49:05.000Z</time></trkpt><trkpt lat="42.55854" lon="44.548726"><ele>2425.145728</ele><time>2026-07-11T08:49:12.000Z</time></trkpt><trkpt lat="42.558516" lon="44.548795"><ele>2425.571513</ele><time>2026-07-11T08:49:20.000Z</time></trkpt><trkpt lat="42.558461" lon="44.548836"><ele>2426.046839</ele><time>2026-07-11T08:49:26.000Z</time></trkpt><trkpt lat="42.558414" lon="44.548859"><ele>2426.425308</ele><time>2026-07-11T08:49:34.000Z</time></trkpt><trkpt lat="42.558382" lon="44.548883"><ele>2426.702253</ele><time>2026-07-11T08:49:39.000Z</time></trkpt><trkpt lat="42.558374" lon="44.548884"><ele>2426.763112</ele><time>2026-07-11T08:49:40.000Z</time></trkpt><trkpt lat="42.55832" lon="44.548907"><ele>2427.191844</ele><time>2026-07-11T08:49:48.000Z</time></trkpt><trkpt lat="42.558315" lon="44.548908"><ele>2427.23013</ele><time>2026-07-11T08:49:49.000Z</time></trkpt><trkpt lat="42.55829" lon="44.548907"><ele>2427.419598</ele><time>2026-07-11T08:49:54.000Z</time></trkpt><trkpt lat="42.558288" lon="44.548915"><ele>2427.466739</ele><time>2026-07-11T08:49:57.000Z</time></trkpt><trkpt lat="42.558258" lon="44.548902"><ele>2427.705297</ele><time>2026-07-11T08:50:01.000Z</time></trkpt><trkpt lat="42.558245" lon="44.548899"><ele>2427.80519</ele><time>2026-07-11T08:50:03.000Z</time></trkpt><trkpt lat="42.558219" lon="44.548882"><ele>2428.023804</ele><time>2026-07-11T08:50:08.000Z</time></trkpt><trkpt lat="42.558197" lon="44.548864"><ele>2428.218389</ele><time>2026-07-11T08:50:11.000Z</time></trkpt><trkpt lat="42.558189" lon="44.548862"><ele>2428.280011</ele><time>2026-07-11T08:50:16.000Z</time></trkpt><trkpt lat="42.558179" lon="44.548869"><ele>2428.365242</ele><time>2026-07-11T08:50:21.000Z</time></trkpt><trkpt lat="42.558179" lon="44.548869"><ele>2428.365242</ele><time>2026-07-11T08:50:22.000Z</time></trkpt><trkpt lat="42.558176" lon="44.548868"><ele>2428.388644</ele><time>2026-07-11T08:50:23.000Z</time></trkpt><trkpt lat="42.558175" lon="44.548867"><ele>2428.398052</ele><time>2026-07-11T08:50:24.000Z</time></trkpt><trkpt lat="42.558174" lon="44.548867"><ele>2428.405628</ele><time>2026-07-11T08:50:25.000Z</time></trkpt><trkpt lat="42.558173" lon="44.548867"><ele>2428.413203</ele><time>2026-07-11T08:50:26.000Z</time></trkpt><trkpt lat="42.558184" lon="44.548868"><ele>2428.496719</ele><time>2026-07-11T08:50:29.000Z</time></trkpt><trkpt lat="42.558185" lon="44.54885"><ele>2428.597444</ele><time>2026-07-11T08:50:42.000Z</time></trkpt><trkpt lat="42.55816" lon="44.548836"><ele>2428.802309</ele><time>2026-07-11T08:50:48.000Z</time></trkpt><trkpt lat="42.558143" lon="44.548813"><ele>2428.984122</ele><time>2026-07-11T08:50:54.000Z</time></trkpt><trkpt lat="42.55814" lon="44.548814"><ele>2429.007523</ele><time>2026-07-11T08:50:56.000Z</time></trkpt><trkpt lat="42.558114" lon="44.548805"><ele>2429.210785</ele><time>2026-07-11T08:51:00.000Z</time></trkpt><trkpt lat="42.558086" lon="44.548788"><ele>2429.443142</ele><time>2026-07-11T08:51:04.000Z</time></trkpt><trkpt lat="42.558072" lon="44.548771"><ele>2429.585431</ele><time>2026-07-11T08:51:06.000Z</time></trkpt><trkpt lat="42.558036" lon="44.54874"><ele>2429.908379</ele><time>2026-07-11T08:51:13.000Z</time></trkpt><trkpt lat="42.558025" lon="44.548731"><ele>2430.005672</ele><time>2026-07-11T08:51:15.000Z</time></trkpt><trkpt lat="42.558022" lon="44.548728"><ele>2430.033898</ele><time>2026-07-11T08:51:17.000Z</time></trkpt><trkpt lat="42.558014" lon="44.548725"><ele>2430.096771</ele><time>2026-07-11T08:51:19.000Z</time></trkpt><trkpt lat="42.558006" lon="44.54873"><ele>2430.163488</ele><time>2026-07-11T08:51:21.000Z</time></trkpt><trkpt lat="42.557977" lon="44.548716"><ele>2430.396651</ele><time>2026-07-11T08:51:26.000Z</time></trkpt><trkpt lat="42.557969" lon="44.548721"><ele>2430.463368</ele><time>2026-07-11T08:51:28.000Z</time></trkpt><trkpt lat="42.557956" lon="44.548735"><ele>2430.589071</ele><time>2026-07-11T08:51:33.000Z</time></trkpt><trkpt lat="42.557947" lon="44.548757"><ele>2430.729493</ele><time>2026-07-11T08:51:36.000Z</time></trkpt><trkpt lat="42.557951" lon="44.548782"><ele>2430.872246</ele><time>2026-07-11T08:51:40.000Z</time></trkpt><trkpt lat="42.557947" lon="44.548776"><ele>2430.917403</ele><time>2026-07-11T08:51:50.000Z</time></trkpt><trkpt lat="42.557947" lon="44.548776"><ele>2430.917403</ele><time>2026-07-11T08:51:58.000Z</time></trkpt><trkpt lat="42.557967" lon="44.548811"><ele>2431.16458</ele><time>2026-07-11T08:52:04.000Z</time></trkpt><trkpt lat="42.557968" lon="44.548886"><ele>2431.562372</ele><time>2026-07-11T08:52:12.000Z</time></trkpt><trkpt lat="42.557955" lon="44.548945"><ele>2431.841823</ele><time>2026-07-11T08:52:17.000Z</time></trkpt><trkpt lat="42.557949" lon="44.548967"><ele>2431.948278</ele><time>2026-07-11T08:52:20.000Z</time></trkpt><trkpt lat="42.557929" lon="44.549022"><ele>2432.226612</ele><time>2026-07-11T08:52:26.000Z</time></trkpt><trkpt lat="42.557928" lon="44.549049"><ele>2432.349287</ele><time>2026-07-11T08:52:32.000Z</time></trkpt><trkpt lat="42.557928" lon="44.549051"><ele>2432.358363</ele><time>2026-07-11T08:52:33.000Z</time></trkpt><trkpt lat="42.557929" lon="44.549053"><ele>2432.369332</ele><time>2026-07-11T08:52:38.000Z</time></trkpt><trkpt lat="42.557929" lon="44.549056"><ele>2432.382945</ele><time>2026-07-11T08:52:39.000Z</time></trkpt><trkpt lat="42.557927" lon="44.549058"><ele>2432.398248</ele><time>2026-07-11T08:52:42.000Z</time></trkpt><trkpt lat="42.557929" lon="44.549053"><ele>2432.424066</ele><time>2026-07-11T08:52:52.000Z</time></trkpt><trkpt lat="42.557929" lon="44.549053"><ele>2432.424066</ele><time>2026-07-11T08:53:06.000Z</time></trkpt><trkpt lat="42.557925" lon="44.549056"><ele>2432.452219</ele><time>2026-07-11T08:53:23.000Z</time></trkpt><trkpt lat="42.557922" lon="44.549056"><ele>2432.4707</ele><time>2026-07-11T08:53:26.000Z</time></trkpt><trkpt lat="42.557929" lon="44.549053"><ele>2432.515921</ele><time>2026-07-11T08:53:35.000Z</time></trkpt><trkpt lat="42.557929" lon="44.549062"><ele>2432.556762</ele><time>2026-07-11T08:53:44.000Z</time></trkpt><trkpt lat="42.557929" lon="44.549053"><ele>2432.597602</ele><time>2026-07-11T08:53:52.000Z</time></trkpt><trkpt lat="42.557929" lon="44.549053"><ele>2432.597602</ele><time>2026-07-11T08:53:55.000Z</time></trkpt><trkpt lat="42.557925" lon="44.54906"><ele>2432.637804</ele><time>2026-07-11T08:54:06.000Z</time></trkpt><trkpt lat="42.557929" lon="44.549127"><ele>2432.942833</ele><time>2026-07-11T08:54:12.000Z</time></trkpt><trkpt lat="42.557938" lon="44.549171"><ele>2433.150051</ele><time>2026-07-11T08:54:18.000Z</time></trkpt><trkpt lat="42.557936" lon="44.549225"><ele>2433.395401</ele><time>2026-07-11T08:54:25.000Z</time></trkpt><trkpt lat="42.557932" lon="44.549263"><ele>2433.569589</ele><time>2026-07-11T08:54:29.000Z</time></trkpt><trkpt lat="42.557929" lon="44.549285"><ele>2433.671116</ele><time>2026-07-11T08:54:31.000Z</time></trkpt><trkpt lat="42.557921" lon="44.549329"><ele>2433.876772</ele><time>2026-07-11T08:54:38.000Z</time></trkpt><trkpt lat="42.557916" lon="44.54933"><ele>2433.907907</ele><time>2026-07-11T08:54:40.000Z</time></trkpt><trkpt lat="42.557919" lon="44.549338"><ele>2433.948643</ele><time>2026-07-11T08:54:49.000Z</time></trkpt><trkpt lat="42.55792" lon="44.549339"><ele>2433.956294</ele><time>2026-07-11T08:54:58.000Z</time></trkpt><trkpt lat="42.557917" lon="44.549369"><ele>2434.093677</ele><time>2026-07-11T08:55:02.000Z</time></trkpt><trkpt lat="42.55791" lon="44.549452"><ele>2434.472774</ele><time>2026-07-11T08:55:11.000Z</time></trkpt><trkpt lat="42.557904" lon="44.549508"><ele>2434.729564</ele><time>2026-07-11T08:55:17.000Z</time></trkpt><trkpt lat="42.557895" lon="44.549535"><ele>2434.864046</ele><time>2026-07-11T08:55:20.000Z</time></trkpt><trkpt lat="42.557897" lon="44.549563"><ele>2434.9917</ele><time>2026-07-11T08:55:25.000Z</time></trkpt><trkpt lat="42.557898" lon="44.549584"><ele>2435.087193</ele><time>2026-07-11T08:55:27.000Z</time></trkpt><trkpt lat="42.557873" lon="44.549636"><ele>2435.368972</ele><time>2026-07-11T08:55:33.000Z</time></trkpt><trkpt lat="42.557867" lon="44.54972"><ele>2435.751935</ele><time>2026-07-11T08:55:41.000Z</time></trkpt><trkpt lat="42.557855" lon="44.549763"><ele>2435.960594</ele><time>2026-07-11T08:55:48.000Z</time></trkpt><trkpt lat="42.557854" lon="44.549817"><ele>2436.205713</ele><time>2026-07-11T08:55:59.000Z</time></trkpt><trkpt lat="42.557852" lon="44.549888"><ele>2436.528132</ele><time>2026-07-11T08:56:05.000Z</time></trkpt><trkpt lat="42.557856" lon="44.549925"><ele>2436.697829</ele><time>2026-07-11T08:56:08.000Z</time></trkpt><trkpt lat="42.557863" lon="44.549961"><ele>2436.866785</ele><time>2026-07-11T08:56:14.000Z</time></trkpt><trkpt lat="42.557863" lon="44.549961"><ele>2436.866785</ele><time>2026-07-11T08:56:15.000Z</time></trkpt><trkpt lat="42.557837" lon="44.550007"><ele>2437.129896</ele><time>2026-07-11T08:56:19.000Z</time></trkpt><trkpt lat="42.557835" lon="44.550016"><ele>2437.172554</ele><time>2026-07-11T08:56:20.000Z</time></trkpt><trkpt lat="42.557823" lon="44.550081"><ele>2437.476634</ele><time>2026-07-11T08:56:26.000Z</time></trkpt><trkpt lat="42.557795" lon="44.550123"><ele>2437.73369</ele><time>2026-07-11T08:56:31.000Z</time></trkpt><trkpt lat="42.55779" lon="44.550128"><ele>2437.771947</ele><time>2026-07-11T08:56:32.000Z</time></trkpt><trkpt lat="42.557732" lon="44.550184"><ele>2438.210405</ele><time>2026-07-11T08:56:39.000Z</time></trkpt><trkpt lat="42.557688" lon="44.550272"><ele>2438.69304</ele><time>2026-07-11T08:56:47.000Z</time></trkpt><trkpt lat="42.557641" lon="44.550333"><ele>2439.093611</ele><time>2026-07-11T08:56:54.000Z</time></trkpt><trkpt lat="42.557634" lon="44.550345"><ele>2439.163072</ele><time>2026-07-11T08:56:55.000Z</time></trkpt><trkpt lat="42.557601" lon="44.550426"><ele>2439.58311</ele><time>2026-07-11T08:57:02.000Z</time></trkpt><trkpt lat="42.557594" lon="44.550459"><ele>2439.738944</ele><time>2026-07-11T08:57:05.000Z</time></trkpt><trkpt lat="42.557602" lon="44.550497"><ele>2439.918285</ele><time>2026-07-11T08:57:10.000Z</time></trkpt><trkpt lat="42.557607" lon="44.550508"><ele>2439.97694</ele><time>2026-07-11T08:57:15.000Z</time></trkpt><trkpt lat="42.557611" lon="44.550511"><ele>2440.005092</ele><time>2026-07-11T08:57:16.000Z</time></trkpt><trkpt lat="42.557634" lon="44.550559"><ele>2440.264938</ele><time>2026-07-11T08:57:23.000Z</time></trkpt><trkpt lat="42.557634" lon="44.550561"><ele>2440.274014</ele><time>2026-07-11T08:57:29.000Z</time></trkpt><trkpt lat="42.557643" lon="44.550579"><ele>2440.372735</ele><time>2026-07-11T08:57:32.000Z</time></trkpt><trkpt lat="42.557647" lon="44.550584"><ele>2440.406231</ele><time>2026-07-11T08:57:33.000Z</time></trkpt><trkpt lat="42.557665" lon="44.550621"><ele>2440.607444</ele><time>2026-07-11T08:57:38.000Z</time></trkpt><trkpt lat="42.557677" lon="44.55065"><ele>2440.758383</ele><time>2026-07-11T08:57:42.000Z</time></trkpt><trkpt lat="42.557691" lon="44.550687"><ele>2440.947138</ele><time>2026-07-11T08:57:48.000Z</time></trkpt><trkpt lat="42.557692" lon="44.550689"><ele>2440.958107</ele><time>2026-07-11T08:57:49.000Z</time></trkpt><trkpt lat="42.557697" lon="44.5507"><ele>2441.016762</ele><time>2026-07-11T08:57:51.000Z</time></trkpt><trkpt lat="42.557704" lon="44.550737"><ele>2441.190111</ele><time>2026-07-11T08:57:56.000Z</time></trkpt><trkpt lat="42.557714" lon="44.550773"><ele>2441.364701</ele><time>2026-07-11T08:58:02.000Z</time></trkpt><trkpt lat="42.557723" lon="44.55081"><ele>2441.541518</ele><time>2026-07-11T08:58:06.000Z</time></trkpt><trkpt lat="42.557726" lon="44.550815"><ele>2441.570782</ele><time>2026-07-11T08:58:07.000Z</time></trkpt><trkpt lat="42.557728" lon="44.550826"><ele>2441.622196</ele><time>2026-07-11T08:58:11.000Z</time></trkpt><trkpt lat="42.557727" lon="44.550846"><ele>2441.713161</ele><time>2026-07-11T08:58:13.000Z</time></trkpt><trkpt lat="42.557739" lon="44.550882"><ele>2441.89247</ele><time>2026-07-11T08:58:19.000Z</time></trkpt><trkpt lat="42.557748" lon="44.550911"><ele>2442.035269</ele><time>2026-07-11T08:58:22.000Z</time></trkpt><trkpt lat="42.557752" lon="44.550929"><ele>2442.120586</ele><time>2026-07-11T08:58:25.000Z</time></trkpt><trkpt lat="42.55775" lon="44.550926"><ele>2442.138947</ele><time>2026-07-11T08:58:31.000Z</time></trkpt><trkpt lat="42.557749" lon="44.550934"><ele>2442.175769</ele><time>2026-07-11T08:58:39.000Z</time></trkpt><trkpt lat="42.55775" lon="44.550933"><ele>2442.18342</ele><time>2026-07-11T08:58:48.000Z</time></trkpt><trkpt lat="42.557752" lon="44.550933"><ele>2442.195741</ele><time>2026-07-11T08:58:57.000Z</time></trkpt><trkpt lat="42.557751" lon="44.550934"><ele>2442.203392</ele><time>2026-07-11T08:59:05.000Z</time></trkpt><trkpt lat="42.557751" lon="44.550934"><ele>2442.203392</ele><time>2026-07-11T08:59:08.000Z</time></trkpt><trkpt lat="42.557751" lon="44.550934"><ele>2442.203392</ele><time>2026-07-11T08:59:11.000Z</time></trkpt><trkpt lat="42.557751" lon="44.550934"><ele>2442.203392</ele><time>2026-07-11T08:59:21.000Z</time></trkpt><trkpt lat="42.557751" lon="44.550934"><ele>2442.203392</ele><time>2026-07-11T08:59:30.000Z</time></trkpt><trkpt lat="42.557751" lon="44.550934"><ele>2442.203392</ele><time>2026-07-11T08:59:39.000Z</time></trkpt><trkpt lat="42.557751" lon="44.550934"><ele>2442.203392</ele><time>2026-07-11T09:00:05.000Z</time></trkpt><trkpt lat="42.557748" lon="44.550933"><ele>2442.222423</ele><time>2026-07-11T09:00:09.000Z</time></trkpt><trkpt lat="42.557751" lon="44.550933"><ele>2442.240904</ele><time>2026-07-11T09:00:17.000Z</time></trkpt><trkpt lat="42.55776" lon="44.550927"><ele>2442.302673</ele><time>2026-07-11T09:00:26.000Z</time></trkpt><trkpt lat="42.557746" lon="44.550928"><ele>2442.389039</ele><time>2026-07-11T09:00:35.000Z</time></trkpt><trkpt lat="42.557751" lon="44.550934"><ele>2442.43015</ele><time>2026-07-11T09:00:39.000Z</time></trkpt><trkpt lat="42.557751" lon="44.550934"><ele>2442.43015</ele><time>2026-07-11T09:00:46.000Z</time></trkpt><trkpt lat="42.557749" lon="44.550936"><ele>2442.445453</ele><time>2026-07-11T09:00:55.000Z</time></trkpt><trkpt lat="42.55775" lon="44.55094"><ele>2442.464621</ele><time>2026-07-11T09:00:58.000Z</time></trkpt><trkpt lat="42.557745" lon="44.550941"><ele>2442.495756</ele><time>2026-07-11T09:01:05.000Z</time></trkpt><trkpt lat="42.557751" lon="44.550934"><ele>2442.544493</ele><time>2026-07-11T09:01:16.000Z</time></trkpt><trkpt lat="42.557751" lon="44.550934"><ele>2442.544493</ele><time>2026-07-11T09:01:18.000Z</time></trkpt><trkpt lat="42.557751" lon="44.550934"><ele>2442.544493</ele><time>2026-07-11T09:01:25.000Z</time></trkpt><trkpt lat="42.557751" lon="44.550934"><ele>2442.544493</ele><time>2026-07-11T09:01:26.000Z</time></trkpt><trkpt lat="42.557751" lon="44.550934"><ele>2442.544493</ele><time>2026-07-11T09:01:33.000Z</time></trkpt><trkpt lat="42.557745" lon="44.550923"><ele>2442.658342</ele><time>2026-07-11T09:01:41.000Z</time></trkpt><trkpt lat="42.557737" lon="44.55092"><ele>2442.758325</ele><time>2026-07-11T09:01:52.000Z</time></trkpt><trkpt lat="42.557751" lon="44.550935"><ele>2442.973178</ele><time>2026-07-11T09:01:57.000Z</time></trkpt><trkpt lat="42.557749" lon="44.550936"><ele>2442.998853</ele><time>2026-07-11T09:02:02.000Z</time></trkpt><trkpt lat="42.557751" lon="44.550934"><ele>2443.028778</ele><time>2026-07-11T09:02:12.000Z</time></trkpt><trkpt lat="42.557751" lon="44.550934"><ele>2443.028778</ele><time>2026-07-11T09:02:16.000Z</time></trkpt><trkpt lat="42.557751" lon="44.550934"><ele>2443.028778</ele><time>2026-07-11T09:02:23.000Z</time></trkpt><trkpt lat="42.557747" lon="44.550936"><ele>2443.080129</ele><time>2026-07-11T09:02:33.000Z</time></trkpt><trkpt lat="42.557751" lon="44.550934"><ele>2443.131481</ele><time>2026-07-11T09:02:40.000Z</time></trkpt><trkpt lat="42.557749" lon="44.550936"><ele>2443.161405</ele><time>2026-07-11T09:02:47.000Z</time></trkpt><trkpt lat="42.557752" lon="44.550931"><ele>2443.21863</ele><time>2026-07-11T09:02:51.000Z</time></trkpt><trkpt lat="42.557751" lon="44.550934"><ele>2443.24785</ele><time>2026-07-11T09:02:53.000Z</time></trkpt><trkpt lat="42.557754" lon="44.550923"><ele>2443.351936</ele><time>2026-07-11T09:03:08.000Z</time></trkpt><trkpt lat="42.557762" lon="44.550917"><ele>2443.462039</ele><time>2026-07-11T09:03:15.000Z</time></trkpt><trkpt lat="42.557746" lon="44.550925"><ele>2443.667445</ele><time>2026-07-11T09:03:20.000Z</time></trkpt><trkpt lat="42.557737" lon="44.550936"><ele>2443.813332</ele><time>2026-07-11T09:03:27.000Z</time></trkpt><trkpt lat="42.557737" lon="44.550935"><ele>2443.822206</ele><time>2026-07-11T09:03:38.000Z</time></trkpt><trkpt lat="42.557737" lon="44.550935"><ele>2443.822206</ele><time>2026-07-11T09:03:44.000Z</time></trkpt><trkpt lat="42.557746" lon="44.550924"><ele>2443.968092</ele><time>2026-07-11T09:03:51.000Z</time></trkpt><trkpt lat="42.557737" lon="44.550935"><ele>2444.113979</ele><time>2026-07-11T09:03:58.000Z</time></trkpt><trkpt lat="42.557737" lon="44.550935"><ele>2444.113979</ele><time>2026-07-11T09:04:02.000Z</time></trkpt><trkpt lat="42.557737" lon="44.550935"><ele>2444.113979</ele><time>2026-07-11T09:04:11.000Z</time></trkpt><trkpt lat="42.557737" lon="44.550935"><ele>2444.113979</ele><time>2026-07-11T09:04:18.000Z</time></trkpt><trkpt lat="42.557747" lon="44.550937"><ele>2444.235747</ele><time>2026-07-11T09:04:20.000Z</time></trkpt><trkpt lat="42.55774" lon="44.550926"><ele>2444.364739</ele><time>2026-07-11T09:04:33.000Z</time></trkpt><trkpt lat="42.557742" lon="44.550928"><ele>2444.394664</ele><time>2026-07-11T09:04:37.000Z</time></trkpt><trkpt lat="42.557742" lon="44.550923"><ele>2444.439032</ele><time>2026-07-11T09:04:41.000Z</time></trkpt><trkpt lat="42.557737" lon="44.550935"><ele>2444.561371</ele><time>2026-07-11T09:04:51.000Z</time></trkpt><trkpt lat="42.557749" lon="44.550912"><ele>2444.811476</ele><time>2026-07-11T09:05:04.000Z</time></trkpt><trkpt lat="42.557744" lon="44.550916"><ele>2444.88139</ele><time>2026-07-11T09:05:14.000Z</time></trkpt><trkpt lat="42.557749" lon="44.550924"><ele>2444.97449</ele><time>2026-07-11T09:05:20.000Z</time></trkpt><trkpt lat="42.557756" lon="44.550932"><ele>2445.08472</ele><time>2026-07-11T09:05:27.000Z</time></trkpt><trkpt lat="42.557766" lon="44.550952"><ele>2445.299218</ele><time>2026-07-11T09:05:52.000Z</time></trkpt><trkpt lat="42.557774" lon="44.550997"><ele>2445.709997</ele><time>2026-07-11T09:05:57.000Z</time></trkpt><trkpt lat="42.557775" lon="44.551016"><ele>2445.879026</ele><time>2026-07-11T09:05:59.000Z</time></trkpt><trkpt lat="42.557787" lon="44.551084"><ele>2446.499508</ele><time>2026-07-11T09:06:06.000Z</time></trkpt><trkpt lat="42.557786" lon="44.551097"><ele>2446.615493</ele><time>2026-07-11T09:06:07.000Z</time></trkpt><trkpt lat="42.557783" lon="44.55113"><ele>2446.910545</ele><time>2026-07-11T09:06:10.000Z</time></trkpt><trkpt lat="42.557788" lon="44.551192"><ele>2447.463998</ele><time>2026-07-11T09:06:16.000Z</time></trkpt><trkpt lat="42.557794" lon="44.551236"><ele>2447.861072</ele><time>2026-07-11T09:06:20.000Z</time></trkpt><trkpt lat="42.557794" lon="44.551261"><ele>2448.082913</ele><time>2026-07-11T09:06:23.000Z</time></trkpt><trkpt lat="42.557796" lon="44.551281"><ele>2448.262013</ele><time>2026-07-11T09:06:25.000Z</time></trkpt><trkpt lat="42.557798" lon="44.551317"><ele>2448.582371</ele><time>2026-07-11T09:06:28.000Z</time></trkpt><trkpt lat="42.557799" lon="44.551339"><ele>2448.777963</ele><time>2026-07-11T09:06:30.000Z</time></trkpt><trkpt lat="42.55779" lon="44.551384"><ele>2449.191734</ele><time>2026-07-11T09:06:35.000Z</time></trkpt><trkpt lat="42.557789" lon="44.551402"><ele>2449.351913</ele><time>2026-07-11T09:06:37.000Z</time></trkpt><trkpt lat="42.557794" lon="44.551438"><ele>2449.676993</ele><time>2026-07-11T09:06:41.000Z</time></trkpt><trkpt lat="42.557794" lon="44.551469"><ele>2449.952076</ele><time>2026-07-11T09:06:44.000Z</time></trkpt><trkpt lat="42.557796" lon="44.551488"><ele>2450.122388</ele><time>2026-07-11T09:06:46.000Z</time></trkpt><trkpt lat="42.557796" lon="44.55152"><ele>2450.406344</ele><time>2026-07-11T09:06:50.000Z</time></trkpt><trkpt lat="42.557798" lon="44.551538"><ele>2450.567876</ele><time>2026-07-11T09:06:52.000Z</time></trkpt><trkpt lat="42.55779" lon="44.551565"><ele>2450.826121</ele><time>2026-07-11T09:06:55.000Z</time></trkpt><trkpt lat="42.557783" lon="44.551592"><ele>2451.080117</ele><time>2026-07-11T09:06:59.000Z</time></trkpt><trkpt lat="42.557781" lon="44.5516"><ele>2451.155083</ele><time>2026-07-11T09:07:03.000Z</time></trkpt><trkpt lat="42.557781" lon="44.551607"><ele>2451.217199</ele><time>2026-07-11T09:07:10.000Z</time></trkpt><trkpt lat="42.557783" lon="44.551629"><ele>2451.4139</ele><time>2026-07-11T09:07:20.000Z</time></trkpt><trkpt lat="42.55778" lon="44.55164"><ele>2451.517986</ele><time>2026-07-11T09:07:21.000Z</time></trkpt><trkpt lat="42.557768" lon="44.551673"><ele>2451.844555</ele><time>2026-07-11T09:07:25.000Z</time></trkpt><trkpt lat="42.557761" lon="44.551744"><ele>2452.480202</ele><time>2026-07-11T09:07:30.000Z</time></trkpt><trkpt lat="42.557761" lon="44.551762"><ele>2452.639927</ele><time>2026-07-11T09:07:32.000Z</time></trkpt><trkpt lat="42.557759" lon="44.551783"><ele>2452.827825</ele><time>2026-07-11T09:07:34.000Z</time></trkpt><trkpt lat="42.557762" lon="44.551795"><ele>2452.940274</ele><time>2026-07-11T09:07:35.000Z</time></trkpt><trkpt lat="42.557763" lon="44.5518"><ele>2452.986249</ele><time>2026-07-11T09:07:36.000Z</time></trkpt><trkpt lat="42.557766" lon="44.551807"><ele>2453.058113</ele><time>2026-07-11T09:07:38.000Z</time></trkpt><trkpt lat="42.557775" lon="44.551846"><ele>2453.420771</ele><time>2026-07-11T09:07:43.000Z</time></trkpt><trkpt lat="42.557787" lon="44.551877"><ele>2453.731526</ele><time>2026-07-11T09:07:47.000Z</time></trkpt><trkpt lat="42.557782" lon="44.551899"><ele>2453.935828</ele><time>2026-07-11T09:07:50.000Z</time></trkpt><trkpt lat="42.557784" lon="44.551906"><ele>2454.002452</ele><time>2026-07-11T09:07:51.000Z</time></trkpt><trkpt lat="42.557789" lon="44.551932"><ele>2454.2409</ele><time>2026-07-11T09:07:54.000Z</time></trkpt><trkpt lat="42.557791" lon="44.55195"><ele>2454.402432</ele><time>2026-07-11T09:07:57.000Z</time></trkpt><trkpt lat="42.557794" lon="44.551984"><ele>2454.706293</ele><time>2026-07-11T09:08:01.000Z</time></trkpt><trkpt lat="42.557789" lon="44.552004"><ele>2454.893709</ele><time>2026-07-11T09:08:03.000Z</time></trkpt><trkpt lat="42.557788" lon="44.552016"><ele>2455.000872</ele><time>2026-07-11T09:08:04.000Z</time></trkpt><trkpt lat="42.557789" lon="44.552026"><ele>2455.090422</ele><time>2026-07-11T09:08:05.000Z</time></trkpt><trkpt lat="42.557795" lon="44.552043"><ele>2455.257697</ele><time>2026-07-11T09:08:07.000Z</time></trkpt><trkpt lat="42.55781" lon="44.552074"><ele>2455.586822</ele><time>2026-07-11T09:08:11.000Z</time></trkpt><trkpt lat="42.557811" lon="44.552083"><ele>2455.667589</ele><time>2026-07-11T09:08:12.000Z</time></trkpt><trkpt lat="42.557821" lon="44.552161"><ele>2456.370138</ele><time>2026-07-11T09:08:21.000Z</time></trkpt><trkpt lat="42.557825" lon="44.552214"><ele>2456.842902</ele><time>2026-07-11T09:08:27.000Z</time></trkpt><trkpt lat="42.557825" lon="44.552233"><ele>2457.011501</ele><time>2026-07-11T09:08:29.000Z</time></trkpt><trkpt lat="42.557825" lon="44.552242"><ele>2457.091364</ele><time>2026-07-11T09:08:30.000Z</time></trkpt><trkpt lat="42.557833" lon="44.552329"><ele>2457.869362</ele><time>2026-07-11T09:08:38.000Z</time></trkpt><trkpt lat="42.557823" lon="44.552363"><ele>2458.194227</ele><time>2026-07-11T09:08:42.000Z</time></trkpt><trkpt lat="42.55782" lon="44.552391"><ele>2458.445304</ele><time>2026-07-11T09:08:45.000Z</time></trkpt><trkpt lat="42.557809" lon="44.552449"><ele>2458.97676</ele><time>2026-07-11T09:08:51.000Z</time></trkpt><trkpt lat="42.557808" lon="44.552457"><ele>2459.048764</ele><time>2026-07-11T09:08:52.000Z</time></trkpt><trkpt lat="42.557795" lon="44.55251"><ele>2459.544457</ele><time>2026-07-11T09:08:59.000Z</time></trkpt><trkpt lat="42.557792" lon="44.552521"><ele>2459.648542</ele><time>2026-07-11T09:09:00.000Z</time></trkpt><trkpt lat="42.557784" lon="44.552575"><ele>2460.137314</ele><time>2026-07-11T09:09:07.000Z</time></trkpt><trkpt lat="42.557779" lon="44.552593"><ele>2460.30802</ele><time>2026-07-11T09:09:09.000Z</time></trkpt><trkpt lat="42.557765" lon="44.552634"><ele>2460.70903</ele><time>2026-07-11T09:09:14.000Z</time></trkpt><trkpt lat="42.557758" lon="44.55265"><ele>2460.874163</ele><time>2026-07-11T09:09:16.000Z</time></trkpt><trkpt lat="42.557739" lon="44.552703"><ele>2461.397207</ele><time>2026-07-11T09:09:21.000Z</time></trkpt><trkpt lat="42.557734" lon="44.552723"><ele>2461.584623</ele><time>2026-07-11T09:09:23.000Z</time></trkpt><trkpt lat="42.5577" lon="44.552831"><ele>2462.626836</ele><time>2026-07-11T09:09:34.000Z</time></trkpt><trkpt lat="42.557697" lon="44.552841"><ele>2462.72265</ele><time>2026-07-11T09:09:35.000Z</time></trkpt><trkpt lat="42.557678" lon="44.552918"><ele>2463.44324</ele><time>2026-07-11T09:09:41.000Z</time></trkpt><trkpt lat="42.55767" lon="44.553041"><ele>2464.139895</ele><time>2026-07-11T09:09:51.000Z</time></trkpt><trkpt lat="42.55765" lon="44.553117"><ele>2463.958929</ele><time>2026-07-11T09:09:57.000Z</time></trkpt><trkpt lat="42.557639" lon="44.553161"><ele>2463.854739</ele><time>2026-07-11T09:10:01.000Z</time></trkpt><trkpt lat="42.557617" lon="44.553247"><ele>2463.6506</ele><time>2026-07-11T09:10:08.000Z</time></trkpt><trkpt lat="42.557608" lon="44.553319"><ele>2463.486844</ele><time>2026-07-11T09:10:15.000Z</time></trkpt><trkpt lat="42.557608" lon="44.553328"><ele>2463.466663</ele><time>2026-07-11T09:10:16.000Z</time></trkpt><trkpt lat="42.557589" lon="44.553388"><ele>2463.320218</ele><time>2026-07-11T09:10:22.000Z</time></trkpt><trkpt lat="42.557586" lon="44.553479"><ele>2463.115961</ele><time>2026-07-11T09:10:30.000Z</time></trkpt><trkpt lat="42.557582" lon="44.553507"><ele>2463.052006</ele><time>2026-07-11T09:10:32.000Z</time></trkpt><trkpt lat="42.557586" lon="44.553541"><ele>2462.974801</ele><time>2026-07-11T09:10:35.000Z</time></trkpt><trkpt lat="42.557582" lon="44.553686"><ele>2462.649435</ele><time>2026-07-11T09:10:44.000Z</time></trkpt><trkpt lat="42.55758" lon="44.553701"><ele>2462.615253</ele><time>2026-07-11T09:10:45.000Z</time></trkpt><trkpt lat="42.557563" lon="44.553798"><ele>2462.391675</ele><time>2026-07-11T09:10:52.000Z</time></trkpt><trkpt lat="42.557559" lon="44.553813"><ele>2462.355904</ele><time>2026-07-11T09:10:53.000Z</time></trkpt><trkpt lat="42.557568" lon="44.553895"><ele>2462.170003</ele><time>2026-07-11T09:11:00.000Z</time></trkpt><trkpt lat="42.557566" lon="44.553929"><ele>2462.093521</ele><time>2026-07-11T09:11:03.000Z</time></trkpt><trkpt lat="42.557571" lon="44.553973"><ele>2461.993691</ele><time>2026-07-11T09:11:07.000Z</time></trkpt><trkpt lat="42.557577" lon="44.553985"><ele>2461.96117</ele><time>2026-07-11T09:11:08.000Z</time></trkpt><trkpt lat="42.557614" lon="44.554073"><ele>2461.733961</ele><time>2026-07-11T09:11:15.000Z</time></trkpt><trkpt lat="42.557628" lon="44.554103"><ele>2461.654327</ele><time>2026-07-11T09:11:18.000Z</time></trkpt><trkpt lat="42.557687" lon="44.554203"><ele>2461.367032</ele><time>2026-07-11T09:11:28.000Z</time></trkpt><trkpt lat="42.557757" lon="44.554315"><ele>2461.037669</ele><time>2026-07-11T09:11:39.000Z</time></trkpt><trkpt lat="42.557814" lon="44.554402"><ele>2460.776584</ele><time>2026-07-11T09:11:48.000Z</time></trkpt><trkpt lat="42.557815" lon="44.554473"><ele>2460.61735</ele><time>2026-07-11T09:11:54.000Z</time></trkpt><trkpt lat="42.557825" lon="44.554536"><ele>2460.472841</ele><time>2026-07-11T09:11:59.000Z</time></trkpt><trkpt lat="42.557839" lon="44.554567"><ele>2460.391304</ele><time>2026-07-11T09:12:02.000Z</time></trkpt><trkpt lat="42.557847" lon="44.554621"><ele>2460.267794</ele><time>2026-07-11T09:12:07.000Z</time></trkpt><trkpt lat="42.557845" lon="44.554644"><ele>2460.215863</ele><time>2026-07-11T09:12:09.000Z</time></trkpt><trkpt lat="42.557852" lon="44.554724"><ele>2460.035216</ele><time>2026-07-11T09:12:15.000Z</time></trkpt><trkpt lat="42.557841" lon="44.554764"><ele>2459.939476</ele><time>2026-07-11T09:12:18.000Z</time></trkpt><trkpt lat="42.557813" lon="44.554777"><ele>2459.849393</ele><time>2026-07-11T09:12:21.000Z</time></trkpt><trkpt lat="42.557799" lon="44.554772"><ele>2459.805324</ele><time>2026-07-11T09:12:23.000Z</time></trkpt><trkpt lat="42.557793" lon="44.554764"><ele>2459.779723</ele><time>2026-07-11T09:12:24.000Z</time></trkpt><trkpt lat="42.557724" lon="44.554741"><ele>2459.563437</ele><time>2026-07-11T09:12:32.000Z</time></trkpt><trkpt lat="42.557694" lon="44.554736"><ele>2459.471426</ele><time>2026-07-11T09:12:35.000Z</time></trkpt><trkpt lat="42.557657" lon="44.55473"><ele>2459.357991</ele><time>2026-07-11T09:12:39.000Z</time></trkpt><trkpt lat="42.557644" lon="44.55473"><ele>2459.318417</ele><time>2026-07-11T09:12:41.000Z</time></trkpt><trkpt lat="42.557608" lon="44.554758"><ele>2459.192115</ele><time>2026-07-11T09:12:46.000Z</time></trkpt><trkpt lat="42.557606" lon="44.554767"><ele>2459.171036</ele><time>2026-07-11T09:12:47.000Z</time></trkpt><trkpt lat="42.557555" lon="44.554787"><ele>2459.009436</ele><time>2026-07-11T09:12:53.000Z</time></trkpt><trkpt lat="42.557488" lon="44.554805"><ele>2458.801521</ele><time>2026-07-11T09:13:00.000Z</time></trkpt><trkpt lat="42.557421" lon="44.554841"><ele>2459.314106</ele><time>2026-07-11T09:13:07.000Z</time></trkpt><trkpt lat="42.55735" lon="44.554889"><ele>2460.157902</ele><time>2026-07-11T09:13:15.000Z</time></trkpt><trkpt lat="42.557312" lon="44.55491"><ele>2460.59437</ele><time>2026-07-11T09:13:19.000Z</time></trkpt><trkpt lat="42.557279" lon="44.554919"><ele>2460.95245</ele><time>2026-07-11T09:13:22.000Z</time></trkpt><trkpt lat="42.557204" lon="44.554957"><ele>2461.804082</ele><time>2026-07-11T09:13:31.000Z</time></trkpt><trkpt lat="42.55715" lon="44.555021"><ele>2462.566669</ele><time>2026-07-11T09:13:38.000Z</time></trkpt><trkpt lat="42.55709" lon="44.555048"><ele>2463.239122</ele><time>2026-07-11T09:13:45.000Z</time></trkpt><trkpt lat="42.55702" lon="44.555051"><ele>2463.984178</ele><time>2026-07-11T09:13:53.000Z</time></trkpt><trkpt lat="42.556941" lon="44.555052"><ele>2464.824644</ele><time>2026-07-11T09:14:01.000Z</time></trkpt><trkpt lat="42.556923" lon="44.555049"><ele>2465.017572</ele><time>2026-07-11T09:14:03.000Z</time></trkpt><trkpt lat="42.556862" lon="44.555039"><ele>2465.671225</ele><time>2026-07-11T09:14:09.000Z</time></trkpt><trkpt lat="42.556787" lon="44.555052"><ele>2466.475579</ele><time>2026-07-11T09:14:17.000Z</time></trkpt><trkpt lat="42.556698" lon="44.55506"><ele>2467.424465</ele><time>2026-07-11T09:14:25.000Z</time></trkpt><trkpt lat="42.556661" lon="44.555066"><ele>2467.820882</ele><time>2026-07-11T09:14:29.000Z</time></trkpt><trkpt lat="42.556631" lon="44.555062"><ele>2468.141569</ele><time>2026-07-11T09:14:32.000Z</time></trkpt><trkpt lat="42.556562" lon="44.555053"><ele>2468.878995</ele><time>2026-07-11T09:14:39.000Z</time></trkpt><trkpt lat="42.556487" lon="44.555038"><ele>2469.685483</ele><time>2026-07-11T09:14:47.000Z</time></trkpt><trkpt lat="42.556437" lon="44.555046"><ele>2470.221082</ele><time>2026-07-11T09:14:53.000Z</time></trkpt><trkpt lat="42.55643" lon="44.555049"><ele>2470.299174</ele><time>2026-07-11T09:14:54.000Z</time></trkpt><trkpt lat="42.5564" lon="44.555043"><ele>2470.621769</ele><time>2026-07-11T09:14:58.000Z</time></trkpt><trkpt lat="42.556396" lon="44.555045"><ele>2470.667117</ele><time>2026-07-11T09:14:59.000Z</time></trkpt><trkpt lat="42.55638" lon="44.555048"><ele>2470.838946</ele><time>2026-07-11T09:15:01.000Z</time></trkpt><trkpt lat="42.556364" lon="44.555042"><ele>2471.015534</ele><time>2026-07-11T09:15:04.000Z</time></trkpt><trkpt lat="42.556339" lon="44.555045"><ele>2471.28253</ele><time>2026-07-11T09:15:08.000Z</time></trkpt><trkpt lat="42.556332" lon="44.555043"><ele>2471.35863</ele><time>2026-07-11T09:15:09.000Z</time></trkpt><trkpt lat="42.5563" lon="44.55505"><ele>2471.703448</ele><time>2026-07-11T09:15:14.000Z</time></trkpt><trkpt lat="42.556293" lon="44.555049"><ele>2471.778328</ele><time>2026-07-11T09:15:15.000Z</time></trkpt><trkpt lat="42.556267" lon="44.555063"><ele>2472.075888</ele><time>2026-07-11T09:15:21.000Z</time></trkpt><trkpt lat="42.556261" lon="44.555061"><ele>2472.141614</ele><time>2026-07-11T09:15:22.000Z</time></trkpt><trkpt lat="42.556234" lon="44.555055"><ele>2472.432672</ele><time>2026-07-11T09:15:26.000Z</time></trkpt><trkpt lat="42.556211" lon="44.555063"><ele>2472.685258</ele><time>2026-07-11T09:15:29.000Z</time></trkpt><trkpt lat="42.556201" lon="44.555088"><ele>2472.908188</ele><time>2026-07-11T09:15:35.000Z</time></trkpt><trkpt lat="42.556206" lon="44.555099"><ele>2473.009479</ele><time>2026-07-11T09:15:38.000Z</time></trkpt><trkpt lat="42.556219" lon="44.555112"><ele>2473.181247</ele><time>2026-07-11T09:15:43.000Z</time></trkpt><trkpt lat="42.556223" lon="44.55512"><ele>2473.257016</ele><time>2026-07-11T09:15:44.000Z</time></trkpt><trkpt lat="42.556219" lon="44.555156"><ele>2473.542317</ele><time>2026-07-11T09:15:49.000Z</time></trkpt><trkpt lat="42.556223" lon="44.555156"><ele>2473.58487</ele><time>2026-07-11T09:15:50.000Z</time></trkpt><trkpt lat="42.556245" lon="44.555167"><ele>2473.834283</ele><time>2026-07-11T09:15:55.000Z</time></trkpt><trkpt lat="42.556249" lon="44.555169"><ele>2473.879631</ele><time>2026-07-11T09:15:56.000Z</time></trkpt><trkpt lat="42.556261" lon="44.5552"><ele>2474.154059</ele><time>2026-07-11T09:16:04.000Z</time></trkpt><trkpt lat="42.556267" lon="44.555217"><ele>2474.301779</ele><time>2026-07-11T09:16:07.000Z</time></trkpt><trkpt lat="42.556275" lon="44.555224"><ele>2474.403032</ele><time>2026-07-11T09:16:12.000Z</time></trkpt><trkpt lat="42.556285" lon="44.555246"><ele>2474.605613</ele><time>2026-07-11T09:16:17.000Z</time></trkpt><trkpt lat="42.556287" lon="44.555252"><ele>2474.657222</ele><time>2026-07-11T09:16:18.000Z</time></trkpt><trkpt lat="42.556294" lon="44.55527"><ele>2474.816727</ele><time>2026-07-11T09:16:25.000Z</time></trkpt><trkpt lat="42.556319" lon="44.555314"><ele>2475.252181</ele><time>2026-07-11T09:16:32.000Z</time></trkpt><trkpt lat="42.556324" lon="44.55532"><ele>2475.323175</ele><time>2026-07-11T09:16:34.000Z</time></trkpt><trkpt lat="42.556345" lon="44.555329"><ele>2475.557448</ele><time>2026-07-11T09:16:39.000Z</time></trkpt><trkpt lat="42.556344" lon="44.555343"><ele>2475.667671</ele><time>2026-07-11T09:16:42.000Z</time></trkpt><trkpt lat="42.55634" lon="44.555348"><ele>2475.725516</ele><time>2026-07-11T09:16:45.000Z</time></trkpt><trkpt lat="42.556351" lon="44.555361"><ele>2475.880668</ele><time>2026-07-11T09:16:52.000Z</time></trkpt><trkpt lat="42.556351" lon="44.555363"><ele>2475.896341</ele><time>2026-07-11T09:16:53.000Z</time></trkpt><trkpt lat="42.556373" lon="44.555384"><ele>2476.182448</ele><time>2026-07-11T09:16:58.000Z</time></trkpt><trkpt lat="42.556378" lon="44.555386"><ele>2476.237901</ele><time>2026-07-11T09:16:59.000Z</time></trkpt><trkpt lat="42.556411" lon="44.555401"><ele>2476.608122</ele><time>2026-07-11T09:17:06.000Z</time></trkpt><trkpt lat="42.556407" lon="44.555404"><ele>2476.656738</ele><time>2026-07-11T09:17:15.000Z</time></trkpt><trkpt lat="42.556414" lon="44.555403"><ele>2476.731617</ele><time>2026-07-11T09:17:18.000Z</time></trkpt><trkpt lat="42.556414" lon="44.555403"><ele>2476.731617</ele><time>2026-07-11T09:17:24.000Z</time></trkpt><trkpt lat="42.556395" lon="44.555406"><ele>2476.935108</ele><time>2026-07-11T09:17:33.000Z</time></trkpt><trkpt lat="42.556399" lon="44.555407"><ele>2476.978377</ele><time>2026-07-11T09:17:34.000Z</time></trkpt><trkpt lat="42.55639" lon="44.555428"><ele>2477.168767</ele><time>2026-07-11T09:17:40.000Z</time></trkpt><trkpt lat="42.556384" lon="44.555431"><ele>2477.236789</ele><time>2026-07-11T09:17:41.000Z</time></trkpt><trkpt lat="42.556395" lon="44.555432"><ele>2477.354072</ele><time>2026-07-11T09:17:45.000Z</time></trkpt><trkpt lat="42.556405" lon="44.55543"><ele>2477.461604</ele><time>2026-07-11T09:17:47.000Z</time></trkpt><trkpt lat="42.556421" lon="44.555431"><ele>2477.631998</ele><time>2026-07-11T09:17:55.000Z</time></trkpt><trkpt lat="42.556428" lon="44.555425"><ele>2477.720068</ele><time>2026-07-11T09:17:57.000Z</time></trkpt><trkpt lat="42.556418" lon="44.555408"><ele>2477.899919</ele><time>2026-07-11T09:18:00.000Z</time></trkpt><trkpt lat="42.556417" lon="44.555405"><ele>2477.947822</ele><time>2026-07-11T09:18:01.000Z</time></trkpt><trkpt lat="42.556414" lon="44.555403"><ele>2478.013829</ele><time>2026-07-11T09:18:10.000Z</time></trkpt><trkpt lat="42.556425" lon="44.555408"><ele>2478.242924</ele><time>2026-07-11T09:18:12.000Z</time></trkpt><trkpt lat="42.556412" lon="44.555412"><ele>2478.506176</ele><time>2026-07-11T09:18:15.000Z</time></trkpt><trkpt lat="42.556414" lon="44.555403"><ele>2478.642932</ele><time>2026-07-11T09:18:25.000Z</time></trkpt><trkpt lat="42.55644" lon="44.555435"><ele>2479.336022</ele><time>2026-07-11T09:18:35.000Z</time></trkpt><trkpt lat="42.556502" lon="44.55545"><ele>2480.579768</ele><time>2026-07-11T09:18:43.000Z</time></trkpt><trkpt lat="42.556523" lon="44.555453"><ele>2480.996792</ele><time>2026-07-11T09:18:46.000Z</time></trkpt><trkpt lat="42.556538" lon="44.555457"><ele>2481.298692</ele><time>2026-07-11T09:18:49.000Z</time></trkpt><trkpt lat="42.556575" lon="44.555471"><ele>2482.057267</ele><time>2026-07-11T09:18:54.000Z</time></trkpt><trkpt lat="42.556632" lon="44.555518"><ele>2483.37435</ele><time>2026-07-11T09:19:01.000Z</time></trkpt><trkpt lat="42.556679" lon="44.555526"><ele>2484.309833</ele><time>2026-07-11T09:19:07.000Z</time></trkpt><trkpt lat="42.556709" lon="44.555548"><ele>2484.983226</ele><time>2026-07-11T09:19:11.000Z</time></trkpt><trkpt lat="42.55672" lon="44.555556"><ele>2485.229677</ele><time>2026-07-11T09:19:13.000Z</time></trkpt><trkpt lat="42.556741" lon="44.555565"><ele>2485.664587</ele><time>2026-07-11T09:19:17.000Z</time></trkpt><trkpt lat="42.55676" lon="44.555575"><ele>2486.067036</ele><time>2026-07-11T09:19:19.000Z</time></trkpt><trkpt lat="42.556766" lon="44.555577"><ele>2486.189051</ele><time>2026-07-11T09:19:20.000Z</time></trkpt><trkpt lat="42.556791" lon="44.55559"><ele>2486.717763</ele><time>2026-07-11T09:19:24.000Z</time></trkpt><trkpt lat="42.556796" lon="44.55559"><ele>2486.816509</ele><time>2026-07-11T09:19:25.000Z</time></trkpt><trkpt lat="42.556804" lon="44.555594"><ele>2486.984878</ele><time>2026-07-11T09:19:28.000Z</time></trkpt><trkpt lat="42.556833" lon="44.555621"><ele>2487.679353</ele><time>2026-07-11T09:19:37.000Z</time></trkpt><trkpt lat="42.556836" lon="44.555624"><ele>2487.752939</ele><time>2026-07-11T09:19:38.000Z</time></trkpt><trkpt lat="42.556846" lon="44.555626"><ele>2487.952563</ele><time>2026-07-11T09:19:47.000Z</time></trkpt><trkpt lat="42.556846" lon="44.55563"><ele>2488.010753</ele><time>2026-07-11T09:19:48.000Z</time></trkpt><trkpt lat="42.556847" lon="44.555633"><ele>2488.058656</ele><time>2026-07-11T09:19:50.000Z</time></trkpt><trkpt lat="42.556846" lon="44.555631"><ele>2488.09382</ele><time>2026-07-11T09:19:53.000Z</time></trkpt><trkpt lat="42.55686" lon="44.555642"><ele>2488.413279</ele><time>2026-07-11T09:20:02.000Z</time></trkpt><trkpt lat="42.556901" lon="44.555681"><ele>2489.401981</ele><time>2026-07-11T09:20:08.000Z</time></trkpt><trkpt lat="42.556912" lon="44.55569"><ele>2489.655626</ele><time>2026-07-11T09:20:11.000Z</time></trkpt><trkpt lat="42.556917" lon="44.555693"><ele>2489.763586</ele><time>2026-07-11T09:20:12.000Z</time></trkpt><trkpt lat="42.556939" lon="44.55573"><ele>2490.455319</ele><time>2026-07-11T09:20:20.000Z</time></trkpt><trkpt lat="42.556942" lon="44.555738"><ele>2490.585912</ele><time>2026-07-11T09:20:21.000Z</time></trkpt><trkpt lat="42.556955" lon="44.555774"><ele>2491.169165</ele><time>2026-07-11T09:20:27.000Z</time></trkpt><trkpt lat="42.556974" lon="44.555801"><ele>2491.712376</ele><time>2026-07-11T09:20:33.000Z</time></trkpt><trkpt lat="42.55701" lon="44.555861"><ele>2492.838138</ele><time>2026-07-11T09:20:41.000Z</time></trkpt><trkpt lat="42.557079" lon="44.555897"><ele>2494.298007</ele><time>2026-07-11T09:20:49.000Z</time></trkpt><trkpt lat="42.557136" lon="44.555941"><ele>2495.592969</ele><time>2026-07-11T09:20:57.000Z</time></trkpt><trkpt lat="42.557141" lon="44.555947"><ele>2495.724762</ele><time>2026-07-11T09:20:58.000Z</time></trkpt><trkpt lat="42.557176" lon="44.555984"><ele>2496.600836</ele><time>2026-07-11T09:21:04.000Z</time></trkpt><trkpt lat="42.557184" lon="44.555992"><ele>2496.797066</ele><time>2026-07-11T09:21:06.000Z</time></trkpt><trkpt lat="42.557217" lon="44.556017"><ele>2497.543399</ele><time>2026-07-11T09:21:10.000Z</time></trkpt><trkpt lat="42.557251" lon="44.556042"><ele>2498.307038</ele><time>2026-07-11T09:21:14.000Z</time></trkpt><trkpt lat="42.557264" lon="44.556052"><ele>2498.602128</ele><time>2026-07-11T09:21:16.000Z</time></trkpt><trkpt lat="42.557323" lon="44.556077"><ele>2499.822772</ele><time>2026-07-11T09:21:23.000Z</time></trkpt><trkpt lat="42.557343" lon="44.556086"><ele>2500.238891</ele><time>2026-07-11T09:21:26.000Z</time></trkpt><trkpt lat="42.557379" lon="44.556108"><ele>2501.018576</ele><time>2026-07-11T09:21:31.000Z</time></trkpt><trkpt lat="42.5574" lon="44.556127"><ele>2501.516975</ele><time>2026-07-11T09:21:35.000Z</time></trkpt><trkpt lat="42.557414" lon="44.556138"><ele>2501.836432</ele><time>2026-07-11T09:21:38.000Z</time></trkpt><trkpt lat="42.557443" lon="44.556143"><ele>2502.413761</ele><time>2026-07-11T09:21:42.000Z</time></trkpt><trkpt lat="42.557468" lon="44.556157"><ele>2502.947848</ele><time>2026-07-11T09:21:46.000Z</time></trkpt><trkpt lat="42.557511" lon="44.556173"><ele>2503.828386</ele><time>2026-07-11T09:21:52.000Z</time></trkpt><trkpt lat="42.557516" lon="44.556177"><ele>2503.943002</ele><time>2026-07-11T09:21:53.000Z</time></trkpt><trkpt lat="42.557574" lon="44.556215"><ele>2505.214873</ele><time>2026-07-11T09:22:00.000Z</time></trkpt><trkpt lat="42.557588" lon="44.556214"><ele>2505.491745</ele><time>2026-07-11T09:22:02.000Z</time></trkpt><trkpt lat="42.557624" lon="44.556227"><ele>2506.227441</ele><time>2026-07-11T09:22:07.000Z</time></trkpt><trkpt lat="42.557636" lon="44.556228"><ele>2506.464878</ele><time>2026-07-11T09:22:09.000Z</time></trkpt><trkpt lat="42.557661" lon="44.556248"><ele>2507.037957</ele><time>2026-07-11T09:22:14.000Z</time></trkpt><trkpt lat="42.55767" lon="44.55627"><ele>2507.404042</ele><time>2026-07-11T09:22:17.000Z</time></trkpt><trkpt lat="42.557676" lon="44.556299"><ele>2507.842237</ele><time>2026-07-11T09:22:21.000Z</time></trkpt><trkpt lat="42.557683" lon="44.55632"><ele>2508.177554</ele><time>2026-07-11T09:22:24.000Z</time></trkpt><trkpt lat="42.557696" lon="44.55632"><ele>2508.434294</ele><time>2026-07-11T09:22:27.000Z</time></trkpt><trkpt lat="42.557707" lon="44.556319"><ele>2508.652023</ele><time>2026-07-11T09:22:29.000Z</time></trkpt><trkpt lat="42.557705" lon="44.556333"><ele>2508.859479</ele><time>2026-07-11T09:22:34.000Z</time></trkpt><trkpt lat="42.55771" lon="44.556344"><ele>2509.047514</ele><time>2026-07-11T09:22:36.000Z</time></trkpt><trkpt lat="42.55772" lon="44.556358"><ele>2509.331206</ele><time>2026-07-11T09:22:39.000Z</time></trkpt><trkpt lat="42.557724" lon="44.556348"><ele>2509.496744</ele><time>2026-07-11T09:22:41.000Z</time></trkpt><trkpt lat="42.557732" lon="44.556341"><ele>2509.684711</ele><time>2026-07-11T09:22:43.000Z</time></trkpt><trkpt lat="42.557769" lon="44.556337"><ele>2510.417746</ele><time>2026-07-11T09:22:50.000Z</time></trkpt><trkpt lat="42.557777" lon="44.556362"><ele>2510.814263</ele><time>2026-07-11T09:22:56.000Z</time></trkpt><trkpt lat="42.557794" lon="44.556363"><ele>2511.150316</ele><time>2026-07-11T09:23:03.000Z</time></trkpt><trkpt lat="42.5578" lon="44.556366"><ele>2511.276593</ele><time>2026-07-11T09:23:04.000Z</time></trkpt><trkpt lat="42.557805" lon="44.556373"><ele>2511.418439</ele><time>2026-07-11T09:23:10.000Z</time></trkpt><trkpt lat="42.557808" lon="44.556376"><ele>2511.492024</ele><time>2026-07-11T09:23:11.000Z</time></trkpt><trkpt lat="42.557809" lon="44.556385"><ele>2511.624431</ele><time>2026-07-11T09:23:14.000Z</time></trkpt><trkpt lat="42.557829" lon="44.556393"><ele>2512.036204</ele><time>2026-07-11T09:23:18.000Z</time></trkpt><trkpt lat="42.557833" lon="44.556395"><ele>2512.120388</ele><time>2026-07-11T09:23:19.000Z</time></trkpt><trkpt lat="42.557842" lon="44.556406"><ele>2512.359551</ele><time>2026-07-11T09:23:27.000Z</time></trkpt><trkpt lat="42.557856" lon="44.55642"><ele>2512.702952</ele><time>2026-07-11T09:23:34.000Z</time></trkpt><trkpt lat="42.557857" lon="44.556423"><ele>2512.750854</ele><time>2026-07-11T09:23:35.000Z</time></trkpt><trkpt lat="42.557861" lon="44.55642"><ele>2512.841105</ele><time>2026-07-11T09:23:36.000Z</time></trkpt><trkpt lat="42.557871" lon="44.556407"><ele>2513.114541</ele><time>2026-07-11T09:23:42.000Z</time></trkpt><trkpt lat="42.557878" lon="44.556411"><ele>2513.264533</ele><time>2026-07-11T09:23:44.000Z</time></trkpt><trkpt lat="42.557883" lon="44.556426"><ele>2513.597499</ele><time>2026-07-11T09:23:48.000Z</time></trkpt><trkpt lat="42.557895" lon="44.556444"><ele>2514.2725</ele><time>2026-07-11T09:23:52.000Z</time></trkpt><trkpt lat="42.557895" lon="44.556435"><ele>2514.522731</ele><time>2026-07-11T09:23:56.000Z</time></trkpt><trkpt lat="42.557903" lon="44.556421"><ele>2515.015375</ele><time>2026-07-11T09:23:59.000Z</time></trkpt><trkpt lat="42.557915" lon="44.556424"><ele>2515.475942</ele><time>2026-07-11T09:24:03.000Z</time></trkpt><trkpt lat="42.55792" lon="44.556437"><ele>2515.883692</ele><time>2026-07-11T09:24:07.000Z</time></trkpt><trkpt lat="42.557922" lon="44.556447"><ele>2516.171793</ele><time>2026-07-11T09:24:10.000Z</time></trkpt><trkpt lat="42.557929" lon="44.55646"><ele>2516.619515</ele><time>2026-07-11T09:24:13.000Z</time></trkpt><trkpt lat="42.557949" lon="44.556457"><ele>2517.379027</ele><time>2026-07-11T09:24:18.000Z</time></trkpt><trkpt lat="42.557951" lon="44.556458"><ele>2517.459476</ele><time>2026-07-11T09:24:19.000Z</time></trkpt><trkpt lat="42.557954" lon="44.556454"><ele>2517.618193</ele><time>2026-07-11T09:24:20.000Z</time></trkpt><trkpt lat="42.557975" lon="44.556451"><ele>2518.415234</ele><time>2026-07-11T09:24:26.000Z</time></trkpt><trkpt lat="42.557973" lon="44.556448"><ele>2518.527734</ele><time>2026-07-11T09:24:32.000Z</time></trkpt><trkpt lat="42.557993" lon="44.556425"><ele>2519.517093</ele><time>2026-07-11T09:24:37.000Z</time></trkpt><trkpt lat="42.558001" lon="44.55642"><ele>2519.849524</ele><time>2026-07-11T09:24:39.000Z</time></trkpt><trkpt lat="42.558013" lon="44.556422"><ele>2520.305875</ele><time>2026-07-11T09:24:43.000Z</time></trkpt><trkpt lat="42.558014" lon="44.556423"><ele>2520.352756</ele><time>2026-07-11T09:24:44.000Z</time></trkpt><trkpt lat="42.558035" lon="44.556452"><ele>2521.483433</ele><time>2026-07-11T09:24:51.000Z</time></trkpt><trkpt lat="42.558038" lon="44.556454"><ele>2521.609587</ele><time>2026-07-11T09:24:52.000Z</time></trkpt><trkpt lat="42.558045" lon="44.556471"><ele>2522.151083</ele><time>2026-07-11T09:24:58.000Z</time></trkpt><trkpt lat="42.558045" lon="44.556476"><ele>2522.2901</ele><time>2026-07-11T09:24:59.000Z</time></trkpt><trkpt lat="42.55805" lon="44.556491"><ele>2522.747865</ele><time>2026-07-11T09:25:05.000Z</time></trkpt><trkpt lat="42.558051" lon="44.556492"><ele>2522.794746</ele><time>2026-07-11T09:25:11.000Z</time></trkpt><trkpt lat="42.558051" lon="44.55651"><ele>2523.295206</ele><time>2026-07-11T09:25:15.000Z</time></trkpt><trkpt lat="42.55805" lon="44.556506"><ele>2523.412651</ele><time>2026-07-11T09:25:27.000Z</time></trkpt><trkpt lat="42.558072" lon="44.556483"><ele>2524.460749</ele><time>2026-07-11T09:25:33.000Z</time></trkpt><trkpt lat="42.558078" lon="44.556507"><ele>2525.165415</ele><time>2026-07-11T09:25:38.000Z</time></trkpt><trkpt lat="42.558076" lon="44.556516"><ele>2525.426785</ele><time>2026-07-11T09:25:40.000Z</time></trkpt><trkpt lat="42.558097" lon="44.55652"><ele>2526.227212</ele><time>2026-07-11T09:25:47.000Z</time></trkpt><trkpt lat="42.558109" lon="44.556527"><ele>2526.720206</ele><time>2026-07-11T09:25:49.000Z</time></trkpt><trkpt lat="42.558125" lon="44.556541"><ele>2527.438711</ele><time>2026-07-11T09:25:54.000Z</time></trkpt><trkpt lat="42.558132" lon="44.556569"><ele>2528.26082</ele><time>2026-07-11T09:25:59.000Z</time></trkpt><trkpt lat="42.558142" lon="44.556581"><ele>2528.764597</ele><time>2026-07-11T09:26:03.000Z</time></trkpt><trkpt lat="42.558155" lon="44.556608"><ele>2529.661434</ele><time>2026-07-11T09:26:09.000Z</time></trkpt><trkpt lat="42.558156" lon="44.556612"><ele>2529.778878</ele><time>2026-07-11T09:26:10.000Z</time></trkpt><trkpt lat="42.558159" lon="44.556616"><ele>2529.937596</ele><time>2026-07-11T09:26:11.000Z</time></trkpt><trkpt lat="42.558169" lon="44.556627"><ele>2530.423405</ele><time>2026-07-11T09:26:14.000Z</time></trkpt><trkpt lat="42.558178" lon="44.556635"><ele>2530.829458</ele><time>2026-07-11T09:26:16.000Z</time></trkpt><trkpt lat="42.558184" lon="44.556639"><ele>2531.081766</ele><time>2026-07-11T09:26:18.000Z</time></trkpt><trkpt lat="42.558191" lon="44.556662"><ele>2531.773678</ele><time>2026-07-11T09:26:25.000Z</time></trkpt><trkpt lat="42.558193" lon="44.55667"><ele>2532.008566</ele><time>2026-07-11T09:26:26.000Z</time></trkpt><trkpt lat="42.55821" lon="44.556691"><ele>2532.876123</ele><time>2026-07-11T09:26:32.000Z</time></trkpt><trkpt lat="42.558236" lon="44.556728"><ele>2534.297883</ele><time>2026-07-11T09:26:40.000Z</time></trkpt><trkpt lat="42.558249" lon="44.556744"><ele>2534.96021</ele><time>2026-07-11T09:26:47.000Z</time></trkpt><trkpt lat="42.558257" lon="44.556761"><ele>2535.52109</ele><time>2026-07-11T09:26:50.000Z</time></trkpt><trkpt lat="42.558265" lon="44.556768"><ele>2535.880343</ele><time>2026-07-11T09:26:54.000Z</time></trkpt><trkpt lat="42.558268" lon="44.556782"><ele>2536.285725</ele><time>2026-07-11T09:26:59.000Z</time></trkpt><trkpt lat="42.55828" lon="44.556793"><ele>2536.832259</ele><time>2026-07-11T09:27:04.000Z</time></trkpt><trkpt lat="42.558288" lon="44.5568"><ele>2537.191512</ele><time>2026-07-11T09:27:07.000Z</time></trkpt><trkpt lat="42.558294" lon="44.556811"><ele>2537.572073</ele><time>2026-07-11T09:27:11.000Z</time></trkpt><trkpt lat="42.558299" lon="44.556813"><ele>2537.768823</ele><time>2026-07-11T09:27:12.000Z</time></trkpt><trkpt lat="42.558321" lon="44.556846"><ele>2539.00632</ele><time>2026-07-11T09:27:18.000Z</time></trkpt><trkpt lat="42.558329" lon="44.556849"><ele>2539.319596</ele><time>2026-07-11T09:27:23.000Z</time></trkpt><trkpt lat="42.558335" lon="44.556856"><ele>2539.618207</ele><time>2026-07-11T09:27:25.000Z</time></trkpt><trkpt lat="42.558335" lon="44.55686"><ele>2539.72942</ele><time>2026-07-11T09:27:29.000Z</time></trkpt><trkpt lat="42.558342" lon="44.556867"><ele>2540.057583</ele><time>2026-07-11T09:27:31.000Z</time></trkpt><trkpt lat="42.558347" lon="44.55688"><ele>2540.465332</ele><time>2026-07-11T09:27:35.000Z</time></trkpt><trkpt lat="42.558351" lon="44.556889"><ele>2540.757583</ele><time>2026-07-11T09:27:37.000Z</time></trkpt><trkpt lat="42.558355" lon="44.556901"><ele>2541.123794</ele><time>2026-07-11T09:27:39.000Z</time></trkpt><trkpt lat="42.558363" lon="44.556916"><ele>2541.638685</ele><time>2026-07-11T09:27:42.000Z</time></trkpt><trkpt lat="42.558369" lon="44.556934"><ele>2542.188002</ele><time>2026-07-11T09:27:48.000Z</time></trkpt><trkpt lat="42.558367" lon="44.55693"><ele>2542.322417</ele><time>2026-07-11T09:27:49.000Z</time></trkpt><trkpt lat="42.558374" lon="44.556935"><ele>2542.620977</ele><time>2026-07-11T09:27:56.000Z</time></trkpt><trkpt lat="42.558387" lon="44.556961"><ele>2543.494673</ele><time>2026-07-11T09:28:00.000Z</time></trkpt><trkpt lat="42.558386" lon="44.556968"><ele>2543.692922</ele><time>2026-07-11T09:28:03.000Z</time></trkpt><trkpt lat="42.558386" lon="44.556972"><ele>2543.804134</ele><time>2026-07-11T09:28:04.000Z</time></trkpt><trkpt lat="42.558397" lon="44.556987"><ele>2544.392627</ele><time>2026-07-11T09:28:10.000Z</time></trkpt><trkpt lat="42.558405" lon="44.557001"><ele>2544.885269</ele><time>2026-07-11T09:28:14.000Z</time></trkpt><trkpt lat="42.558411" lon="44.55702"><ele>2545.46003</ele><time>2026-07-11T09:28:19.000Z</time></trkpt><trkpt lat="42.558418" lon="44.557027"><ele>2545.788193</ele><time>2026-07-11T09:28:23.000Z</time></trkpt><trkpt lat="42.558425" lon="44.557033"><ele>2546.100669</ele><time>2026-07-11T09:28:26.000Z</time></trkpt><trkpt lat="42.558433" lon="44.557054"><ele>2546.758</ele><time>2026-07-11T09:28:31.000Z</time></trkpt><trkpt lat="42.558438" lon="44.557061"><ele>2547.029103</ele><time>2026-07-11T09:28:33.000Z</time></trkpt><trkpt lat="42.558444" lon="44.557072"><ele>2547.409663</ele><time>2026-07-11T09:28:36.000Z</time></trkpt><trkpt lat="42.558445" lon="44.557077"><ele>2547.553712</ele><time>2026-07-11T09:28:38.000Z</time></trkpt><trkpt lat="42.558455" lon="44.557087"><ele>2548.022516</ele><time>2026-07-11T09:28:40.000Z</time></trkpt><trkpt lat="42.558464" lon="44.55708"><ele>2548.414029</ele><time>2026-07-11T09:28:46.000Z</time></trkpt><trkpt lat="42.558474" lon="44.557117"><ele>2549.509809</ele><time>2026-07-11T09:28:52.000Z</time></trkpt><trkpt lat="42.558479" lon="44.557143"><ele>2550.256922</ele><time>2026-07-11T09:28:58.000Z</time></trkpt><trkpt lat="42.55848" lon="44.557155"><ele>2550.592688</ele><time>2026-07-11T09:29:00.000Z</time></trkpt><trkpt lat="42.558479" lon="44.557158"><ele>2550.684241</ele><time>2026-07-11T09:29:01.000Z</time></trkpt><trkpt lat="42.558489" lon="44.557176"><ele>2551.311084</ele><time>2026-07-11T09:29:07.000Z</time></trkpt><trkpt lat="42.558491" lon="44.557178"><ele>2551.404845</ele><time>2026-07-11T09:29:08.000Z</time></trkpt><trkpt lat="42.558488" lon="44.557194"><ele>2551.863881</ele><time>2026-07-11T09:29:14.000Z</time></trkpt><trkpt lat="42.558488" lon="44.557199"><ele>2552.002897</ele><time>2026-07-11T09:29:15.000Z</time></trkpt><trkpt lat="42.558499" lon="44.557233"><ele>2553.03537</ele><time>2026-07-11T09:29:24.000Z</time></trkpt><trkpt lat="42.558517" lon="44.557267"><ele>2554.199511</ele><time>2026-07-11T09:29:32.000Z</time></trkpt><trkpt lat="42.558519" lon="44.557267"><ele>2554.275003</ele><time>2026-07-11T09:29:33.000Z</time></trkpt><trkpt lat="42.558529" lon="44.557281"><ele>2554.817208</ele><time>2026-07-11T09:29:38.000Z</time></trkpt><trkpt lat="42.558534" lon="44.557287"><ele>2555.069096</ele><time>2026-07-11T09:29:41.000Z</time></trkpt><trkpt lat="42.558537" lon="44.557304"><ele>2555.555124</ele><time>2026-07-11T09:29:47.000Z</time></trkpt><trkpt lat="42.558544" lon="44.557318"><ele>2556.025575</ele><time>2026-07-11T09:29:51.000Z</time></trkpt><trkpt lat="42.558546" lon="44.557328"><ele>2556.313673</ele><time>2026-07-11T09:29:53.000Z</time></trkpt><trkpt lat="42.558559" lon="44.557352"><ele>2557.141947</ele><time>2026-07-11T09:29:58.000Z</time></trkpt><trkpt lat="42.558561" lon="44.557356"><ele>2557.276362</ele><time>2026-07-11T09:29:59.000Z</time></trkpt><trkpt lat="42.558561" lon="44.557359"><ele>2557.359771</ele><time>2026-07-11T09:30:00.000Z</time></trkpt><trkpt lat="42.55857" lon="44.557378"><ele>2557.987834</ele><time>2026-07-11T09:30:05.000Z</time></trkpt><trkpt lat="42.558572" lon="44.55738"><ele>2558.081594</ele><time>2026-07-11T09:30:06.000Z</time></trkpt><trkpt lat="42.558584" lon="44.557394"><ele>2558.678817</ele><time>2026-07-11T09:30:13.000Z</time></trkpt><trkpt lat="42.558583" lon="44.557394"><ele>2558.716563</ele><time>2026-07-11T09:30:14.000Z</time></trkpt><trkpt lat="42.558589" lon="44.557406"><ele>2559.119806</ele><time>2026-07-11T09:30:21.000Z</time></trkpt><trkpt lat="42.558599" lon="44.557429"><ele>2559.862369</ele><time>2026-07-11T09:30:26.000Z</time></trkpt><trkpt lat="42.558599" lon="44.557429"><ele>2559.862369</ele><time>2026-07-11T09:30:28.000Z</time></trkpt><trkpt lat="42.558614" lon="44.557447"><ele>2560.618031</ele><time>2026-07-11T09:30:34.000Z</time></trkpt><trkpt lat="42.558614" lon="44.55745"><ele>2560.70144</ele><time>2026-07-11T09:30:35.000Z</time></trkpt><trkpt lat="42.558623" lon="44.557456"><ele>2561.079902</ele><time>2026-07-11T09:30:41.000Z</time></trkpt><trkpt lat="42.558628" lon="44.557467"><ele>2561.439281</ele><time>2026-07-11T09:30:43.000Z</time></trkpt><trkpt lat="42.558633" lon="44.557475"><ele>2561.730986</ele><time>2026-07-11T09:30:48.000Z</time></trkpt><trkpt lat="42.558633" lon="44.557475"><ele>2561.730986</ele><time>2026-07-11T09:30:50.000Z</time></trkpt><trkpt lat="42.558645" lon="44.557489"><ele>2562.328208</ele><time>2026-07-11T09:30:57.000Z</time></trkpt><trkpt lat="42.558662" lon="44.55751"><ele>2563.195763</ele><time>2026-07-11T09:31:05.000Z</time></trkpt><trkpt lat="42.558664" lon="44.557516"><ele>2563.378868</ele><time>2026-07-11T09:31:07.000Z</time></trkpt><trkpt lat="42.558667" lon="44.557526"><ele>2563.679074</ele><time>2026-07-11T09:31:10.000Z</time></trkpt><trkpt lat="42.558672" lon="44.557531"><ele>2563.913476</ele><time>2026-07-11T09:31:12.000Z</time></trkpt><trkpt lat="42.558673" lon="44.557532"><ele>2563.960356</ele><time>2026-07-11T09:31:13.000Z</time></trkpt><trkpt lat="42.558674" lon="44.557535"><ele>2564.051908</ele><time>2026-07-11T09:31:15.000Z</time></trkpt><trkpt lat="42.558674" lon="44.557534"><ele>2564.079711</ele><time>2026-07-11T09:31:20.000Z</time></trkpt><trkpt lat="42.558681" lon="44.557545"><ele>2564.483874</ele><time>2026-07-11T09:31:23.000Z</time></trkpt><trkpt lat="42.558691" lon="44.557567"><ele>2565.202631</ele><time>2026-07-11T09:31:29.000Z</time></trkpt><trkpt lat="42.558692" lon="44.557574"><ele>2565.400879</ele><time>2026-07-11T09:31:32.000Z</time></trkpt><trkpt lat="42.558693" lon="44.557598"><ele>2566.069219</ele><time>2026-07-11T09:31:37.000Z</time></trkpt><trkpt lat="42.55869" lon="44.55761"><ele>2566.421549</ele><time>2026-07-11T09:31:40.000Z</time></trkpt><trkpt lat="42.558699" lon="44.557629"><ele>2567.049611</ele><time>2026-07-11T09:31:47.000Z</time></trkpt><trkpt lat="42.558702" lon="44.557631"><ele>2567.175765</ele><time>2026-07-11T09:31:48.000Z</time></trkpt><trkpt lat="42.558706" lon="44.557655"><ele>2567.859906</ele><time>2026-07-11T09:31:53.000Z</time></trkpt><trkpt lat="42.558707" lon="44.55766"><ele>2568.003955</ele><time>2026-07-11T09:31:58.000Z</time></trkpt><trkpt lat="42.558717" lon="44.557658"><ele>2568.385488</ele><time>2026-07-11T09:32:07.000Z</time></trkpt><trkpt lat="42.558727" lon="44.557662"><ele>2568.778989</ele><time>2026-07-11T09:32:13.000Z</time></trkpt><trkpt lat="42.558728" lon="44.557672"><ele>2569.05957</ele><time>2026-07-11T09:32:15.000Z</time></trkpt><trkpt lat="42.558734" lon="44.557701"><ele>2569.897062</ele><time>2026-07-11T09:32:24.000Z</time></trkpt><trkpt lat="42.55874" lon="44.557731"><ele>2570.761353</ele><time>2026-07-11T09:32:31.000Z</time></trkpt><trkpt lat="42.558741" lon="44.55773"><ele>2570.808233</ele><time>2026-07-11T09:32:32.000Z</time></trkpt><trkpt lat="42.558746" lon="44.55774"><ele>2571.144268</ele><time>2026-07-11T09:32:36.000Z</time></trkpt><trkpt lat="42.558748" lon="44.557746"><ele>2571.327373</ele><time>2026-07-11T09:32:37.000Z</time></trkpt><trkpt lat="42.558752" lon="44.557761"><ele>2571.770908</ele><time>2026-07-11T09:32:40.000Z</time></trkpt><trkpt lat="42.558755" lon="44.557777"><ele>2572.229943</ele><time>2026-07-11T09:32:45.000Z</time></trkpt><trkpt lat="42.558761" lon="44.557799"><ele>2572.88219</ele><time>2026-07-11T09:32:52.000Z</time></trkpt><trkpt lat="42.558763" lon="44.557802"><ele>2572.99469</ele><time>2026-07-11T09:32:54.000Z</time></trkpt><trkpt lat="42.558767" lon="44.557827"><ele>2573.705975</ele><time>2026-07-11T09:33:00.000Z</time></trkpt><trkpt lat="42.558772" lon="44.557833"><ele>2573.957862</ele><time>2026-07-11T09:33:02.000Z</time></trkpt><trkpt lat="42.558781" lon="44.557856"><ele>2574.681966</ele><time>2026-07-11T09:33:09.000Z</time></trkpt><trkpt lat="42.558785" lon="44.557863"><ele>2574.928285</ele><time>2026-07-11T09:33:11.000Z</time></trkpt><trkpt lat="42.558791" lon="44.557881"><ele>2575.477599</ele><time>2026-07-11T09:33:16.000Z</time></trkpt><trkpt lat="42.558792" lon="44.557886"><ele>2575.621648</ele><time>2026-07-11T09:33:17.000Z</time></trkpt><trkpt lat="42.558799" lon="44.557907"><ele>2576.262514</ele><time>2026-07-11T09:33:23.000Z</time></trkpt><trkpt lat="42.558799" lon="44.557914"><ele>2576.457135</ele><time>2026-07-11T09:33:25.000Z</time></trkpt><trkpt lat="42.558808" lon="44.557928"><ele>2576.973772</ele><time>2026-07-11T09:33:30.000Z</time></trkpt><trkpt lat="42.558813" lon="44.55794"><ele>2577.357089</ele><time>2026-07-11T09:33:32.000Z</time></trkpt><trkpt lat="42.558816" lon="44.557953"><ele>2577.735852</ele><time>2026-07-11T09:33:37.000Z</time></trkpt><trkpt lat="42.558814" lon="44.557943"><ele>2578.023948</ele><time>2026-07-11T09:33:38.000Z</time></trkpt><trkpt lat="42.558817" lon="44.557985"><ele>2579.197152</ele><time>2026-07-11T09:33:44.000Z</time></trkpt><trkpt lat="42.558817" lon="44.557994"><ele>2579.447379</ele><time>2026-07-11T09:33:47.000Z</time></trkpt><trkpt lat="42.558819" lon="44.558017"><ele>2580.091289</ele><time>2026-07-11T09:33:52.000Z</time></trkpt><trkpt lat="42.558823" lon="44.558021"><ele>2580.27881</ele><time>2026-07-11T09:33:54.000Z</time></trkpt><trkpt lat="42.558826" lon="44.558035"><ele>2580.684189</ele><time>2026-07-11T09:33:58.000Z</time></trkpt><trkpt lat="42.558834" lon="44.558062"><ele>2581.417431</ele><time>2026-07-11T09:34:03.000Z</time></trkpt><trkpt lat="42.55884" lon="44.558074"><ele>2581.667981</ele><time>2026-07-11T09:34:07.000Z</time></trkpt><trkpt lat="42.558842" lon="44.558079"><ele>2581.766271</ele><time>2026-07-11T09:34:12.000Z</time></trkpt><trkpt lat="42.558852" lon="44.558095"><ele>2582.128765</ele><time>2026-07-11T09:34:16.000Z</time></trkpt><trkpt lat="42.55885" lon="44.558105"><ele>2582.307771</ele><time>2026-07-11T09:34:19.000Z</time></trkpt><trkpt lat="42.558857" lon="44.55811"><ele>2582.493278</ele><time>2026-07-11T09:34:22.000Z</time></trkpt><trkpt lat="42.558864" lon="44.558118"><ele>2582.707874</ele><time>2026-07-11T09:34:29.000Z</time></trkpt><trkpt lat="42.558868" lon="44.558132"><ele>2582.967282</ele><time>2026-07-11T09:34:31.000Z</time></trkpt><trkpt lat="42.558868" lon="44.558141"><ele>2583.122758</ele><time>2026-07-11T09:34:37.000Z</time></trkpt><trkpt lat="42.558888" lon="44.55816"><ele>2583.695252</ele><time>2026-07-11T09:34:42.000Z</time></trkpt><trkpt lat="42.558892" lon="44.558161"><ele>2583.790642</ele><time>2026-07-11T09:34:43.000Z</time></trkpt><trkpt lat="42.558894" lon="44.55817"><ele>2583.953039</ele><time>2026-07-11T09:34:49.000Z</time></trkpt><trkpt lat="42.558895" lon="44.558173"><ele>2584.009924</ele><time>2026-07-11T09:34:50.000Z</time></trkpt><trkpt lat="42.5589" lon="44.558191"><ele>2584.342252</ele><time>2026-07-11T09:34:56.000Z</time></trkpt><trkpt lat="42.558906" lon="44.558199"><ele>2584.539485</ele><time>2026-07-11T09:35:00.000Z</time></trkpt><trkpt lat="42.558903" lon="44.558216"><ele>2584.841472</ele><time>2026-07-11T09:35:04.000Z</time></trkpt><trkpt lat="42.558903" lon="44.558227"><ele>2585.031497</ele><time>2026-07-11T09:35:06.000Z</time></trkpt><trkpt lat="42.558915" lon="44.558252"><ele>2585.546981</ele><time>2026-07-11T09:35:12.000Z</time></trkpt><trkpt lat="42.558924" lon="44.55826"><ele>2585.799277</ele><time>2026-07-11T09:35:17.000Z</time></trkpt><trkpt lat="42.558936" lon="44.55827"><ele>2586.129502</ele><time>2026-07-11T09:35:20.000Z</time></trkpt><trkpt lat="42.558943" lon="44.558281"><ele>2586.380624</ele><time>2026-07-11T09:35:23.000Z</time></trkpt><trkpt lat="42.558945" lon="44.55829"><ele>2586.543021</ele><time>2026-07-11T09:35:26.000Z</time></trkpt><trkpt lat="42.55895" lon="44.558305"><ele>2586.827445</ele><time>2026-07-11T09:35:31.000Z</time></trkpt><trkpt lat="42.558957" lon="44.558309"><ele>2587.005566</ele><time>2026-07-11T09:35:35.000Z</time></trkpt><trkpt lat="42.558968" lon="44.558326"><ele>2587.396463</ele><time>2026-07-11T09:35:42.000Z</time></trkpt><trkpt lat="42.558969" lon="44.558331"><ele>2587.485966</ele><time>2026-07-11T09:35:43.000Z</time></trkpt><trkpt lat="42.558963" lon="44.558356"><ele>2587.940189</ele><time>2026-07-11T09:35:51.000Z</time></trkpt><trkpt lat="42.558976" lon="44.558368"><ele>2588.308877</ele><time>2026-07-11T09:35:59.000Z</time></trkpt><trkpt lat="42.558988" lon="44.558388"><ele>2588.754497</ele><time>2026-07-11T09:36:06.000Z</time></trkpt><trkpt lat="42.558996" lon="44.558403"><ele>2589.074417</ele><time>2026-07-11T09:36:11.000Z</time></trkpt><trkpt lat="42.559" lon="44.55841"><ele>2589.227465</ele><time>2026-07-11T09:36:14.000Z</time></trkpt><trkpt lat="42.559004" lon="44.558428"><ele>2589.552259</ele><time>2026-07-11T09:36:18.000Z</time></trkpt><trkpt lat="42.559007" lon="44.558441"><ele>2589.787598</ele><time>2026-07-11T09:36:23.000Z</time></trkpt><trkpt lat="42.559012" lon="44.558455"><ele>2590.056378</ele><time>2026-07-11T09:36:27.000Z</time></trkpt><trkpt lat="42.559028" lon="44.558459"><ele>2590.437935</ele><time>2026-07-11T09:36:31.000Z</time></trkpt><trkpt lat="42.559035" lon="44.558466"><ele>2590.641835</ele><time>2026-07-11T09:36:34.000Z</time></trkpt><trkpt lat="42.559057" lon="44.558486"><ele>2591.262795</ele><time>2026-07-11T09:36:40.000Z</time></trkpt><trkpt lat="42.559079" lon="44.558501"><ele>2591.840174</ele><time>2026-07-11T09:36:47.000Z</time></trkpt><trkpt lat="42.559083" lon="44.558508"><ele>2591.993222</ele><time>2026-07-11T09:36:48.000Z</time></trkpt><trkpt lat="42.559116" lon="44.558542"><ele>2592.964807</ele><time>2026-07-11T09:36:56.000Z</time></trkpt><trkpt lat="42.559122" lon="44.558546"><ele>2593.121576</ele><time>2026-07-11T09:36:57.000Z</time></trkpt><trkpt lat="42.559141" lon="44.558571"><ele>2593.742125</ele><time>2026-07-11T09:37:03.000Z</time></trkpt><trkpt lat="42.559154" lon="44.558593"><ele>2594.229358</ele><time>2026-07-11T09:37:09.000Z</time></trkpt><trkpt lat="42.559159" lon="44.5586"><ele>2594.397803</ele><time>2026-07-11T09:37:12.000Z</time></trkpt><trkpt lat="42.559166" lon="44.558619"><ele>2594.764796</ele><time>2026-07-11T09:37:16.000Z</time></trkpt><trkpt lat="42.559168" lon="44.558603"><ele>2595.045148</ele><time>2026-07-11T09:37:20.000Z</time></trkpt><trkpt lat="42.559168" lon="44.558603"><ele>2595.045148</ele><time>2026-07-11T09:37:23.000Z</time></trkpt><trkpt lat="42.559193" lon="44.558629"><ele>2595.783736</ele><time>2026-07-11T09:37:33.000Z</time></trkpt><trkpt lat="42.559199" lon="44.558644"><ele>2596.078604</ele><time>2026-07-11T09:37:34.000Z</time></trkpt><trkpt lat="42.559224" lon="44.558682"><ele>2596.958776</ele><time>2026-07-11T09:37:39.000Z</time></trkpt><trkpt lat="42.559261" lon="44.558738"><ele>2598.258341</ele><time>2026-07-11T09:37:47.000Z</time></trkpt><trkpt lat="42.559279" lon="44.558778"><ele>2599.06809</ele><time>2026-07-11T09:37:52.000Z</time></trkpt><trkpt lat="42.559291" lon="44.558801"><ele>2599.554991</ele><time>2026-07-11T09:37:55.000Z</time></trkpt><trkpt lat="42.559307" lon="44.55883"><ele>2600.180919</ele><time>2026-07-11T09:38:01.000Z</time></trkpt><trkpt lat="42.559311" lon="44.558842"><ele>2600.408458</ele><time>2026-07-11T09:38:03.000Z</time></trkpt><trkpt lat="42.559325" lon="44.558878"><ele>2601.111712</ele><time>2026-07-11T09:38:09.000Z</time></trkpt><trkpt lat="42.559338" lon="44.558897"><ele>2601.559694</ele><time>2026-07-11T09:38:12.000Z</time></trkpt><trkpt lat="42.559343" lon="44.558913"><ele>2601.85994</ele><time>2026-07-11T09:38:16.000Z</time></trkpt><trkpt lat="42.559357" lon="44.558937"><ele>2602.388807</ele><time>2026-07-11T09:38:22.000Z</time></trkpt><trkpt lat="42.559364" lon="44.558936"><ele>2602.553885</ele><time>2026-07-11T09:38:23.000Z</time></trkpt><trkpt lat="42.55938" lon="44.55896"><ele>2603.113083</ele><time>2026-07-11T09:38:29.000Z</time></trkpt><trkpt lat="42.559384" lon="44.558965"><ele>2603.240603</ele><time>2026-07-11T09:38:30.000Z</time></trkpt><trkpt lat="42.559393" lon="44.558994"><ele>2603.784228</ele><time>2026-07-11T09:38:36.000Z</time></trkpt><trkpt lat="42.559391" lon="44.558997"><ele>2603.854127</ele><time>2026-07-11T09:38:37.000Z</time></trkpt><trkpt lat="42.559401" lon="44.559024"><ele>2604.376195</ele><time>2026-07-11T09:38:44.000Z</time></trkpt><trkpt lat="42.559408" lon="44.559034"><ele>2604.614511</ele><time>2026-07-11T09:38:46.000Z</time></trkpt><trkpt lat="42.559419" lon="44.559059"><ele>2605.117571</ele><time>2026-07-11T09:38:51.000Z</time></trkpt><trkpt lat="42.559432" lon="44.559086"><ele>2605.674804</ele><time>2026-07-11T09:38:57.000Z</time></trkpt><trkpt lat="42.559432" lon="44.55909"><ele>2605.743903</ele><time>2026-07-11T09:38:58.000Z</time></trkpt><trkpt lat="42.559443" lon="44.559117"><ele>2606.276919</ele><time>2026-07-11T09:39:04.000Z</time></trkpt><trkpt lat="42.559444" lon="44.559121"><ele>2606.34989</ele><time>2026-07-11T09:39:05.000Z</time></trkpt><trkpt lat="42.559452" lon="44.559151"><ele>2606.901056</ele><time>2026-07-11T09:39:12.000Z</time></trkpt><trkpt lat="42.559458" lon="44.559157"><ele>2607.075826</ele><time>2026-07-11T09:39:18.000Z</time></trkpt><trkpt lat="42.559463" lon="44.55916"><ele>2607.204033</ele><time>2026-07-11T09:39:19.000Z</time></trkpt><trkpt lat="42.559472" lon="44.559169"><ele>2607.466189</ele><time>2026-07-11T09:39:21.000Z</time></trkpt><trkpt lat="42.559485" lon="44.559182"><ele>2607.844858</ele><time>2026-07-11T09:39:26.000Z</time></trkpt><trkpt lat="42.559484" lon="44.559183"><ele>2607.873987</ele><time>2026-07-11T09:39:27.000Z</time></trkpt><trkpt lat="42.559503" lon="44.559206"><ele>2608.471005</ele><time>2026-07-11T09:39:32.000Z</time></trkpt><trkpt lat="42.559517" lon="44.559217"><ele>2608.85037</ele><time>2026-07-11T09:39:34.000Z</time></trkpt><trkpt lat="42.55956" lon="44.559243"><ele>2609.954346</ele><time>2026-07-11T09:39:41.000Z</time></trkpt><trkpt lat="42.559564" lon="44.559245"><ele>2610.054318</ele><time>2026-07-11T09:39:42.000Z</time></trkpt><trkpt lat="42.559586" lon="44.559262"><ele>2610.648005</ele><time>2026-07-11T09:39:49.000Z</time></trkpt><trkpt lat="42.55958" lon="44.559259"><ele>2610.797963</ele><time>2026-07-11T09:39:51.000Z</time></trkpt><trkpt lat="42.559583" lon="44.559262"><ele>2610.885348</ele><time>2026-07-11T09:39:59.000Z</time></trkpt><trkpt lat="42.55958" lon="44.55925"><ele>2611.104262</ele><time>2026-07-11T09:40:07.000Z</time></trkpt><trkpt lat="42.55959" lon="44.559244"><ele>2611.360675</ele><time>2026-07-11T09:40:14.000Z</time></trkpt><trkpt lat="42.559583" lon="44.559241"><ele>2611.532831</ele><time>2026-07-11T09:40:21.000Z</time></trkpt><trkpt lat="42.559583" lon="44.559241"><ele>2611.532831</ele><time>2026-07-11T09:40:35.000Z</time></trkpt><trkpt lat="42.559583" lon="44.559241"><ele>2611.532831</ele><time>2026-07-11T09:40:37.000Z</time></trkpt><trkpt lat="42.559583" lon="44.559241"><ele>2611.532831</ele><time>2026-07-11T09:40:44.000Z</time></trkpt><trkpt lat="42.559583" lon="44.559241"><ele>2611.532831</ele><time>2026-07-11T09:40:52.000Z</time></trkpt><trkpt lat="42.559583" lon="44.559241"><ele>2611.532831</ele><time>2026-07-11T09:40:59.000Z</time></trkpt><trkpt lat="42.559583" lon="44.559241"><ele>2611.532831</ele><time>2026-07-11T09:41:25.000Z</time></trkpt><trkpt lat="42.559583" lon="44.559241"><ele>2611.532831</ele><time>2026-07-11T09:41:37.000Z</time></trkpt><trkpt lat="42.559583" lon="44.559241"><ele>2611.532831</ele><time>2026-07-11T09:41:53.000Z</time></trkpt><trkpt lat="42.559583" lon="44.559241"><ele>2611.532831</ele><time>2026-07-11T09:42:05.000Z</time></trkpt><trkpt lat="42.559583" lon="44.559241"><ele>2611.532831</ele><time>2026-07-11T09:42:13.000Z</time></trkpt><trkpt lat="42.559583" lon="44.559241"><ele>2611.532831</ele><time>2026-07-11T09:42:19.000Z</time></trkpt><trkpt lat="42.559583" lon="44.559241"><ele>2611.532831</ele><time>2026-07-11T09:42:23.000Z</time></trkpt><trkpt lat="42.559583" lon="44.559241"><ele>2611.532831</ele><time>2026-07-11T09:42:35.000Z</time></trkpt><trkpt lat="42.559583" lon="44.559241"><ele>2611.532831</ele><time>2026-07-11T09:42:54.000Z</time></trkpt><trkpt lat="42.559583" lon="44.559241"><ele>2611.532831</ele><time>2026-07-11T09:43:02.000Z</time></trkpt><trkpt lat="42.559583" lon="44.559241"><ele>2611.532831</ele><time>2026-07-11T09:43:15.000Z</time></trkpt><trkpt lat="42.559583" lon="44.559241"><ele>2611.532831</ele><time>2026-07-11T09:43:22.000Z</time></trkpt><trkpt lat="42.559583" lon="44.559241"><ele>2611.532831</ele><time>2026-07-11T09:43:26.000Z</time></trkpt><trkpt lat="42.559583" lon="44.559241"><ele>2611.532831</ele><time>2026-07-11T09:43:37.000Z</time></trkpt><trkpt lat="42.559583" lon="44.559241"><ele>2611.532831</ele><time>2026-07-11T09:43:40.000Z</time></trkpt><trkpt lat="42.559583" lon="44.559241"><ele>2611.532831</ele><time>2026-07-11T09:43:58.000Z</time></trkpt><trkpt lat="42.559583" lon="44.559241"><ele>2611.532831</ele><time>2026-07-11T09:44:16.000Z</time></trkpt><trkpt lat="42.559583" lon="44.559241"><ele>2611.532831</ele><time>2026-07-11T09:44:30.000Z</time></trkpt><trkpt lat="42.559583" lon="44.559241"><ele>2611.532831</ele><time>2026-07-11T09:44:40.000Z</time></trkpt><trkpt lat="42.559583" lon="44.559241"><ele>2611.532831</ele><time>2026-07-11T09:44:48.000Z</time></trkpt><trkpt lat="42.559596" lon="44.559242"><ele>2611.838209</ele><time>2026-07-11T09:45:24.000Z</time></trkpt><trkpt lat="42.559579" lon="44.559244"><ele>2612.238404</ele><time>2026-07-11T09:45:31.000Z</time></trkpt><trkpt lat="42.55957" lon="44.559251"><ele>2612.481666</ele><time>2026-07-11T09:45:35.000Z</time></trkpt><trkpt lat="42.55958" lon="44.559241"><ele>2612.77295</ele><time>2026-07-11T09:45:40.000Z</time></trkpt><trkpt lat="42.559583" lon="44.559241"><ele>2612.843309</ele><time>2026-07-11T09:45:48.000Z</time></trkpt><trkpt lat="42.559583" lon="44.559241"><ele>2612.843309</ele><time>2026-07-11T09:45:58.000Z</time></trkpt><trkpt lat="42.559585" lon="44.559234"><ele>2612.973012</ele><time>2026-07-11T09:45:59.000Z</time></trkpt><trkpt lat="42.559595" lon="44.559243"><ele>2613.254395</ele><time>2026-07-11T09:46:08.000Z</time></trkpt><trkpt lat="42.559592" lon="44.55925"><ele>2613.394299</ele><time>2026-07-11T09:46:17.000Z</time></trkpt><trkpt lat="42.559601" lon="44.559266"><ele>2613.742077</ele><time>2026-07-11T09:46:27.000Z</time></trkpt><trkpt lat="42.559597" lon="44.559268"><ele>2613.842049</ele><time>2026-07-11T09:46:38.000Z</time></trkpt><trkpt lat="42.559598" lon="44.559265"><ele>2613.898933</ele><time>2026-07-11T09:46:45.000Z</time></trkpt><trkpt lat="42.559598" lon="44.559263"><ele>2613.933483</ele><time>2026-07-11T09:46:47.000Z</time></trkpt><trkpt lat="42.559602" lon="44.559255"><ele>2614.100515</ele><time>2026-07-11T09:46:51.000Z</time></trkpt><trkpt lat="42.559591" lon="44.559254"><ele>2614.359075</ele><time>2026-07-11T09:47:03.000Z</time></trkpt><trkpt lat="42.559605" lon="44.559269"><ele>2614.77735</ele><time>2026-07-11T09:47:14.000Z</time></trkpt><trkpt lat="42.559605" lon="44.55927"><ele>2614.794624</ele><time>2026-07-11T09:47:15.000Z</time></trkpt><trkpt lat="42.559591" lon="44.559251"><ele>2615.258886</ele><time>2026-07-11T09:47:22.000Z</time></trkpt><trkpt lat="42.55959" lon="44.55925"><ele>2615.288014</ele><time>2026-07-11T09:47:26.000Z</time></trkpt><trkpt lat="42.559586" lon="44.559248"><ele>2615.387986</ele><time>2026-07-11T09:47:29.000Z</time></trkpt><trkpt lat="42.559587" lon="44.55924"><ele>2615.528161</ele><time>2026-07-11T09:47:30.000Z</time></trkpt><trkpt lat="42.559588" lon="44.559239"><ele>2615.557289</ele><time>2026-07-11T09:47:33.000Z</time></trkpt><trkpt lat="42.559594" lon="44.559255"><ele>2615.867447</ele><time>2026-07-11T09:47:41.000Z</time></trkpt><trkpt lat="42.559597" lon="44.559268"><ele>2616.102784</ele><time>2026-07-11T09:47:48.000Z</time></trkpt><trkpt lat="42.559592" lon="44.559253"><ele>2616.387206</ele><time>2026-07-11T09:47:49.000Z</time></trkpt><trkpt lat="42.559591" lon="44.559247"><ele>2616.493475</ele><time>2026-07-11T09:47:51.000Z</time></trkpt><trkpt lat="42.559593" lon="44.559249"><ele>2616.551732</ele><time>2026-07-11T09:47:59.000Z</time></trkpt><trkpt lat="42.559593" lon="44.559249"><ele>2616.551732</ele><time>2026-07-11T09:48:13.000Z</time></trkpt><trkpt lat="42.559596" lon="44.559263"><ele>2616.803607</ele><time>2026-07-11T09:48:26.000Z</time></trkpt><trkpt lat="42.5596" lon="44.559271"><ele>2616.970639</ele><time>2026-07-11T09:48:27.000Z</time></trkpt><trkpt lat="42.559601" lon="44.559273"><ele>2617.012397</ele><time>2026-07-11T09:48:41.000Z</time></trkpt><trkpt lat="42.559601" lon="44.559273"><ele>2617.012397</ele><time>2026-07-11T09:48:42.000Z</time></trkpt><trkpt lat="42.559601" lon="44.559273"><ele>2617.012397</ele><time>2026-07-11T09:48:50.000Z</time></trkpt><trkpt lat="42.559601" lon="44.559273"><ele>2617.012397</ele><time>2026-07-11T09:48:56.000Z</time></trkpt><trkpt lat="42.559601" lon="44.559273"><ele>2617.012397</ele><time>2026-07-11T09:49:02.000Z</time></trkpt><trkpt lat="42.559601" lon="44.559273"><ele>2617.012397</ele><time>2026-07-11T09:49:06.000Z</time></trkpt><trkpt lat="42.559589" lon="44.559248"><ele>2617.527877</ele><time>2026-07-11T09:49:11.000Z</time></trkpt><trkpt lat="42.559587" lon="44.559245"><ele>2617.597777</ele><time>2026-07-11T09:49:18.000Z</time></trkpt><trkpt lat="42.559587" lon="44.559245"><ele>2617.597777</ele><time>2026-07-11T09:49:28.000Z</time></trkpt><trkpt lat="42.559587" lon="44.559245"><ele>2617.597777</ele><time>2026-07-11T09:49:31.000Z</time></trkpt><trkpt lat="42.559586" lon="44.559246"><ele>2617.626905</ele><time>2026-07-11T09:49:40.000Z</time></trkpt><trkpt lat="42.559586" lon="44.559245"><ele>2617.64418</ele><time>2026-07-11T09:49:42.000Z</time></trkpt><trkpt lat="42.559583" lon="44.559246"><ele>2617.716629</ele><time>2026-07-11T09:49:44.000Z</time></trkpt><trkpt lat="42.559579" lon="44.55925"><ele>2617.833142</ele><time>2026-07-11T09:49:52.000Z</time></trkpt><trkpt lat="42.559575" lon="44.559268"><ele>2618.157933</ele><time>2026-07-11T09:50:05.000Z</time></trkpt><trkpt lat="42.559573" lon="44.559262"><ele>2618.271702</ele><time>2026-07-11T09:50:12.000Z</time></trkpt><trkpt lat="42.559573" lon="44.559262"><ele>2618.271702</ele><time>2026-07-11T09:50:27.000Z</time></trkpt><trkpt lat="42.559573" lon="44.559262"><ele>2618.271702</ele><time>2026-07-11T09:50:44.000Z</time></trkpt><trkpt lat="42.559573" lon="44.559262"><ele>2618.271702</ele><time>2026-07-11T09:50:52.000Z</time></trkpt><trkpt lat="42.559573" lon="44.559262"><ele>2618.271702</ele><time>2026-07-11T09:51:07.000Z</time></trkpt><trkpt lat="42.559573" lon="44.559262"><ele>2618.271702</ele><time>2026-07-11T09:51:12.000Z</time></trkpt><trkpt lat="42.559581" lon="44.559247"><ele>2618.59162</ele><time>2026-07-11T09:51:21.000Z</time></trkpt><trkpt lat="42.559581" lon="44.559247"><ele>2618.59162</ele><time>2026-07-11T09:51:44.000Z</time></trkpt><trkpt lat="42.559581" lon="44.559247"><ele>2618.59162</ele><time>2026-07-11T09:51:58.000Z</time></trkpt><trkpt lat="42.559581" lon="44.559247"><ele>2618.59162</ele><time>2026-07-11T09:52:05.000Z</time></trkpt><trkpt lat="42.559581" lon="44.559247"><ele>2618.59162</ele><time>2026-07-11T09:52:10.000Z</time></trkpt><trkpt lat="42.559581" lon="44.559247"><ele>2618.59162</ele><time>2026-07-11T09:52:25.000Z</time></trkpt><trkpt lat="42.559586" lon="44.55925"><ele>2618.719827</ele><time>2026-07-11T09:52:47.000Z</time></trkpt><trkpt lat="42.559581" lon="44.559247"><ele>2618.848033</ele><time>2026-07-11T09:52:52.000Z</time></trkpt><trkpt lat="42.559589" lon="44.559245"><ele>2619.038812</ele><time>2026-07-11T09:53:01.000Z</time></trkpt><trkpt lat="42.559607" lon="44.559253"><ele>2619.483011</ele><time>2026-07-11T09:53:08.000Z</time></trkpt><trkpt lat="42.559627" lon="44.559266"><ele>2620.00306</ele><time>2026-07-11T09:53:16.000Z</time></trkpt><trkpt lat="42.559631" lon="44.559264"><ele>2620.103031</ele><time>2026-07-11T09:53:18.000Z</time></trkpt><trkpt lat="42.559633" lon="44.559262"><ele>2620.161288</ele><time>2026-07-11T09:53:19.000Z</time></trkpt><trkpt lat="42.559632" lon="44.55926"><ele>2620.203046</ele><time>2026-07-11T09:53:21.000Z</time></trkpt><trkpt lat="42.559594" lon="44.559269"><ele>2621.10772</ele><time>2026-07-11T09:53:29.000Z</time></trkpt><trkpt lat="42.559603" lon="44.55927"><ele>2621.319503</ele><time>2026-07-11T09:53:38.000Z</time></trkpt><trkpt lat="42.559597" lon="44.559283"><ele>2621.584521</ele><time>2026-07-11T09:53:44.000Z</time></trkpt><trkpt lat="42.559589" lon="44.559256"><ele>2622.087266</ele><time>2026-07-11T09:53:51.000Z</time></trkpt><trkpt lat="42.559614" lon="44.55927"><ele>2622.721511</ele><time>2026-07-11T09:53:56.000Z</time></trkpt><trkpt lat="42.559661" lon="44.559271"><ele>2623.652037</ele><time>2026-07-11T09:54:05.000Z</time></trkpt><trkpt lat="42.559675" lon="44.559276"><ele>2623.823582</ele><time>2026-07-11T09:54:12.000Z</time></trkpt><trkpt lat="42.559675" lon="44.559276"><ele>2623.823582</ele><time>2026-07-11T09:54:13.000Z</time></trkpt><trkpt lat="42.559675" lon="44.559276"><ele>2623.823582</ele><time>2026-07-11T09:54:19.000Z</time></trkpt><trkpt lat="42.559675" lon="44.559276"><ele>2623.823582</ele><time>2026-07-11T09:54:21.000Z</time></trkpt><trkpt lat="42.559675" lon="44.559276"><ele>2623.823582</ele><time>2026-07-11T09:54:32.000Z</time></trkpt><trkpt lat="42.559687" lon="44.5593"><ele>2624.076769</ele><time>2026-07-11T09:54:38.000Z</time></trkpt><trkpt lat="42.559684" lon="44.559302"><ele>2624.116374</ele><time>2026-07-11T09:54:40.000Z</time></trkpt><trkpt lat="42.559679" lon="44.5593"><ele>2624.178142</ele><time>2026-07-11T09:54:46.000Z</time></trkpt><trkpt lat="42.559684" lon="44.559304"><ele>2624.246914</ele><time>2026-07-11T09:54:49.000Z</time></trkpt><trkpt lat="42.559684" lon="44.559304"><ele>2624.246914</ele><time>2026-07-11T09:54:56.000Z</time></trkpt><trkpt lat="42.559686" lon="44.559303"><ele>2624.27217</ele><time>2026-07-11T09:55:00.000Z</time></trkpt><trkpt lat="42.559699" lon="44.559305"><ele>2624.427207</ele><time>2026-07-11T09:55:03.000Z</time></trkpt><trkpt lat="42.559692" lon="44.559306"><ele>2624.510615</ele><time>2026-07-11T09:55:10.000Z</time></trkpt><trkpt lat="42.55969" lon="44.559302"><ele>2624.552813</ele><time>2026-07-11T09:55:12.000Z</time></trkpt><trkpt lat="42.55969" lon="44.559301"><ele>2624.561541</ele><time>2026-07-11T09:55:14.000Z</time></trkpt><trkpt lat="42.559688" lon="44.559308"><ele>2624.627076</ele><time>2026-07-11T09:55:19.000Z</time></trkpt><trkpt lat="42.559693" lon="44.559304"><ele>2624.695848</ele><time>2026-07-11T09:55:28.000Z</time></trkpt><trkpt lat="42.559678" lon="44.559306"><ele>2624.874454</ele><time>2026-07-11T09:55:32.000Z</time></trkpt><trkpt lat="42.559675" lon="44.559306"><ele>2624.910004</ele><time>2026-07-11T09:55:34.000Z</time></trkpt><trkpt lat="42.559677" lon="44.559309"><ele>2624.945322</ele><time>2026-07-11T09:55:38.000Z</time></trkpt><trkpt lat="42.559679" lon="44.559307"><ele>2624.974757</ele><time>2026-07-11T09:55:40.000Z</time></trkpt><trkpt lat="42.559681" lon="44.559307"><ele>2624.998457</ele><time>2026-07-11T09:55:42.000Z</time></trkpt><trkpt lat="42.559684" lon="44.559304"><ele>2625.04261</ele><time>2026-07-11T09:55:44.000Z</time></trkpt><trkpt lat="42.559684" lon="44.559304"><ele>2625.04261</ele><time>2026-07-11T09:55:47.000Z</time></trkpt><trkpt lat="42.559684" lon="44.559304"><ele>2625.04261</ele><time>2026-07-11T09:55:53.000Z</time></trkpt><trkpt lat="42.559684" lon="44.559304"><ele>2625.04261</ele><time>2026-07-11T09:55:57.000Z</time></trkpt><trkpt lat="42.559694" lon="44.559318"><ele>2625.212829</ele><time>2026-07-11T09:56:02.000Z</time></trkpt><trkpt lat="42.5597" lon="44.55934"><ele>2625.417595</ele><time>2026-07-11T09:56:09.000Z</time></trkpt><trkpt lat="42.559747" lon="44.559362"><ele>2626.006721</ele><time>2026-07-11T09:56:15.000Z</time></trkpt><trkpt lat="42.559765" lon="44.559366"><ele>2626.22286</ele><time>2026-07-11T09:56:18.000Z</time></trkpt><trkpt lat="42.5598" lon="44.559387"><ele>2626.676309</ele><time>2026-07-11T09:56:24.000Z</time></trkpt><trkpt lat="42.559828" lon="44.559402"><ele>2627.033008</ele><time>2026-07-11T09:56:29.000Z</time></trkpt><trkpt lat="42.559837" lon="44.559406"><ele>2627.145227</ele><time>2026-07-11T09:56:31.000Z</time></trkpt><trkpt lat="42.55986" lon="44.559415"><ele>2627.428873</ele><time>2026-07-11T09:56:36.000Z</time></trkpt><trkpt lat="42.559866" lon="44.559418"><ele>2627.504642</ele><time>2026-07-11T09:56:37.000Z</time></trkpt><trkpt lat="42.559872" lon="44.559422"><ele>2627.583852</ele><time>2026-07-11T09:56:38.000Z</time></trkpt><trkpt lat="42.559875" lon="44.559427"><ele>2627.640141</ele><time>2026-07-11T09:56:39.000Z</time></trkpt><trkpt lat="42.559882" lon="44.559433"><ele>2627.73824</ele><time>2026-07-11T09:56:41.000Z</time></trkpt><trkpt lat="42.559888" lon="44.559453"><ele>2627.926732</ele><time>2026-07-11T09:56:43.000Z</time></trkpt><trkpt lat="42.559892" lon="44.559471"><ele>2628.090837</ele><time>2026-07-11T09:56:47.000Z</time></trkpt><trkpt lat="42.559894" lon="44.559474"><ele>2628.126155</ele><time>2026-07-11T09:56:49.000Z</time></trkpt><trkpt lat="42.559911" lon="44.559477"><ele>2628.329301</ele><time>2026-07-11T09:56:54.000Z</time></trkpt><trkpt lat="42.559922" lon="44.559481"><ele>2628.464246</ele><time>2026-07-11T09:56:56.000Z</time></trkpt><trkpt lat="42.559954" lon="44.5595"><ele>2628.878125</ele><time>2026-07-11T09:57:02.000Z</time></trkpt><trkpt lat="42.559969" lon="44.559503"><ele>2629.057794</ele><time>2026-07-11T09:57:05.000Z</time></trkpt><trkpt lat="42.560017" lon="44.559512"><ele>2629.631995</ele><time>2026-07-11T09:57:12.000Z</time></trkpt><trkpt lat="42.560042" lon="44.559522"><ele>2629.940837</ele><time>2026-07-11T09:57:17.000Z</time></trkpt><trkpt lat="42.560049" lon="44.559523"><ele>2630.024245</ele><time>2026-07-11T09:57:18.000Z</time></trkpt><trkpt lat="42.560064" lon="44.559533"><ele>2630.222269</ele><time>2026-07-11T09:57:21.000Z</time></trkpt><trkpt lat="42.560086" lon="44.559549"><ele>2630.51802</ele><time>2026-07-11T09:57:25.000Z</time></trkpt><trkpt lat="42.560088" lon="44.559551"><ele>2630.547455</ele><time>2026-07-11T09:57:26.000Z</time></trkpt><trkpt lat="42.560111" lon="44.559557"><ele>2630.824992</ele><time>2026-07-11T09:57:30.000Z</time></trkpt><trkpt lat="42.560129" lon="44.559565"><ele>2631.049431</ele><time>2026-07-11T09:57:32.000Z</time></trkpt><trkpt lat="42.560138" lon="44.559565"><ele>2631.156081</ele><time>2026-07-11T09:57:33.000Z</time></trkpt><trkpt lat="42.560141" lon="44.559566"><ele>2631.192687</ele><time>2026-07-11T09:57:34.000Z</time></trkpt><trkpt lat="42.560144" lon="44.559557"><ele>2631.278912</ele><time>2026-07-11T09:57:36.000Z</time></trkpt><trkpt lat="42.560154" lon="44.559543"><ele>2631.449131</ele><time>2026-07-11T09:57:38.000Z</time></trkpt><trkpt lat="42.560199" lon="44.559543"><ele>2631.982383</ele><time>2026-07-11T09:57:44.000Z</time></trkpt><trkpt lat="42.560212" lon="44.559542"><ele>2632.13668</ele><time>2026-07-11T09:57:47.000Z</time></trkpt><trkpt lat="42.560234" lon="44.559533"><ele>2632.408959</ele><time>2026-07-11T09:57:51.000Z</time></trkpt><trkpt lat="42.560272" lon="44.559556"><ele>2632.901984</ele><time>2026-07-11T09:57:57.000Z</time></trkpt><trkpt lat="42.560303" lon="44.559572"><ele>2633.294985</ele><time>2026-07-11T09:58:04.000Z</time></trkpt><trkpt lat="42.560308" lon="44.559568"><ele>2633.363756</ele><time>2026-07-11T09:58:05.000Z</time></trkpt><trkpt lat="42.560349" lon="44.559572"><ele>2633.850861</ele><time>2026-07-11T09:58:12.000Z</time></trkpt><trkpt lat="42.560353" lon="44.559565"><ele>2633.92819</ele><time>2026-07-11T09:58:13.000Z</time></trkpt><trkpt lat="42.56037" lon="44.559554"><ele>2634.15135</ele><time>2026-07-11T09:58:18.000Z</time></trkpt><trkpt lat="42.560388" lon="44.559555"><ele>2634.36483</ele><time>2026-07-11T09:58:25.000Z</time></trkpt><trkpt lat="42.560386" lon="44.559556"><ele>2634.390086</ele><time>2026-07-11T09:58:30.000Z</time></trkpt><trkpt lat="42.560386" lon="44.559556"><ele>2634.390086</ele><time>2026-07-11T09:58:33.000Z</time></trkpt><trkpt lat="42.560389" lon="44.559573"><ele>2634.542667</ele><time>2026-07-11T09:58:44.000Z</time></trkpt><trkpt lat="42.560423" lon="44.559595"><ele>2634.988988</ele><time>2026-07-11T09:58:51.000Z</time></trkpt><trkpt lat="42.560483" lon="44.559621"><ele>2635.735328</ele><time>2026-07-11T09:59:01.000Z</time></trkpt><trkpt lat="42.560527" lon="44.559656"><ele>2636.339633</ele><time>2026-07-11T09:59:07.000Z</time></trkpt><trkpt lat="42.560532" lon="44.559667"><ele>2636.452455</ele><time>2026-07-11T09:59:08.000Z</time></trkpt><trkpt lat="42.560538" lon="44.559675"><ele>2636.552109</ele><time>2026-07-11T09:59:09.000Z</time></trkpt><trkpt lat="42.560554" lon="44.559688"><ele>2636.77307</ele><time>2026-07-11T09:59:11.000Z</time></trkpt><trkpt lat="42.560568" lon="44.559705"><ele>2636.995645</ele><time>2026-07-11T09:59:13.000Z</time></trkpt><trkpt lat="42.560586" lon="44.559717"><ele>2637.233274</ele><time>2026-07-11T09:59:15.000Z</time></trkpt><trkpt lat="42.560627" lon="44.559754"><ele>2637.816667</ele><time>2026-07-11T09:59:21.000Z</time></trkpt><trkpt lat="42.560684" lon="44.559817"><ele>2638.687647</ele><time>2026-07-11T09:59:29.000Z</time></trkpt><trkpt lat="42.560697" lon="44.559838"><ele>2638.92708</ele><time>2026-07-11T09:59:32.000Z</time></trkpt><trkpt lat="42.560725" lon="44.559875"><ele>2639.390098</ele><time>2026-07-11T09:59:37.000Z</time></trkpt><trkpt lat="42.560768" lon="44.559919"><ele>2640.028168</ele><time>2026-07-11T09:59:44.000Z</time></trkpt><trkpt lat="42.56081" lon="44.559945"><ele>2640.575166</ele><time>2026-07-11T09:59:50.000Z</time></trkpt><trkpt lat="42.560856" lon="44.559971"><ele>2641.165619</ele><time>2026-07-11T09:59:57.000Z</time></trkpt><trkpt lat="42.560908" lon="44.559994"><ele>2641.813698</ele><time>2026-07-11T10:00:04.000Z</time></trkpt><trkpt lat="42.560915" lon="44.559999"><ele>2641.907428</ele><time>2026-07-11T10:00:05.000Z</time></trkpt><trkpt lat="42.56094" lon="44.560028"><ele>2642.297086</ele><time>2026-07-11T10:00:10.000Z</time></trkpt><trkpt lat="42.56096" lon="44.560046"><ele>2642.581432</ele><time>2026-07-11T10:00:14.000Z</time></trkpt><trkpt lat="42.560984" lon="44.560064"><ele>2642.906343</ele><time>2026-07-11T10:00:18.000Z</time></trkpt><trkpt lat="42.561003" lon="44.560087"><ele>2643.207994</ele><time>2026-07-11T10:00:22.000Z</time></trkpt><trkpt lat="42.561009" lon="44.560095"><ele>2643.307647</ele><time>2026-07-11T10:00:24.000Z</time></trkpt><trkpt lat="42.561035" lon="44.560137"><ele>2643.786512</ele><time>2026-07-11T10:00:32.000Z</time></trkpt><trkpt lat="42.56104" lon="44.56014"><ele>2643.851291</ele><time>2026-07-11T10:00:33.000Z</time></trkpt><trkpt lat="42.561055" lon="44.560166"><ele>2644.139551</ele><time>2026-07-11T10:00:38.000Z</time></trkpt><trkpt lat="42.561092" lon="44.560204"><ele>2644.689321</ele><time>2026-07-11T10:00:45.000Z</time></trkpt><trkpt lat="42.561108" lon="44.560219"><ele>2645.114023</ele><time>2026-07-11T10:00:51.000Z</time></trkpt><trkpt lat="42.561112" lon="44.560221"><ele>2645.24046</ele><time>2026-07-11T10:00:52.000Z</time></trkpt><trkpt lat="42.561132" lon="44.560242"><ele>2645.990409</ele><time>2026-07-11T10:00:57.000Z</time></trkpt><trkpt lat="42.561155" lon="44.560247"><ele>2646.68132</ele><time>2026-07-11T10:01:03.000Z</time></trkpt><trkpt lat="42.561163" lon="44.560244"><ele>2646.927499</ele><time>2026-07-11T10:01:05.000Z</time></trkpt><trkpt lat="42.56117" lon="44.560264"><ele>2647.411273</ele><time>2026-07-11T10:01:10.000Z</time></trkpt><trkpt lat="42.561174" lon="44.560264"><ele>2647.52992</ele><time>2026-07-11T10:01:12.000Z</time></trkpt><trkpt lat="42.561182" lon="44.560268"><ele>2647.782794</ele><time>2026-07-11T10:01:16.000Z</time></trkpt><trkpt lat="42.561208" lon="44.560282"><ele>2648.612439</ele><time>2026-07-11T10:01:23.000Z</time></trkpt><trkpt lat="42.56125" lon="44.560276"><ele>2649.86511</ele><time>2026-07-11T10:01:31.000Z</time></trkpt><trkpt lat="42.561268" lon="44.560286"><ele>2650.441992</ele><time>2026-07-11T10:01:36.000Z</time></trkpt><trkpt lat="42.56127" lon="44.560296"><ele>2650.668378</ele><time>2026-07-11T10:01:37.000Z</time></trkpt><trkpt lat="42.561312" lon="44.560313"><ele>2651.968357</ele><time>2026-07-11T10:01:45.000Z</time></trkpt><trkpt lat="42.561333" lon="44.560314"><ele>2652.591636</ele><time>2026-07-11T10:01:49.000Z</time></trkpt><trkpt lat="42.561353" lon="44.560324"><ele>2653.223822</ele><time>2026-07-11T10:01:52.000Z</time></trkpt><trkpt lat="42.561388" lon="44.560341"><ele>2654.32642</ele><time>2026-07-11T10:01:57.000Z</time></trkpt><trkpt lat="42.561399" lon="44.560343"><ele>2654.655612</ele><time>2026-07-11T10:01:58.000Z</time></trkpt><trkpt lat="42.561408" lon="44.560342"><ele>2654.92346</ele><time>2026-07-11T10:01:59.000Z</time></trkpt><trkpt lat="42.561417" lon="44.56035"><ele>2655.242542</ele><time>2026-07-11T10:02:01.000Z</time></trkpt><trkpt lat="42.561443" lon="44.560361"><ele>2656.050324</ele><time>2026-07-11T10:02:06.000Z</time></trkpt><trkpt lat="42.561472" lon="44.560368"><ele>2656.924004</ele><time>2026-07-11T10:02:11.000Z</time></trkpt><trkpt lat="42.56149" lon="44.560379"><ele>2657.509509</ele><time>2026-07-11T10:02:14.000Z</time></trkpt><trkpt lat="42.561514" lon="44.56039"><ele>2658.260861</ele><time>2026-07-11T10:02:18.000Z</time></trkpt><trkpt lat="42.56153" lon="44.560403"><ele>2658.813942</ele><time>2026-07-11T10:02:21.000Z</time></trkpt><trkpt lat="42.561558" lon="44.560412"><ele>2659.667429</ele><time>2026-07-11T10:02:27.000Z</time></trkpt><trkpt lat="42.561597" lon="44.560418"><ele>2660.831641</ele><time>2026-07-11T10:02:33.000Z</time></trkpt><trkpt lat="42.561608" lon="44.560425"><ele>2661.191982</ele><time>2026-07-11T10:02:35.000Z</time></trkpt><trkpt lat="42.561647" lon="44.560447"><ele>2662.444668</ele><time>2026-07-11T10:02:42.000Z</time></trkpt><trkpt lat="42.561652" lon="44.560443"><ele>2662.616809</ele><time>2026-07-11T10:02:44.000Z</time></trkpt><trkpt lat="42.561661" lon="44.560442"><ele>2662.884657</ele><time>2026-07-11T10:02:47.000Z</time></trkpt><trkpt lat="42.561692" lon="44.560464"><ele>2663.922213</ele><time>2026-07-11T10:02:53.000Z</time></trkpt><trkpt lat="42.561698" lon="44.560464"><ele>2664.100184</ele><time>2026-07-11T10:02:54.000Z</time></trkpt><trkpt lat="42.561734" lon="44.560471"><ele>2665.178902</ele><time>2026-07-11T10:03:01.000Z</time></trkpt><trkpt lat="42.561739" lon="44.56047"><ele>2665.328811</ele><time>2026-07-11T10:03:02.000Z</time></trkpt><trkpt lat="42.561766" lon="44.560487"><ele>2666.211608</ele><time>2026-07-11T10:03:10.000Z</time></trkpt><trkpt lat="42.561784" lon="44.560481"><ele>2666.761375</ele><time>2026-07-11T10:03:15.000Z</time></trkpt><trkpt lat="42.561794" lon="44.560482"><ele>2667.058796</ele><time>2026-07-11T10:03:17.000Z</time></trkpt><trkpt lat="42.5618" lon="44.560486"><ele>2667.257065</ele><time>2026-07-11T10:03:18.000Z</time></trkpt><trkpt lat="42.561824" lon="44.560501"><ele>2668.040754</ele><time>2026-07-11T10:03:24.000Z</time></trkpt><trkpt lat="42.561843" lon="44.560517"><ele>2668.703932</ele><time>2026-07-11T10:03:31.000Z</time></trkpt><trkpt lat="42.561849" lon="44.560519"><ele>2668.887188</ele><time>2026-07-11T10:03:32.000Z</time></trkpt><trkpt lat="42.561868" lon="44.560515"><ele>2669.457496</ele><time>2026-07-11T10:03:35.000Z</time></trkpt><trkpt lat="42.561878" lon="44.560516"><ele>2669.754917</ele><time>2026-07-11T10:03:38.000Z</time></trkpt><trkpt lat="42.561905" lon="44.560537"><ele>2670.67789</ele><time>2026-07-11T10:03:44.000Z</time></trkpt><trkpt lat="42.561909" lon="44.560537"><ele>2670.796537</ele><time>2026-07-11T10:03:45.000Z</time></trkpt><trkpt lat="42.561932" lon="44.560539"><ele>2671.480155</ele><time>2026-07-11T10:03:51.000Z</time></trkpt><trkpt lat="42.561936" lon="44.560538"><ele>2671.600797</ele><time>2026-07-11T10:03:52.000Z</time></trkpt><trkpt lat="42.561965" lon="44.560531"><ele>2672.474476</ele><time>2026-07-11T10:04:00.000Z</time></trkpt><trkpt lat="42.561991" lon="44.560534"><ele>2673.248462</ele><time>2026-07-11T10:04:06.000Z</time></trkpt><trkpt lat="42.562008" lon="44.560538"><ele>2673.760228</ele><time>2026-07-11T10:04:10.000Z</time></trkpt><trkpt lat="42.562019" lon="44.560543"><ele>2674.104307</ele><time>2026-07-11T10:04:13.000Z</time></trkpt><trkpt lat="42.562028" lon="44.560544"><ele>2674.372155</ele><time>2026-07-11T10:04:15.000Z</time></trkpt><trkpt lat="42.562056" lon="44.560554"><ele>2675.230938</ele><time>2026-07-11T10:04:22.000Z</time></trkpt><trkpt lat="42.562061" lon="44.560552"><ele>2675.38555</ele><time>2026-07-11T10:04:24.000Z</time></trkpt><trkpt lat="42.562085" lon="44.560561"><ele>2676.124087</ele><time>2026-07-11T10:04:29.000Z</time></trkpt><trkpt lat="42.562099" lon="44.56057"><ele>2676.58355</ele><time>2026-07-11T10:04:32.000Z</time></trkpt><trkpt lat="42.562124" lon="44.560571"><ele>2677.325415</ele><time>2026-07-11T10:04:37.000Z</time></trkpt><trkpt lat="42.562133" lon="44.560576"><ele>2677.613855</ele><time>2026-07-11T10:04:39.000Z</time></trkpt><trkpt lat="42.562157" lon="44.560579"><ele>2678.328748</ele><time>2026-07-11T10:04:45.000Z</time></trkpt><trkpt lat="42.562163" lon="44.56058"><ele>2678.508055</ele><time>2026-07-11T10:04:47.000Z</time></trkpt><trkpt lat="42.562185" lon="44.560588"><ele>2679.183613</ele><time>2026-07-11T10:04:51.000Z</time></trkpt><trkpt lat="42.562198" lon="44.560589"><ele>2679.569834</ele><time>2026-07-11T10:04:54.000Z</time></trkpt><trkpt lat="42.562198" lon="44.560591"><ele>2679.613529</ele><time>2026-07-11T10:04:55.000Z</time></trkpt><trkpt lat="42.562199" lon="44.560587"><ele>2679.705814</ele><time>2026-07-11T10:04:56.000Z</time></trkpt><trkpt lat="42.56221" lon="44.560585"><ele>2680.035006</ele><time>2026-07-11T10:04:58.000Z</time></trkpt><trkpt lat="42.562221" lon="44.560587"><ele>2680.364198</ele><time>2026-07-11T10:05:01.000Z</time></trkpt><trkpt lat="42.56224" lon="44.560591"><ele>2680.934506</ele><time>2026-07-11T10:05:06.000Z</time></trkpt><trkpt lat="42.562253" lon="44.560605"><ele>2681.426685</ele><time>2026-07-11T10:05:10.000Z</time></trkpt><trkpt lat="42.56226" lon="44.56061"><ele>2681.661299</ele><time>2026-07-11T10:05:13.000Z</time></trkpt><trkpt lat="42.562283" lon="44.560608"><ele>2682.344917</ele><time>2026-07-11T10:05:19.000Z</time></trkpt><trkpt lat="42.562289" lon="44.560607"><ele>2682.524223</ele><time>2026-07-11T10:05:20.000Z</time></trkpt><trkpt lat="42.562313" lon="44.560608"><ele>2683.23644</ele><time>2026-07-11T10:05:27.000Z</time></trkpt><trkpt lat="42.562328" lon="44.560608"><ele>2683.681366</ele><time>2026-07-11T10:05:29.000Z</time></trkpt><trkpt lat="42.562346" lon="44.560611"><ele>2684.219285</ele><time>2026-07-11T10:05:34.000Z</time></trkpt><trkpt lat="42.562349" lon="44.560609"><ele>2684.318419</ele><time>2026-07-11T10:05:35.000Z</time></trkpt><trkpt lat="42.562363" lon="44.560618"><ele>2684.777882</ele><time>2026-07-11T10:05:40.000Z</time></trkpt><trkpt lat="42.562372" lon="44.56062"><ele>2685.04839</ele><time>2026-07-11T10:05:42.000Z</time></trkpt><trkpt lat="42.562382" lon="44.560616"><ele>2685.357612</ele><time>2026-07-11T10:05:46.000Z</time></trkpt><trkpt lat="42.562405" lon="44.560614"><ele>2686.04123</ele><time>2026-07-11T10:05:52.000Z</time></trkpt><trkpt lat="42.562411" lon="44.560611"><ele>2686.230886</ele><time>2026-07-11T10:05:54.000Z</time></trkpt><trkpt lat="42.56243" lon="44.560611"><ele>2686.794459</ele><time>2026-07-11T10:05:58.000Z</time></trkpt><trkpt lat="42.562433" lon="44.560613"><ele>2686.893593</ele><time>2026-07-11T10:06:01.000Z</time></trkpt><trkpt lat="42.562435" lon="44.560618"><ele>2687.017897</ele><time>2026-07-11T10:06:03.000Z</time></trkpt><trkpt lat="42.562448" lon="44.560623"><ele>2687.418674</ele><time>2026-07-11T10:06:07.000Z</time></trkpt><trkpt lat="42.562457" lon="44.560624"><ele>2687.686522</ele><time>2026-07-11T10:06:10.000Z</time></trkpt><trkpt lat="42.562466" lon="44.560626"><ele>2687.95703</ele><time>2026-07-11T10:06:13.000Z</time></trkpt><trkpt lat="42.56248" lon="44.560641"><ele>2688.486025</ele><time>2026-07-11T10:06:19.000Z</time></trkpt><trkpt lat="42.56248" lon="44.560643"><ele>2688.529719</ele><time>2026-07-11T10:06:20.000Z</time></trkpt><trkpt lat="42.562504" lon="44.560641"><ele>2689.242941</ele><time>2026-07-11T10:06:27.000Z</time></trkpt><trkpt lat="42.562517" lon="44.560644"><ele>2689.634074</ele><time>2026-07-11T10:06:29.000Z</time></trkpt><trkpt lat="42.562523" lon="44.560649"><ele>2689.842894</ele><time>2026-07-11T10:06:31.000Z</time></trkpt><trkpt lat="42.562522" lon="44.560653"><ele>2689.935179</ele><time>2026-07-11T10:06:33.000Z</time></trkpt><trkpt lat="42.562528" lon="44.560656"><ele>2690.124834</ele><time>2026-07-11T10:06:38.000Z</time></trkpt><trkpt lat="42.562544" lon="44.560659"><ele>2690.603927</ele><time>2026-07-11T10:06:44.000Z</time></trkpt><trkpt lat="42.562548" lon="44.560662"><ele>2690.739473</ele><time>2026-07-11T10:06:45.000Z</time></trkpt><trkpt lat="42.562562" lon="44.560667"><ele>2691.168864</ele><time>2026-07-11T10:06:51.000Z</time></trkpt><trkpt lat="42.562572" lon="44.56067"><ele>2691.472636</ele><time>2026-07-11T10:06:54.000Z</time></trkpt><trkpt lat="42.562578" lon="44.560674"><ele>2691.670904</ele><time>2026-07-11T10:06:55.000Z</time></trkpt><trkpt lat="42.56259" lon="44.56068"><ele>2692.050215</ele><time>2026-07-11T10:07:01.000Z</time></trkpt><trkpt lat="42.562588" lon="44.560679"><ele>2692.113433</ele><time>2026-07-11T10:07:02.000Z</time></trkpt><trkpt lat="42.562617" lon="44.560682"><ele>2692.976117</ele><time>2026-07-11T10:07:09.000Z</time></trkpt><trkpt lat="42.562641" lon="44.560685"><ele>2693.69101</ele><time>2026-07-11T10:07:14.000Z</time></trkpt><trkpt lat="42.562647" lon="44.560694"><ele>2693.956216</ele><time>2026-07-11T10:07:17.000Z</time></trkpt><trkpt lat="42.562647" lon="44.560702"><ele>2694.130992</ele><time>2026-07-11T10:07:20.000Z</time></trkpt><trkpt lat="42.562656" lon="44.5607"><ele>2694.4015</ele><time>2026-07-11T10:07:23.000Z</time></trkpt><trkpt lat="42.562674" lon="44.560707"><ele>2694.956881</ele><time>2026-07-11T10:07:27.000Z</time></trkpt><trkpt lat="42.562689" lon="44.560713"><ele>2695.420715</ele><time>2026-07-11T10:07:33.000Z</time></trkpt><trkpt lat="42.562692" lon="44.560711"><ele>2695.519849</ele><time>2026-07-11T10:07:34.000Z</time></trkpt><trkpt lat="42.562716" lon="44.560719"><ele>2696.252872</ele><time>2026-07-11T10:07:41.000Z</time></trkpt><trkpt lat="42.562721" lon="44.560718"><ele>2696.402781</ele><time>2026-07-11T10:07:42.000Z</time></trkpt><trkpt lat="42.562733" lon="44.560727"><ele>2696.809419</ele><time>2026-07-11T10:07:48.000Z</time></trkpt><trkpt lat="42.562735" lon="44.560728"><ele>2696.872637</ele><time>2026-07-11T10:07:49.000Z</time></trkpt><trkpt lat="42.56275" lon="44.560745"><ele>2697.452203</ele><time>2026-07-11T10:07:58.000Z</time></trkpt><trkpt lat="42.56275" lon="44.560745"><ele>2697.452203</ele><time>2026-07-11T10:08:08.000Z</time></trkpt><trkpt lat="42.562758" lon="44.56074"><ele>2697.713432</ele><time>2026-07-11T10:08:17.000Z</time></trkpt><trkpt lat="42.56275" lon="44.560745"><ele>2697.974661</ele><time>2026-07-11T10:08:25.000Z</time></trkpt><trkpt lat="42.56279" lon="44.560726"><ele>2699.390293</ele><time>2026-07-11T10:08:32.000Z</time></trkpt><trkpt lat="42.562794" lon="44.560722"><ele>2699.559091</ele><time>2026-07-11T10:08:33.000Z</time></trkpt><trkpt lat="42.562806" lon="44.56073"><ele>2700.013326</ele><time>2026-07-11T10:08:37.000Z</time></trkpt><trkpt lat="42.562811" lon="44.560737"><ele>2700.257357</ele><time>2026-07-11T10:08:39.000Z</time></trkpt><trkpt lat="42.562818" lon="44.560749"><ele>2700.640445</ele><time>2026-07-11T10:08:41.000Z</time></trkpt><trkpt lat="42.562823" lon="44.560752"><ele>2700.826184</ele><time>2026-07-11T10:08:45.000Z</time></trkpt><trkpt lat="42.562825" lon="44.560758"><ele>2700.991001</ele><time>2026-07-11T10:08:47.000Z</time></trkpt><trkpt lat="42.562834" lon="44.560767"><ele>2701.370796</ele><time>2026-07-11T10:08:50.000Z</time></trkpt><trkpt lat="42.562835" lon="44.560768"><ele>2701.412995</ele><time>2026-07-11T10:08:52.000Z</time></trkpt><trkpt lat="42.562848" lon="44.560773"><ele>2701.872089</ele><time>2026-07-11T10:08:57.000Z</time></trkpt><trkpt lat="42.562859" lon="44.560776"><ele>2702.253311</ele><time>2026-07-11T10:09:00.000Z</time></trkpt><trkpt lat="42.562861" lon="44.560775"><ele>2702.325728</ele><time>2026-07-11T10:09:01.000Z</time></trkpt><trkpt lat="42.562871" lon="44.560777"><ele>2702.669173</ele><time>2026-07-11T10:09:06.000Z</time></trkpt><trkpt lat="42.562874" lon="44.560774"><ele>2702.795771</ele><time>2026-07-11T10:09:09.000Z</time></trkpt><trkpt lat="42.562893" lon="44.560782"><ele>2703.471682</ele><time>2026-07-11T10:09:18.000Z</time></trkpt><trkpt lat="42.562903" lon="44.560783"><ele>2703.81238</ele><time>2026-07-11T10:09:22.000Z</time></trkpt><trkpt lat="42.562907" lon="44.560782"><ele>2703.950577</ele><time>2026-07-11T10:09:26.000Z</time></trkpt><trkpt lat="42.562908" lon="44.560783"><ele>2703.992776</ele><time>2026-07-11T10:09:27.000Z</time></trkpt><trkpt lat="42.562929" lon="44.56079"><ele>2704.7275</ele><time>2026-07-11T10:09:36.000Z</time></trkpt><trkpt lat="42.56294" lon="44.560793"><ele>2705.108723</ele><time>2026-07-11T10:09:41.000Z</time></trkpt><trkpt lat="42.562948" lon="44.560797"><ele>2705.398392</ele><time>2026-07-11T10:09:44.000Z</time></trkpt><trkpt lat="42.562973" lon="44.560791"><ele>2706.261007</ele><time>2026-07-11T10:09:50.000Z</time></trkpt><trkpt lat="42.562976" lon="44.560791"><ele>2706.36294</ele><time>2026-07-11T10:09:51.000Z</time></trkpt><trkpt lat="42.562985" lon="44.560794"><ele>2706.677822</ele><time>2026-07-11T10:09:54.000Z</time></trkpt><trkpt lat="42.563005" lon="44.56081"><ele>2707.466573</ele><time>2026-07-11T10:09:59.000Z</time></trkpt><trkpt lat="42.563014" lon="44.560818"><ele>2707.832082</ele><time>2026-07-11T10:10:02.000Z</time></trkpt><trkpt lat="42.56302" lon="44.56082"><ele>2708.042003</ele><time>2026-07-11T10:10:05.000Z</time></trkpt><trkpt lat="42.563032" lon="44.560818"><ele>2708.452798</ele><time>2026-07-11T10:10:10.000Z</time></trkpt><trkpt lat="42.563032" lon="44.560822"><ele>2708.552901</ele><time>2026-07-11T10:10:12.000Z</time></trkpt><trkpt lat="42.56304" lon="44.560825"><ele>2708.834902</ele><time>2026-07-11T10:10:15.000Z</time></trkpt><trkpt lat="42.563044" lon="44.560826"><ele>2708.973098</ele><time>2026-07-11T10:10:17.000Z</time></trkpt><trkpt lat="42.563065" lon="44.560829"><ele>2709.690571</ele><time>2026-07-11T10:10:23.000Z</time></trkpt><trkpt lat="42.563075" lon="44.560831"><ele>2710.034016</ele><time>2026-07-11T10:10:27.000Z</time></trkpt><trkpt lat="42.563095" lon="44.560831"><ele>2710.713573</ele><time>2026-07-11T10:10:31.000Z</time></trkpt><trkpt lat="42.563121" lon="44.560846"><ele>2711.673444</ele><time>2026-07-11T10:10:39.000Z</time></trkpt><trkpt lat="42.563126" lon="44.560839"><ele>2711.917474</ele><time>2026-07-11T10:10:44.000Z</time></trkpt><trkpt lat="42.563126" lon="44.560839"><ele>2711.917474</ele><time>2026-07-11T10:10:47.000Z</time></trkpt><trkpt lat="42.563117" lon="44.560844"><ele>2712.247884</ele><time>2026-07-11T10:10:59.000Z</time></trkpt><trkpt lat="42.563147" lon="44.560844"><ele>2713.26722</ele><time>2026-07-11T10:11:05.000Z</time></trkpt><trkpt lat="42.563153" lon="44.560852"><ele>2713.552954</ele><time>2026-07-11T10:11:11.000Z</time></trkpt><trkpt lat="42.563158" lon="44.560849"><ele>2713.738693</ele><time>2026-07-11T10:11:12.000Z</time></trkpt><trkpt lat="42.563181" lon="44.560861"><ele>2714.575898</ele><time>2026-07-11T10:11:17.000Z</time></trkpt><trkpt lat="42.563185" lon="44.560866"><ele>2714.760639</ele><time>2026-07-11T10:11:18.000Z</time></trkpt><trkpt lat="42.563194" lon="44.560883"><ele>2715.284577</ele><time>2026-07-11T10:11:22.000Z</time></trkpt><trkpt lat="42.563205" lon="44.560884"><ele>2715.65917</ele><time>2026-07-11T10:11:26.000Z</time></trkpt><trkpt lat="42.563221" lon="44.56089"><ele>2716.223171</ele><time>2026-07-11T10:11:31.000Z</time></trkpt><trkpt lat="42.563219" lon="44.560891"><ele>2716.295588</ele><time>2026-07-11T10:11:35.000Z</time></trkpt><trkpt lat="42.56322" lon="44.560893"><ele>2716.356083</ele><time>2026-07-11T10:11:39.000Z</time></trkpt><trkpt lat="42.563236" lon="44.560908"><ele>2717.016738</ele><time>2026-07-11T10:11:44.000Z</time></trkpt><trkpt lat="42.563256" lon="44.560904"><ele>2717.703628</ele><time>2026-07-11T10:11:51.000Z</time></trkpt><trkpt lat="42.563259" lon="44.560904"><ele>2717.805562</ele><time>2026-07-11T10:11:52.000Z</time></trkpt><trkpt lat="42.563263" lon="44.560911"><ele>2718.027282</ele><time>2026-07-11T10:12:01.000Z</time></trkpt><trkpt lat="42.563272" lon="44.560909"><ele>2718.337152</ele><time>2026-07-11T10:12:05.000Z</time></trkpt><trkpt lat="42.563287" lon="44.560903"><ele>2718.868477</ele><time>2026-07-11T10:12:09.000Z</time></trkpt><trkpt lat="42.563291" lon="44.560908"><ele>2719.053218</ele><time>2026-07-11T10:12:15.000Z</time></trkpt><trkpt lat="42.563313" lon="44.560921"><ele>2719.868459</ele><time>2026-07-11T10:12:22.000Z</time></trkpt><trkpt lat="42.563316" lon="44.560924"><ele>2719.995056</ele><time>2026-07-11T10:12:23.000Z</time></trkpt><trkpt lat="42.563321" lon="44.56092"><ele>2720.192244</ele><time>2026-07-11T10:12:26.000Z</time></trkpt><trkpt lat="42.563331" lon="44.560924"><ele>2720.546461</ele><time>2026-07-11T10:12:29.000Z</time></trkpt><trkpt lat="42.563337" lon="44.560915"><ele>2720.850255</ele><time>2026-07-11T10:12:31.000Z</time></trkpt><trkpt lat="42.563348" lon="44.560907"><ele>2721.274255</ele><time>2026-07-11T10:12:35.000Z</time></trkpt><trkpt lat="42.563353" lon="44.560905"><ele>2721.451364</ele><time>2026-07-11T10:12:36.000Z</time></trkpt><trkpt lat="42.563354" lon="44.560896"><ele>2721.679144</ele><time>2026-07-11T10:12:45.000Z</time></trkpt><trkpt lat="42.563365" lon="44.560904"><ele>2722.103144</ele><time>2026-07-11T10:12:48.000Z</time></trkpt><trkpt lat="42.563372" lon="44.560917"><ele>2722.506148</ele><time>2026-07-11T10:12:53.000Z</time></trkpt><trkpt lat="42.563382" lon="44.560939"><ele>2723.153118</ele><time>2026-07-11T10:12:59.000Z</time></trkpt><trkpt lat="42.563386" lon="44.560937"><ele>2723.297953</ele><time>2026-07-11T10:13:00.000Z</time></trkpt><trkpt lat="42.563404" lon="44.560953"><ele>2724.028969</ele><time>2026-07-11T10:13:08.000Z</time></trkpt><trkpt lat="42.563424" lon="44.560935"><ele>2724.844268</ele><time>2026-07-11T10:13:14.000Z</time></trkpt><trkpt lat="42.563426" lon="44.560941"><ele>2725.009084</ele><time>2026-07-11T10:13:16.000Z</time></trkpt><trkpt lat="42.563433" lon="44.560949"><ele>2725.319974</ele><time>2026-07-11T10:13:21.000Z</time></trkpt><trkpt lat="42.563444" lon="44.560949"><ele>2725.69373</ele><time>2026-07-11T10:13:24.000Z</time></trkpt><trkpt lat="42.563454" lon="44.560962"><ele>2726.164146</ele><time>2026-07-11T10:13:28.000Z</time></trkpt><trkpt lat="42.563464" lon="44.560974"><ele>2726.617615</ele><time>2026-07-11T10:13:31.000Z</time></trkpt><trkpt lat="42.563471" lon="44.560971"><ele>2726.867028</ele><time>2026-07-11T10:13:34.000Z</time></trkpt><trkpt lat="42.563476" lon="44.560975"><ele>2727.064215</ele><time>2026-07-11T10:13:36.000Z</time></trkpt><trkpt lat="42.563477" lon="44.56097"><ele>2727.193874</ele><time>2026-07-11T10:13:42.000Z</time></trkpt><trkpt lat="42.563487" lon="44.560966"><ele>2727.548092</ele><time>2026-07-11T10:13:49.000Z</time></trkpt><trkpt lat="42.563498" lon="44.56097"><ele>2727.935021</ele><time>2026-07-11T10:13:53.000Z</time></trkpt><trkpt lat="42.563505" lon="44.560992"><ele>2728.534763</ele><time>2026-07-11T10:13:57.000Z</time></trkpt><trkpt lat="42.563505" lon="44.560992"><ele>2728.534763</ele><time>2026-07-11T10:13:59.000Z</time></trkpt><trkpt lat="42.56351" lon="44.560984"><ele>2728.797336</ele><time>2026-07-11T10:14:04.000Z</time></trkpt><trkpt lat="42.563517" lon="44.560981"><ele>2729.046748</ele><time>2026-07-11T10:14:06.000Z</time></trkpt><trkpt lat="42.563523" lon="44.560973"><ele>2729.332482</ele><time>2026-07-11T10:14:08.000Z</time></trkpt><trkpt lat="42.563528" lon="44.560971"><ele>2729.509591</ele><time>2026-07-11T10:14:11.000Z</time></trkpt><trkpt lat="42.563544" lon="44.560965"><ele>2730.073591</ele><time>2026-07-11T10:14:15.000Z</time></trkpt><trkpt lat="42.563551" lon="44.560973"><ele>2730.38448</ele><time>2026-07-11T10:14:19.000Z</time></trkpt><trkpt lat="42.56357" lon="44.56099"><ele>2731.157635</ele><time>2026-07-11T10:14:27.000Z</time></trkpt><trkpt lat="42.563572" lon="44.560989"><ele>2731.230052</ele><time>2026-07-11T10:14:28.000Z</time></trkpt><trkpt lat="42.563584" lon="44.560982"><ele>2731.673825</ele><time>2026-07-11T10:14:32.000Z</time></trkpt><trkpt lat="42.563589" lon="44.560979"><ele>2731.859564</ele><time>2026-07-11T10:14:33.000Z</time></trkpt><trkpt lat="42.56361" lon="44.560976"><ele>2732.577037</ele><time>2026-07-11T10:14:41.000Z</time></trkpt><trkpt lat="42.563623" lon="44.560977"><ele>2733.019457</ele><time>2026-07-11T10:14:43.000Z</time></trkpt><trkpt lat="42.563629" lon="44.560997"><ele>2733.559896</ele><time>2026-07-11T10:14:46.000Z</time></trkpt><trkpt lat="42.56363" lon="44.561008"><ele>2733.837266</ele><time>2026-07-11T10:14:48.000Z</time></trkpt><trkpt lat="42.563631" lon="44.561023"><ele>2734.214184</ele><time>2026-07-11T10:14:55.000Z</time></trkpt><trkpt lat="42.563645" lon="44.561013"><ele>2734.751687</ele><time>2026-07-11T10:15:00.000Z</time></trkpt><trkpt lat="42.563656" lon="44.561014"><ele>2735.12628</ele><time>2026-07-11T10:15:02.000Z</time></trkpt><trkpt lat="42.563654" lon="44.561025"><ele>2735.409825</ele><time>2026-07-11T10:15:06.000Z</time></trkpt><trkpt lat="42.563662" lon="44.561023"><ele>2735.686217</ele><time>2026-07-11T10:15:09.000Z</time></trkpt><trkpt lat="42.563682" lon="44.560997"><ele>2736.627047</ele><time>2026-07-11T10:15:16.000Z</time></trkpt><trkpt lat="42.563684" lon="44.560997"><ele>2736.695003</ele><time>2026-07-11T10:15:17.000Z</time></trkpt><trkpt lat="42.563702" lon="44.561007"><ele>2737.355823</ele><time>2026-07-11T10:15:25.000Z</time></trkpt><trkpt lat="42.563707" lon="44.561007"><ele>2737.525713</ele><time>2026-07-11T10:15:27.000Z</time></trkpt><trkpt lat="42.563721" lon="44.56101"><ele>2738.00729</ele><time>2026-07-11T10:15:33.000Z</time></trkpt><trkpt lat="42.563726" lon="44.561011"><ele>2738.179013</ele><time>2026-07-11T10:15:34.000Z</time></trkpt><trkpt lat="42.563738" lon="44.561024"><ele>2738.700633</ele><time>2026-07-11T10:15:39.000Z</time></trkpt><trkpt lat="42.563763" lon="44.561043"><ele>2739.674104</ele><time>2026-07-11T10:15:46.000Z</time></trkpt><trkpt lat="42.563765" lon="44.561044"><ele>2739.746521</ele><time>2026-07-11T10:15:47.000Z</time></trkpt><trkpt lat="42.563787" lon="44.561057"><ele>2740.56176</ele><time>2026-07-11T10:15:54.000Z</time></trkpt><trkpt lat="42.563787" lon="44.561045"><ele>2740.862066</ele><time>2026-07-11T10:15:59.000Z</time></trkpt><trkpt lat="42.563784" lon="44.561045"><ele>2740.964</ele><time>2026-07-11T10:16:02.000Z</time></trkpt><trkpt lat="42.563767" lon="44.561021"><ele>2741.797297</ele><time>2026-07-11T10:16:09.000Z</time></trkpt><trkpt lat="42.563754" lon="44.560984"><ele>2742.823203</ele><time>2026-07-11T10:16:14.000Z</time></trkpt><trkpt lat="42.563759" lon="44.56098"><ele>2743.02039</ele><time>2026-07-11T10:16:18.000Z</time></trkpt><trkpt lat="42.563759" lon="44.560984"><ele>2743.120492</ele><time>2026-07-11T10:16:25.000Z</time></trkpt><trkpt lat="42.56376" lon="44.560999"><ele>2743.49741</ele><time>2026-07-11T10:16:30.000Z</time></trkpt><trkpt lat="42.563754" lon="44.560989"><ele>2743.820193</ele><time>2026-07-11T10:16:35.000Z</time></trkpt><trkpt lat="42.563767" lon="44.560999"><ele>2744.327872</ele><time>2026-07-11T10:16:43.000Z</time></trkpt><trkpt lat="42.56378" lon="44.56101"><ele>2744.848341</ele><time>2026-07-11T10:16:46.000Z</time></trkpt><trkpt lat="42.563791" lon="44.561024"><ele>2745.360634</ele><time>2026-07-11T10:16:49.000Z</time></trkpt><trkpt lat="42.563796" lon="44.561024"><ele>2745.530523</ele><time>2026-07-11T10:16:51.000Z</time></trkpt><trkpt lat="42.56381" lon="44.561044"><ele>2746.221024</ele><time>2026-07-11T10:16:56.000Z</time></trkpt><trkpt lat="42.563812" lon="44.56105"><ele>2746.385839</ele><time>2026-07-11T10:16:58.000Z</time></trkpt><trkpt lat="42.56382" lon="44.561061"><ele>2746.772707</ele><time>2026-07-11T10:17:02.000Z</time></trkpt><trkpt lat="42.563826" lon="44.561065"><ele>2746.999824</ele><time>2026-07-11T10:17:04.000Z</time></trkpt><trkpt lat="42.563849" lon="44.56107"><ele>2747.791268</ele><time>2026-07-11T10:17:10.000Z</time></trkpt><trkpt lat="42.563857" lon="44.561076"><ele>2748.101805</ele><time>2026-07-11T10:17:13.000Z</time></trkpt><trkpt lat="42.563875" lon="44.561096"><ele>2748.8921</ele><time>2026-07-11T10:17:19.000Z</time></trkpt><trkpt lat="42.563882" lon="44.561105"><ele>2749.219665</ele><time>2026-07-11T10:17:21.000Z</time></trkpt><trkpt lat="42.563902" lon="44.56111"><ele>2749.910645</ele><time>2026-07-11T10:17:25.000Z</time></trkpt><trkpt lat="42.563923" lon="44.561117"><ele>2750.645369</ele><time>2026-07-11T10:17:30.000Z</time></trkpt><trkpt lat="42.563928" lon="44.561118"><ele>2750.817091</ele><time>2026-07-11T10:17:32.000Z</time></trkpt><trkpt lat="42.56394" lon="44.561122"><ele>2751.236933</ele><time>2026-07-11T10:17:35.000Z</time></trkpt><trkpt lat="42.563951" lon="44.561125"><ele>2751.618155</ele><time>2026-07-11T10:17:38.000Z</time></trkpt><trkpt lat="42.563962" lon="44.561126"><ele>2751.992748</ele><time>2026-07-11T10:17:42.000Z</time></trkpt><trkpt lat="42.563969" lon="44.56113"><ele>2752.2508</ele><time>2026-07-11T10:17:46.000Z</time></trkpt><trkpt lat="42.563969" lon="44.56113"><ele>2752.2508</ele><time>2026-07-11T10:17:54.000Z</time></trkpt><trkpt lat="42.563971" lon="44.561124"><ele>2752.415614</ele><time>2026-07-11T10:18:01.000Z</time></trkpt><trkpt lat="42.563951" lon="44.561141"><ele>2753.217356</ele><time>2026-07-11T10:18:08.000Z</time></trkpt><trkpt lat="42.563954" lon="44.561135"><ele>2753.39884</ele><time>2026-07-11T10:18:15.000Z</time></trkpt><trkpt lat="42.563955" lon="44.561134"><ele>2753.441039</ele><time>2026-07-11T10:18:16.000Z</time></trkpt><trkpt lat="42.563958" lon="44.561131"><ele>2753.567636</ele><time>2026-07-11T10:18:17.000Z</time></trkpt><trkpt lat="42.563958" lon="44.56113"><ele>2753.592662</ele><time>2026-07-11T10:18:18.000Z</time></trkpt><trkpt lat="42.563969" lon="44.56113"><ele>2753.966418</ele><time>2026-07-11T10:18:27.000Z</time></trkpt><trkpt lat="42.563969" lon="44.56113"><ele>2753.966418</ele><time>2026-07-11T10:18:33.000Z</time></trkpt><trkpt lat="42.563969" lon="44.56113"><ele>2753.966418</ele><time>2026-07-11T10:18:41.000Z</time></trkpt><trkpt lat="42.563969" lon="44.56113"><ele>2753.966418</ele><time>2026-07-11T10:18:49.000Z</time></trkpt><trkpt lat="42.563968" lon="44.561118"><ele>2754.268639</ele><time>2026-07-11T10:18:51.000Z</time></trkpt><trkpt lat="42.563963" lon="44.561125"><ele>2754.512667</ele><time>2026-07-11T10:18:57.000Z</time></trkpt><trkpt lat="42.563961" lon="44.561127"><ele>2754.597066</ele><time>2026-07-11T10:18:58.000Z</time></trkpt><trkpt lat="42.563981" lon="44.561114"><ele>2755.350483</ele><time>2026-07-11T10:19:06.000Z</time></trkpt><trkpt lat="42.564" lon="44.561122"><ele>2756.026392</ele><time>2026-07-11T10:19:12.000Z</time></trkpt><trkpt lat="42.564014" lon="44.561136"><ele>2756.61718</ele><time>2026-07-11T10:19:16.000Z</time></trkpt><trkpt lat="42.564005" lon="44.561157"><ele>2757.225209</ele><time>2026-07-11T10:19:19.000Z</time></trkpt><trkpt lat="42.564003" lon="44.561165"><ele>2757.436632</ele><time>2026-07-11T10:19:20.000Z</time></trkpt><trkpt lat="42.564012" lon="44.561166"><ele>2757.743454</ele><time>2026-07-11T10:19:26.000Z</time></trkpt><trkpt lat="42.564017" lon="44.561167"><ele>2757.915177</ele><time>2026-07-11T10:19:27.000Z</time></trkpt><trkpt lat="42.564038" lon="44.561173"><ele>2758.644339</ele><time>2026-07-11T10:19:33.000Z</time></trkpt><trkpt lat="42.564042" lon="44.561174"><ele>2758.782535</ele><time>2026-07-11T10:19:34.000Z</time></trkpt><trkpt lat="42.564044" lon="44.56117"><ele>2758.903524</ele><time>2026-07-11T10:19:39.000Z</time></trkpt><trkpt lat="42.564048" lon="44.561177"><ele>2759.125243</ele><time>2026-07-11T10:19:41.000Z</time></trkpt><trkpt lat="42.564068" lon="44.561195"><ele>2759.506235</ele><time>2026-07-11T10:19:49.000Z</time></trkpt><trkpt lat="42.564074" lon="44.561208"><ele>2759.646805</ele><time>2026-07-11T10:19:52.000Z</time></trkpt><trkpt lat="42.564079" lon="44.561217"><ele>2759.750097</ele><time>2026-07-11T10:19:56.000Z</time></trkpt><trkpt lat="42.564081" lon="44.561235"><ele>2759.916891</ele><time>2026-07-11T10:19:59.000Z</time></trkpt><trkpt lat="42.56408" lon="44.561241"><ele>2759.973257</ele><time>2026-07-11T10:20:01.000Z</time></trkpt><trkpt lat="42.564084" lon="44.561256"><ele>2760.119428</ele><time>2026-07-11T10:20:06.000Z</time></trkpt><trkpt lat="42.564087" lon="44.561264"><ele>2760.201683</ele><time>2026-07-11T10:20:08.000Z</time></trkpt><trkpt lat="42.564095" lon="44.561277"><ele>2760.356903</ele><time>2026-07-11T10:20:15.000Z</time></trkpt><trkpt lat="42.56409" lon="44.561279"><ele>2760.421749</ele><time>2026-07-11T10:20:17.000Z</time></trkpt><trkpt lat="42.56409" lon="44.561264"><ele>2760.559189</ele><time>2026-07-11T10:20:22.000Z</time></trkpt><trkpt lat="42.56409" lon="44.561264"><ele>2760.559189</ele><time>2026-07-11T10:20:24.000Z</time></trkpt><trkpt lat="42.56409" lon="44.561264"><ele>2760.559189</ele><time>2026-07-11T10:20:36.000Z</time></trkpt><trkpt lat="42.5641" lon="44.561271"><ele>2760.699154</ele><time>2026-07-11T10:20:41.000Z</time></trkpt><trkpt lat="42.5641" lon="44.56127"><ele>2760.708316</ele><time>2026-07-11T10:20:44.000Z</time></trkpt><trkpt lat="42.564106" lon="44.56126"><ele>2760.826498</ele><time>2026-07-11T10:20:55.000Z</time></trkpt><trkpt lat="42.564106" lon="44.56126"><ele>2760.826498</ele><time>2026-07-11T10:21:03.000Z</time></trkpt><trkpt lat="42.564106" lon="44.56126"><ele>2760.826498</ele><time>2026-07-11T10:21:09.000Z</time></trkpt><trkpt lat="42.564114" lon="44.561275"><ele>2760.996188</ele><time>2026-07-11T10:21:11.000Z</time></trkpt><trkpt lat="42.564106" lon="44.56126"><ele>2761.165878</ele><time>2026-07-11T10:21:18.000Z</time></trkpt><trkpt lat="42.564113" lon="44.561274"><ele>2761.320921</ele><time>2026-07-11T10:21:21.000Z</time></trkpt><trkpt lat="42.564112" lon="44.561269"><ele>2761.368393</ele><time>2026-07-11T10:21:24.000Z</time></trkpt><trkpt lat="42.564106" lon="44.56126"><ele>2761.479622</ele><time>2026-07-11T10:21:31.000Z</time></trkpt><trkpt lat="42.564107" lon="44.561259"><ele>2761.495072</ele><time>2026-07-11T10:21:38.000Z</time></trkpt><trkpt lat="42.564145" lon="44.561257"><ele>2761.968164</ele><time>2026-07-11T10:21:45.000Z</time></trkpt><trkpt lat="42.564137" lon="44.561262"><ele>2762.077726</ele><time>2026-07-11T10:21:51.000Z</time></trkpt><trkpt lat="42.56413" lon="44.561263"><ele>2762.16529</ele><time>2026-07-11T10:21:58.000Z</time></trkpt><trkpt lat="42.56413" lon="44.561263"><ele>2762.16529</ele><time>2026-07-11T10:22:05.000Z</time></trkpt><trkpt lat="42.56413" lon="44.561263"><ele>2762.16529</ele><time>2026-07-11T10:22:14.000Z</time></trkpt><trkpt lat="42.564121" lon="44.561271"><ele>2762.299115</ele><time>2026-07-11T10:22:24.000Z</time></trkpt><trkpt lat="42.564122" lon="44.561258"><ele>2762.418877</ele><time>2026-07-11T10:22:32.000Z</time></trkpt><trkpt lat="42.564134" lon="44.56127"><ele>2762.604283</ele><time>2026-07-11T10:22:41.000Z</time></trkpt><trkpt lat="42.564127" lon="44.56127"><ele>2762.691366</ele><time>2026-07-11T10:22:45.000Z</time></trkpt><trkpt lat="42.564125" lon="44.561264"><ele>2762.75171</ele><time>2026-07-11T10:22:48.000Z</time></trkpt><trkpt lat="42.564128" lon="44.561263"><ele>2762.79014</ele><time>2026-07-11T10:22:49.000Z</time></trkpt><trkpt lat="42.564136" lon="44.56126"><ele>2762.89339</ele><time>2026-07-11T10:22:53.000Z</time></trkpt><trkpt lat="42.564132" lon="44.561263"><ele>2762.950239</ele><time>2026-07-11T10:22:59.000Z</time></trkpt><trkpt lat="42.564137" lon="44.561265"><ele>2763.015084</ele><time>2026-07-11T10:23:04.000Z</time></trkpt><trkpt lat="42.56414" lon="44.561264"><ele>2763.053514</ele><time>2026-07-11T10:23:06.000Z</time></trkpt><trkpt lat="42.56414" lon="44.561262"><ele>2763.071839</ele><time>2026-07-11T10:23:17.000Z</time></trkpt><trkpt lat="42.564144" lon="44.561263"><ele>2763.122438</ele><time>2026-07-11T10:23:18.000Z</time></trkpt><trkpt lat="42.56414" lon="44.561265"><ele>2763.175466</ele><time>2026-07-11T10:23:24.000Z</time></trkpt><trkpt lat="42.56413" lon="44.561263"><ele>2763.301213</ele><time>2026-07-11T10:23:29.000Z</time></trkpt><trkpt lat="42.56413" lon="44.561263"><ele>2763.301213</ele><time>2026-07-11T10:23:43.000Z</time></trkpt><trkpt lat="42.56413" lon="44.561263"><ele>2763.301213</ele><time>2026-07-11T10:23:56.000Z</time></trkpt><trkpt lat="42.564137" lon="44.56126"><ele>2763.392532</ele><time>2026-07-11T10:24:03.000Z</time></trkpt><trkpt lat="42.56413" lon="44.561263"><ele>2763.48385</ele><time>2026-07-11T10:24:10.000Z</time></trkpt><trkpt lat="42.564131" lon="44.561271"><ele>2763.558199</ele><time>2026-07-11T10:24:18.000Z</time></trkpt><trkpt lat="42.564138" lon="44.561268"><ele>2763.649518</ele><time>2026-07-11T10:24:31.000Z</time></trkpt><trkpt lat="42.56413" lon="44.561262"><ele>2763.763216</ele><time>2026-07-11T10:24:36.000Z</time></trkpt><trkpt lat="42.564137" lon="44.561258"><ele>2763.857697</ele><time>2026-07-11T10:24:45.000Z</time></trkpt><trkpt lat="42.564142" lon="44.561256"><ele>2763.922543</ele><time>2026-07-11T10:24:49.000Z</time></trkpt><trkpt lat="42.564142" lon="44.561251"><ele>2763.968356</ele><time>2026-07-11T10:24:53.000Z</time></trkpt><trkpt lat="42.564136" lon="44.561266"><ele>2764.124757</ele><time>2026-07-11T10:25:01.000Z</time></trkpt><trkpt lat="42.564138" lon="44.561276"><ele>2764.219701</ele><time>2026-07-11T10:25:08.000Z</time></trkpt><trkpt lat="42.564139" lon="44.561278"><ele>2764.24185</ele><time>2026-07-11T10:25:10.000Z</time></trkpt><trkpt lat="42.564139" lon="44.561278"><ele>2764.24185</ele><time>2026-07-11T10:25:11.000Z</time></trkpt><trkpt lat="42.564141" lon="44.561276"><ele>2764.272751</ele><time>2026-07-11T10:25:13.000Z</time></trkpt><trkpt lat="42.56415" lon="44.561269"><ele>2764.401785</ele><time>2026-07-11T10:25:17.000Z</time></trkpt><trkpt lat="42.564148" lon="44.561263"><ele>2764.462129</ele><time>2026-07-11T10:25:21.000Z</time></trkpt><trkpt lat="42.564134" lon="44.561261"><ele>2764.637257</ele><time>2026-07-11T10:25:31.000Z</time></trkpt><trkpt lat="42.564132" lon="44.561265"><ele>2764.681555</ele><time>2026-07-11T10:25:41.000Z</time></trkpt><trkpt lat="42.564138" lon="44.561266"><ele>2764.756758</ele><time>2026-07-11T10:25:49.000Z</time></trkpt><trkpt lat="42.56413" lon="44.561263"><ele>2764.860008</ele><time>2026-07-11T10:26:03.000Z</time></trkpt><trkpt lat="42.564132" lon="44.561271"><ele>2764.937416</ele><time>2026-07-11T10:26:08.000Z</time></trkpt><trkpt lat="42.564139" lon="44.56128"><ele>2765.057349</ele><time>2026-07-11T10:26:20.000Z</time></trkpt><trkpt lat="42.564141" lon="44.56128"><ele>2765.08223</ele><time>2026-07-11T10:26:30.000Z</time></trkpt><trkpt lat="42.564141" lon="44.56128"><ele>2765.08223</ele><time>2026-07-11T10:26:45.000Z</time></trkpt><trkpt lat="42.564141" lon="44.56128"><ele>2765.08223</ele><time>2026-07-11T10:26:52.000Z</time></trkpt><trkpt lat="42.564141" lon="44.56128"><ele>2765.08223</ele><time>2026-07-11T10:27:01.000Z</time></trkpt><trkpt lat="42.564141" lon="44.56128"><ele>2765.08223</ele><time>2026-07-11T10:27:11.000Z</time></trkpt><trkpt lat="42.564141" lon="44.56128"><ele>2765.08223</ele><time>2026-07-11T10:27:17.000Z</time></trkpt><trkpt lat="42.564141" lon="44.56128"><ele>2765.08223</ele><time>2026-07-11T10:27:31.000Z</time></trkpt><trkpt lat="42.564141" lon="44.56128"><ele>2765.08223</ele><time>2026-07-11T10:27:46.000Z</time></trkpt><trkpt lat="42.564141" lon="44.56128"><ele>2765.08223</ele><time>2026-07-11T10:27:59.000Z</time></trkpt><trkpt lat="42.564141" lon="44.56128"><ele>2765.08223</ele><time>2026-07-11T10:28:08.000Z</time></trkpt><trkpt lat="42.56414" lon="44.561268"><ele>2765.192883</ele><time>2026-07-11T10:28:18.000Z</time></trkpt><trkpt lat="42.564141" lon="44.56128"><ele>2765.303536</ele><time>2026-07-11T10:28:28.000Z</time></trkpt><trkpt lat="42.564141" lon="44.56128"><ele>2765.303536</ele><time>2026-07-11T10:28:35.000Z</time></trkpt><trkpt lat="42.564137" lon="44.561274"><ele>2765.377689</ele><time>2026-07-11T10:28:54.000Z</time></trkpt><trkpt lat="42.564141" lon="44.56128"><ele>2765.451841</ele><time>2026-07-11T10:29:00.000Z</time></trkpt><trkpt lat="42.564137" lon="44.561262"><ele>2765.624112</ele><time>2026-07-11T10:29:29.000Z</time></trkpt><trkpt lat="42.564139" lon="44.561258"><ele>2765.66841</ele><time>2026-07-11T10:29:38.000Z</time></trkpt><trkpt lat="42.564139" lon="44.561259"><ele>2765.677573</ele><time>2026-07-11T10:29:39.000Z</time></trkpt><trkpt lat="42.564139" lon="44.561266"><ele>2765.741711</ele><time>2026-07-11T10:29:43.000Z</time></trkpt><trkpt lat="42.564141" lon="44.561252"><ele>2765.872379</ele><time>2026-07-11T10:29:46.000Z</time></trkpt><trkpt lat="42.564141" lon="44.561251"><ele>2765.881542</ele><time>2026-07-11T10:29:47.000Z</time></trkpt><trkpt lat="42.564141" lon="44.561255"><ele>2765.918192</ele><time>2026-07-11T10:29:48.000Z</time></trkpt><trkpt lat="42.564137" lon="44.561262"><ele>2765.999371</ele><time>2026-07-11T10:30:01.000Z</time></trkpt><trkpt lat="42.564144" lon="44.561253"><ele>2766.119303</ele><time>2026-07-11T10:30:09.000Z</time></trkpt><trkpt lat="42.564156" lon="44.561249"><ele>2766.273022</ele><time>2026-07-11T10:30:16.000Z</time></trkpt><trkpt lat="42.564157" lon="44.561248"><ele>2766.288472</ele><time>2026-07-11T10:30:23.000Z</time></trkpt><trkpt lat="42.564143" lon="44.561263"><ele>2766.510336</ele><time>2026-07-11T10:30:43.000Z</time></trkpt><trkpt lat="42.564143" lon="44.561263"><ele>2766.510336</ele><time>2026-07-11T10:31:19.000Z</time></trkpt><trkpt lat="42.564143" lon="44.561263"><ele>2766.510336</ele><time>2026-07-11T10:31:23.000Z</time></trkpt><trkpt lat="42.564143" lon="44.561263"><ele>2766.510336</ele><time>2026-07-11T10:31:34.000Z</time></trkpt><trkpt lat="42.564143" lon="44.561263"><ele>2766.510336</ele><time>2026-07-11T10:31:49.000Z</time></trkpt><trkpt lat="42.564143" lon="44.561263"><ele>2766.510336</ele><time>2026-07-11T10:31:58.000Z</time></trkpt><trkpt lat="42.564143" lon="44.561263"><ele>2766.510336</ele><time>2026-07-11T10:32:12.000Z</time></trkpt><trkpt lat="42.564143" lon="44.561263"><ele>2766.510336</ele><time>2026-07-11T10:32:14.000Z</time></trkpt><trkpt lat="42.564142" lon="44.561265"><ele>2766.532485</ele><time>2026-07-11T10:32:22.000Z</time></trkpt><trkpt lat="42.564146" lon="44.561257"><ele>2766.621081</ele><time>2026-07-11T10:32:25.000Z</time></trkpt><trkpt lat="42.564149" lon="44.561254"><ele>2766.667433</ele><time>2026-07-11T10:32:26.000Z</time></trkpt><trkpt lat="42.564149" lon="44.561253"><ele>2766.676596</ele><time>2026-07-11T10:32:27.000Z</time></trkpt><trkpt lat="42.56415" lon="44.56125"><ele>2766.706768</ele><time>2026-07-11T10:32:30.000Z</time></trkpt><trkpt lat="42.564145" lon="44.561247"><ele>2766.774773</ele><time>2026-07-11T10:32:34.000Z</time></trkpt><trkpt lat="42.564149" lon="44.561239"><ele>2766.863369</ele><time>2026-07-11T10:32:51.000Z</time></trkpt><trkpt lat="42.564147" lon="44.56124"><ele>2766.889883</ele><time>2026-07-11T10:32:57.000Z</time></trkpt><trkpt lat="42.564149" lon="44.561239"><ele>2766.916398</ele><time>2026-07-11T10:33:07.000Z</time></trkpt><trkpt lat="42.564148" lon="44.561246"><ele>2766.981732</ele><time>2026-07-11T10:33:22.000Z</time></trkpt><trkpt lat="42.564149" lon="44.561239"><ele>2767.047065</ele><time>2026-07-11T10:33:32.000Z</time></trkpt><trkpt lat="42.564149" lon="44.561239"><ele>2767.047065</ele><time>2026-07-11T10:33:42.000Z</time></trkpt><trkpt lat="42.564144" lon="44.561251"><ele>2767.173392</ele><time>2026-07-11T10:33:49.000Z</time></trkpt><trkpt lat="42.564143" lon="44.561253"><ele>2767.195541</ele><time>2026-07-11T10:34:02.000Z</time></trkpt><trkpt lat="42.564136" lon="44.561267"><ele>2767.350585</ele><time>2026-07-11T10:34:12.000Z</time></trkpt><trkpt lat="42.56414" lon="44.561264"><ele>2767.407434</ele><time>2026-07-11T10:34:21.000Z</time></trkpt><trkpt lat="42.564143" lon="44.561255"><ele>2767.49795</ele><time>2026-07-11T10:34:24.000Z</time></trkpt><trkpt lat="42.564146" lon="44.561258"><ele>2767.544302</ele><time>2026-07-11T10:34:26.000Z</time></trkpt><trkpt lat="42.564155" lon="44.561258"><ele>2767.656266</ele><time>2026-07-11T10:34:33.000Z</time></trkpt><trkpt lat="42.564149" lon="44.561261"><ele>2767.735809</ele><time>2026-07-11T10:34:36.000Z</time></trkpt><trkpt lat="42.564144" lon="44.561254"><ele>2767.825156</ele><time>2026-07-11T10:34:50.000Z</time></trkpt><trkpt lat="42.564151" lon="44.561262"><ele>2767.938982</ele><time>2026-07-11T10:34:58.000Z</time></trkpt><trkpt lat="42.564145" lon="44.561259"><ele>2768.018525</ele><time>2026-07-11T10:35:04.000Z</time></trkpt><trkpt lat="42.564136" lon="44.561261"><ele>2768.131979</ele><time>2026-07-11T10:35:15.000Z</time></trkpt><trkpt lat="42.564138" lon="44.561263"><ele>2768.16288</ele><time>2026-07-11T10:35:28.000Z</time></trkpt><trkpt lat="42.564138" lon="44.561263"><ele>2768.16288</ele><time>2026-07-11T10:35:33.000Z</time></trkpt><trkpt lat="42.564138" lon="44.561263"><ele>2768.16288</ele><time>2026-07-11T10:35:39.000Z</time></trkpt><trkpt lat="42.56414" lon="44.561267"><ele>2768.207178</ele><time>2026-07-11T10:35:55.000Z</time></trkpt><trkpt lat="42.564151" lon="44.561265"><ele>2768.345245</ele><time>2026-07-11T10:36:02.000Z</time></trkpt><trkpt lat="42.564147" lon="44.561265"><ele>2768.395007</ele><time>2026-07-11T10:36:07.000Z</time></trkpt><trkpt lat="42.564138" lon="44.561263"><ele>2768.50846</ele><time>2026-07-11T10:36:09.000Z</time></trkpt><trkpt lat="42.564138" lon="44.561263"><ele>2768.50846</ele><time>2026-07-11T10:36:19.000Z</time></trkpt><trkpt lat="42.56415" lon="44.561269"><ele>2768.667547</ele><time>2026-07-11T10:36:26.000Z</time></trkpt><trkpt lat="42.564138" lon="44.561263"><ele>2768.826633</ele><time>2026-07-11T10:36:32.000Z</time></trkpt><trkpt lat="42.564138" lon="44.561263"><ele>2768.826633</ele><time>2026-07-11T10:36:41.000Z</time></trkpt><trkpt lat="42.564138" lon="44.561263"><ele>2768.826633</ele><time>2026-07-11T10:36:55.000Z</time></trkpt><trkpt lat="42.564138" lon="44.561263"><ele>2768.826633</ele><time>2026-07-11T10:37:05.000Z</time></trkpt><trkpt lat="42.564138" lon="44.561263"><ele>2768.826633</ele><time>2026-07-11T10:37:13.000Z</time></trkpt><trkpt lat="42.564138" lon="44.561263"><ele>2768.826633</ele><time>2026-07-11T10:37:18.000Z</time></trkpt><trkpt lat="42.564138" lon="44.561263"><ele>2768.826633</ele><time>2026-07-11T10:37:23.000Z</time></trkpt><trkpt lat="42.564138" lon="44.561263"><ele>2768.826633</ele><time>2026-07-11T10:37:49.000Z</time></trkpt><trkpt lat="42.564138" lon="44.561263"><ele>2768.826633</ele><time>2026-07-11T10:37:57.000Z</time></trkpt><trkpt lat="42.564138" lon="44.561263"><ele>2768.826633</ele><time>2026-07-11T10:38:07.000Z</time></trkpt><trkpt lat="42.564138" lon="44.561263"><ele>2768.826633</ele><time>2026-07-11T10:38:10.000Z</time></trkpt><trkpt lat="42.564138" lon="44.561263"><ele>2768.826633</ele><time>2026-07-11T10:38:23.000Z</time></trkpt><trkpt lat="42.564138" lon="44.561263"><ele>2768.826633</ele><time>2026-07-11T10:38:31.000Z</time></trkpt><trkpt lat="42.564138" lon="44.561263"><ele>2768.826633</ele><time>2026-07-11T10:38:39.000Z</time></trkpt><trkpt lat="42.564138" lon="44.561263"><ele>2768.826633</ele><time>2026-07-11T10:38:41.000Z</time></trkpt><trkpt lat="42.564138" lon="44.561263"><ele>2768.826633</ele><time>2026-07-11T10:38:49.000Z</time></trkpt><trkpt lat="42.564138" lon="44.561263"><ele>2768.826633</ele><time>2026-07-11T10:38:53.000Z</time></trkpt><trkpt lat="42.564138" lon="44.561263"><ele>2768.826633</ele><time>2026-07-11T10:39:12.000Z</time></trkpt><trkpt lat="42.564146" lon="44.561259"><ele>2768.932691</ele><time>2026-07-11T10:39:32.000Z</time></trkpt><trkpt lat="42.564156" lon="44.561247"><ele>2769.09872</ele><time>2026-07-11T10:39:45.000Z</time></trkpt><trkpt lat="42.564157" lon="44.561246"><ele>2769.114171</ele><time>2026-07-11T10:39:46.000Z</time></trkpt><trkpt lat="42.564149" lon="44.561245"><ele>2769.214115</ele><time>2026-07-11T10:39:49.000Z</time></trkpt><trkpt lat="42.56415" lon="44.561245"><ele>2769.226556</ele><time>2026-07-11T10:39:55.000Z</time></trkpt><trkpt lat="42.564155" lon="44.561246"><ele>2769.289429</ele><time>2026-07-11T10:40:00.000Z</time></trkpt><trkpt lat="42.564155" lon="44.561246"><ele>2769.289429</ele><time>2026-07-11T10:40:04.000Z</time></trkpt><trkpt lat="42.564152" lon="44.561247"><ele>2769.327859</ele><time>2026-07-11T10:40:06.000Z</time></trkpt><trkpt lat="42.564153" lon="44.561247"><ele>2769.340299</ele><time>2026-07-11T10:40:09.000Z</time></trkpt><trkpt lat="42.564153" lon="44.561248"><ele>2769.349462</ele><time>2026-07-11T10:40:10.000Z</time></trkpt><trkpt lat="42.564153" lon="44.561248"><ele>2769.349462</ele><time>2026-07-11T10:40:11.000Z</time></trkpt><trkpt lat="42.564153" lon="44.561248"><ele>2769.349462</ele><time>2026-07-11T10:40:15.000Z</time></trkpt><trkpt lat="42.56415" lon="44.561246"><ele>2769.391039</ele><time>2026-07-11T10:40:17.000Z</time></trkpt><trkpt lat="42.564153" lon="44.561248"><ele>2769.432617</ele><time>2026-07-11T10:40:20.000Z</time></trkpt><trkpt lat="42.564117" lon="44.561249"><ele>2769.880567</ele><time>2026-07-11T10:40:24.000Z</time></trkpt><trkpt lat="42.564116" lon="44.56125"><ele>2769.896017</ele><time>2026-07-11T10:40:26.000Z</time></trkpt><trkpt lat="42.564108" lon="44.561253"><ele>2769.999267</ele><time>2026-07-11T10:40:36.000Z</time></trkpt><trkpt lat="42.564108" lon="44.561253"><ele>2769.999267</ele><time>2026-07-11T10:40:45.000Z</time></trkpt><trkpt lat="42.564108" lon="44.561253"><ele>2769.999267</ele><time>2026-07-11T10:40:54.000Z</time></trkpt><trkpt lat="42.564108" lon="44.561253"><ele>2769.999267</ele><time>2026-07-11T10:41:00.000Z</time></trkpt><trkpt lat="42.564108" lon="44.561264"><ele>2770.100056</ele><time>2026-07-11T10:41:04.000Z</time></trkpt><trkpt lat="42.56412" lon="44.561261"><ele>2770.251851</ele><time>2026-07-11T10:41:09.000Z</time></trkpt><trkpt lat="42.56412" lon="44.561257"><ele>2770.288502</ele><time>2026-07-11T10:41:17.000Z</time></trkpt><trkpt lat="42.564128" lon="44.561235"><ele>2770.51331</ele><time>2026-07-11T10:41:24.000Z</time></trkpt><trkpt lat="42.564145" lon="44.561255"><ele>2770.793147</ele><time>2026-07-11T10:41:31.000Z</time></trkpt><trkpt lat="42.564145" lon="44.561256"><ele>2770.802309</ele><time>2026-07-11T10:41:39.000Z</time></trkpt><trkpt lat="42.56415" lon="44.561251"><ele>2770.879562</ele><time>2026-07-11T10:41:42.000Z</time></trkpt><trkpt lat="42.564142" lon="44.56125"><ele>2770.979506</ele><time>2026-07-11T10:41:49.000Z</time></trkpt><trkpt lat="42.564144" lon="44.56125"><ele>2771.004387</ele><time>2026-07-11T10:41:50.000Z</time></trkpt><trkpt lat="42.564145" lon="44.561256"><ele>2771.060753</ele><time>2026-07-11T10:41:58.000Z</time></trkpt><trkpt lat="42.564142" lon="44.561236"><ele>2771.247768</ele><time>2026-07-11T10:42:15.000Z</time></trkpt><trkpt lat="42.564142" lon="44.561236"><ele>2771.247768</ele><time>2026-07-11T10:42:26.000Z</time></trkpt><trkpt lat="42.564148" lon="44.56125"><ele>2771.396181</ele><time>2026-07-11T10:42:33.000Z</time></trkpt><trkpt lat="42.56415" lon="44.561247"><ele>2771.433257</ele><time>2026-07-11T10:42:35.000Z</time></trkpt><trkpt lat="42.56414" lon="44.561252"><ele>2771.565829</ele><time>2026-07-11T10:42:44.000Z</time></trkpt><trkpt lat="42.564148" lon="44.561258"><ele>2771.679527</ele><time>2026-07-11T10:42:51.000Z</time></trkpt><trkpt lat="42.564148" lon="44.56126"><ele>2771.697853</ele><time>2026-07-11T10:42:52.000Z</time></trkpt><trkpt lat="42.564145" lon="44.561253"><ele>2771.772059</ele><time>2026-07-11T10:42:57.000Z</time></trkpt><trkpt lat="42.564145" lon="44.561267"><ele>2771.900336</ele><time>2026-07-11T10:43:07.000Z</time></trkpt><trkpt lat="42.564144" lon="44.561264"><ele>2771.930508</ele><time>2026-07-11T10:43:09.000Z</time></trkpt><trkpt lat="42.564139" lon="44.561254"><ele>2772.041254</ele><time>2026-07-11T10:43:18.000Z</time></trkpt><trkpt lat="42.564148" lon="44.561263"><ele>2772.180308</ele><time>2026-07-11T10:43:25.000Z</time></trkpt><trkpt lat="42.564147" lon="44.561254"><ele>2772.263705</ele><time>2026-07-11T10:43:28.000Z</time></trkpt><trkpt lat="42.56414" lon="44.561264"><ele>2772.390113</ele><time>2026-07-11T10:43:40.000Z</time></trkpt><trkpt lat="42.564155" lon="44.561256"><ele>2772.5906</ele><time>2026-07-11T10:43:50.000Z</time></trkpt><trkpt lat="42.564153" lon="44.561258"><ele>2772.621501</ele><time>2026-07-11T10:43:52.000Z</time></trkpt><trkpt lat="42.564153" lon="44.561258"><ele>2772.621501</ele><time>2026-07-11T10:43:56.000Z</time></trkpt><trkpt lat="42.564153" lon="44.561258"><ele>2772.621501</ele><time>2026-07-11T10:44:06.000Z</time></trkpt><trkpt lat="42.564153" lon="44.561258"><ele>2772.621501</ele><time>2026-07-11T10:44:19.000Z</time></trkpt><trkpt lat="42.564153" lon="44.561258"><ele>2772.621501</ele><time>2026-07-11T10:44:30.000Z</time></trkpt><trkpt lat="42.564153" lon="44.561258"><ele>2772.621501</ele><time>2026-07-11T10:44:41.000Z</time></trkpt><trkpt lat="42.564153" lon="44.561258"><ele>2772.621501</ele><time>2026-07-11T10:45:00.000Z</time></trkpt><trkpt lat="42.564153" lon="44.561258"><ele>2772.621501</ele><time>2026-07-11T10:45:07.000Z</time></trkpt><trkpt lat="42.564153" lon="44.561258"><ele>2772.621501</ele><time>2026-07-11T10:45:15.000Z</time></trkpt><trkpt lat="42.564146" lon="44.561254"><ele>2772.715982</ele><time>2026-07-11T10:45:23.000Z</time></trkpt><trkpt lat="42.564148" lon="44.561258"><ele>2772.760281</ele><time>2026-07-11T10:45:25.000Z</time></trkpt><trkpt lat="42.564148" lon="44.56127"><ele>2772.870232</ele><time>2026-07-11T10:45:34.000Z</time></trkpt><trkpt lat="42.564153" lon="44.561258"><ele>2772.996559</ele><time>2026-07-11T10:45:51.000Z</time></trkpt><trkpt lat="42.564153" lon="44.561258"><ele>2772.996559</ele><time>2026-07-11T10:45:58.000Z</time></trkpt><trkpt lat="42.564153" lon="44.561258"><ele>2772.996559</ele><time>2026-07-11T10:46:05.000Z</time></trkpt><trkpt lat="42.564153" lon="44.561258"><ele>2772.996559</ele><time>2026-07-11T10:46:30.000Z</time></trkpt><trkpt lat="42.564153" lon="44.561258"><ele>2772.996559</ele><time>2026-07-11T10:46:33.000Z</time></trkpt><trkpt lat="42.564151" lon="44.561266"><ele>2773.073968</ele><time>2026-07-11T10:46:53.000Z</time></trkpt><trkpt lat="42.564153" lon="44.561258"><ele>2773.151377</ele><time>2026-07-11T10:47:00.000Z</time></trkpt><trkpt lat="42.564153" lon="44.561258"><ele>2773.151377</ele><time>2026-07-11T10:47:09.000Z</time></trkpt><trkpt lat="42.564153" lon="44.561258"><ele>2773.151377</ele><time>2026-07-11T10:47:12.000Z</time></trkpt><trkpt lat="42.564153" lon="44.561258"><ele>2773.151377</ele><time>2026-07-11T10:47:21.000Z</time></trkpt><trkpt lat="42.564153" lon="44.561258"><ele>2773.151377</ele><time>2026-07-11T10:47:24.000Z</time></trkpt><trkpt lat="42.564145" lon="44.56126"><ele>2773.252573</ele><time>2026-07-11T10:47:27.000Z</time></trkpt><trkpt lat="42.564142" lon="44.561265"><ele>2773.311664</ele><time>2026-07-11T10:47:35.000Z</time></trkpt><trkpt lat="42.564153" lon="44.561258"><ele>2773.462794</ele><time>2026-07-11T10:47:43.000Z</time></trkpt><trkpt lat="42.564151" lon="44.561253"><ele>2773.514928</ele><time>2026-07-11T10:47:51.000Z</time></trkpt><trkpt lat="42.564153" lon="44.561258"><ele>2773.567061</ele><time>2026-07-11T10:47:58.000Z</time></trkpt><trkpt lat="42.564153" lon="44.561258"><ele>2773.567061</ele><time>2026-07-11T10:48:14.000Z</time></trkpt><trkpt lat="42.564153" lon="44.561258"><ele>2773.567061</ele><time>2026-07-11T10:48:21.000Z</time></trkpt><trkpt lat="42.564153" lon="44.561258"><ele>2773.567061</ele><time>2026-07-11T10:48:47.000Z</time></trkpt><trkpt lat="42.564153" lon="44.561258"><ele>2773.567061</ele><time>2026-07-11T10:49:14.000Z</time></trkpt><trkpt lat="42.564153" lon="44.561258"><ele>2773.567061</ele><time>2026-07-11T10:49:56.000Z</time></trkpt><trkpt lat="42.564153" lon="44.561258"><ele>2773.567061</ele><time>2026-07-11T10:50:08.000Z</time></trkpt><trkpt lat="42.564153" lon="44.561258"><ele>2773.567061</ele><time>2026-07-11T10:50:15.000Z</time></trkpt><trkpt lat="42.564153" lon="44.561258"><ele>2773.567061</ele><time>2026-07-11T10:50:18.000Z</time></trkpt><trkpt lat="42.564153" lon="44.561258"><ele>2773.567061</ele><time>2026-07-11T10:50:28.000Z</time></trkpt><trkpt lat="42.564153" lon="44.561258"><ele>2773.567061</ele><time>2026-07-11T10:50:57.000Z</time></trkpt><trkpt lat="42.564153" lon="44.561258"><ele>2773.567061</ele><time>2026-07-11T10:51:05.000Z</time></trkpt><trkpt lat="42.564153" lon="44.561258"><ele>2773.567061</ele><time>2026-07-11T10:51:11.000Z</time></trkpt><trkpt lat="42.564153" lon="44.561258"><ele>2773.567061</ele><time>2026-07-11T10:51:30.000Z</time></trkpt><trkpt lat="42.564153" lon="44.561258"><ele>2773.567061</ele><time>2026-07-11T10:51:34.000Z</time></trkpt><trkpt lat="42.564153" lon="44.561258"><ele>2773.567061</ele><time>2026-07-11T10:52:05.000Z</time></trkpt><trkpt lat="42.564148" lon="44.561257"><ele>2773.629935</ele><time>2026-07-11T10:52:07.000Z</time></trkpt><trkpt lat="42.564152" lon="44.561256"><ele>2773.680533</ele><time>2026-07-11T10:52:13.000Z</time></trkpt><trkpt lat="42.564153" lon="44.561258"><ele>2773.702682</ele><time>2026-07-11T10:52:20.000Z</time></trkpt><trkpt lat="42.564153" lon="44.561258"><ele>2773.702682</ele><time>2026-07-11T10:52:37.000Z</time></trkpt><trkpt lat="42.564153" lon="44.561258"><ele>2773.702682</ele><time>2026-07-11T10:52:47.000Z</time></trkpt><trkpt lat="42.564153" lon="44.561258"><ele>2773.702682</ele><time>2026-07-11T10:52:55.000Z</time></trkpt><trkpt lat="42.564153" lon="44.561258"><ele>2773.702682</ele><time>2026-07-11T10:53:02.000Z</time></trkpt><trkpt lat="42.564153" lon="44.561258"><ele>2773.702682</ele><time>2026-07-11T10:53:08.000Z</time></trkpt><trkpt lat="42.564153" lon="44.561258"><ele>2773.702682</ele><time>2026-07-11T10:53:17.000Z</time></trkpt><trkpt lat="42.564146" lon="44.561252"><ele>2773.805667</ele><time>2026-07-11T10:53:25.000Z</time></trkpt><trkpt lat="42.564153" lon="44.561258"><ele>2773.908651</ele><time>2026-07-11T10:53:34.000Z</time></trkpt><trkpt lat="42.564153" lon="44.561258"><ele>2773.908651</ele><time>2026-07-11T10:53:47.000Z</time></trkpt><trkpt lat="42.564153" lon="44.561258"><ele>2773.908651</ele><time>2026-07-11T10:53:57.000Z</time></trkpt><trkpt lat="42.564144" lon="44.561268"><ele>2774.053328</ele><time>2026-07-11T10:54:04.000Z</time></trkpt><trkpt lat="42.564147" lon="44.561259"><ele>2774.143844</ele><time>2026-07-11T10:54:12.000Z</time></trkpt><trkpt lat="42.564153" lon="44.561258"><ele>2774.219047</ele><time>2026-07-11T10:54:16.000Z</time></trkpt><trkpt lat="42.564153" lon="44.561258"><ele>2774.219047</ele><time>2026-07-11T10:54:20.000Z</time></trkpt><trkpt lat="42.564153" lon="44.561258"><ele>2774.219047</ele><time>2026-07-11T10:54:28.000Z</time></trkpt><trkpt lat="42.564153" lon="44.561258"><ele>2774.219047</ele><time>2026-07-11T10:54:31.000Z</time></trkpt><trkpt lat="42.564153" lon="44.561258"><ele>2774.219047</ele><time>2026-07-11T10:54:35.000Z</time></trkpt><trkpt lat="42.564153" lon="44.561258"><ele>2774.219047</ele><time>2026-07-11T10:54:50.000Z</time></trkpt><trkpt lat="42.564153" lon="44.561258"><ele>2774.219047</ele><time>2026-07-11T10:55:03.000Z</time></trkpt><trkpt lat="42.564153" lon="44.561258"><ele>2774.219047</ele><time>2026-07-11T10:55:06.000Z</time></trkpt><trkpt lat="42.564153" lon="44.561258"><ele>2774.219047</ele><time>2026-07-11T10:55:16.000Z</time></trkpt><trkpt lat="42.564153" lon="44.561258"><ele>2774.219047</ele><time>2026-07-11T10:55:17.000Z</time></trkpt><trkpt lat="42.564153" lon="44.561258"><ele>2774.219047</ele><time>2026-07-11T10:55:46.000Z</time></trkpt><trkpt lat="42.564153" lon="44.561258"><ele>2774.219047</ele><time>2026-07-11T10:55:57.000Z</time></trkpt><trkpt lat="42.564153" lon="44.561258"><ele>2774.219047</ele><time>2026-07-11T10:56:06.000Z</time></trkpt><trkpt lat="42.564147" lon="44.561263"><ele>2774.306628</ele><time>2026-07-11T10:56:12.000Z</time></trkpt><trkpt lat="42.564149" lon="44.561252"><ele>2774.410442</ele><time>2026-07-11T10:56:15.000Z</time></trkpt><trkpt lat="42.564149" lon="44.561257"><ele>2774.456255</ele><time>2026-07-11T10:56:16.000Z</time></trkpt><trkpt lat="42.564153" lon="44.561258"><ele>2774.506854</ele><time>2026-07-11T10:56:22.000Z</time></trkpt><trkpt lat="42.564153" lon="44.561258"><ele>2774.506854</ele><time>2026-07-11T10:56:27.000Z</time></trkpt><trkpt lat="42.564153" lon="44.561258"><ele>2774.506854</ele><time>2026-07-11T10:56:32.000Z</time></trkpt><trkpt lat="42.564155" lon="44.561257"><ele>2774.533368</ele><time>2026-07-11T10:56:33.000Z</time></trkpt><trkpt lat="42.564164" lon="44.561269"><ele>2774.690293</ele><time>2026-07-11T10:56:41.000Z</time></trkpt><trkpt lat="42.564164" lon="44.561269"><ele>2774.690293</ele><time>2026-07-11T10:56:45.000Z</time></trkpt><trkpt lat="42.564164" lon="44.561269"><ele>2774.690293</ele><time>2026-07-11T10:56:51.000Z</time></trkpt><trkpt lat="42.564165" lon="44.561264"><ele>2774.737765</ele><time>2026-07-11T10:57:04.000Z</time></trkpt><trkpt lat="42.564172" lon="44.561271"><ele>2774.845919</ele><time>2026-07-11T10:57:10.000Z</time></trkpt><trkpt lat="42.564171" lon="44.561267"><ele>2774.884623</ele><time>2026-07-11T10:57:13.000Z</time></trkpt><trkpt lat="42.56416" lon="44.561273"><ele>2775.032098</ele><time>2026-07-11T10:57:25.000Z</time></trkpt><trkpt lat="42.564164" lon="44.561269"><ele>2775.0939</ele><time>2026-07-11T10:57:32.000Z</time></trkpt><trkpt lat="42.56417" lon="44.561263"><ele>2775.186603</ele><time>2026-07-11T10:57:39.000Z</time></trkpt><trkpt lat="42.564164" lon="44.561269"><ele>2775.279306</ele><time>2026-07-11T10:57:51.000Z</time></trkpt><trkpt lat="42.564164" lon="44.561269"><ele>2775.279306</ele><time>2026-07-11T10:57:56.000Z</time></trkpt><trkpt lat="42.564164" lon="44.561269"><ele>2775.279306</ele><time>2026-07-11T10:57:58.000Z</time></trkpt><trkpt lat="42.564164" lon="44.561269"><ele>2775.279306</ele><time>2026-07-11T10:58:05.000Z</time></trkpt><trkpt lat="42.564164" lon="44.561269"><ele>2775.279306</ele><time>2026-07-11T10:58:11.000Z</time></trkpt><trkpt lat="42.564166" lon="44.561269"><ele>2775.304187</ele><time>2026-07-11T10:58:13.000Z</time></trkpt><trkpt lat="42.564151" lon="44.561265"><ele>2775.494359</ele><time>2026-07-11T10:58:16.000Z</time></trkpt><trkpt lat="42.564118" lon="44.56125"><ele>2775.927289</ele><time>2026-07-11T10:58:21.000Z</time></trkpt><trkpt lat="42.564119" lon="44.561249"><ele>2775.942739</ele><time>2026-07-11T10:58:29.000Z</time></trkpt><trkpt lat="42.564141" lon="44.561243"><ele>2776.221896</ele><time>2026-07-11T10:58:32.000Z</time></trkpt><trkpt lat="42.564145" lon="44.561246"><ele>2776.278745</ele><time>2026-07-11T10:58:33.000Z</time></trkpt><trkpt lat="42.564144" lon="44.561246"><ele>2776.291186</ele><time>2026-07-11T10:58:35.000Z</time></trkpt><trkpt lat="42.564144" lon="44.561245"><ele>2776.300348</ele><time>2026-07-11T10:58:36.000Z</time></trkpt><trkpt lat="42.564149" lon="44.561253"><ele>2776.396485</ele><time>2026-07-11T10:58:39.000Z</time></trkpt><trkpt lat="42.564148" lon="44.561253"><ele>2776.408925</ele><time>2026-07-11T10:58:40.000Z</time></trkpt><trkpt lat="42.564113" lon="44.561256"><ele>2776.845207</ele><time>2026-07-11T10:58:45.000Z</time></trkpt><trkpt lat="42.564115" lon="44.561255"><ele>2776.871722</ele><time>2026-07-11T10:58:49.000Z</time></trkpt><trkpt lat="42.564118" lon="44.561258"><ele>2776.918073</ele><time>2026-07-11T10:58:51.000Z</time></trkpt><trkpt lat="42.564126" lon="44.561243"><ele>2777.087763</ele><time>2026-07-11T10:59:00.000Z</time></trkpt><trkpt lat="42.56414" lon="44.561243"><ele>2777.261929</ele><time>2026-07-11T10:59:02.000Z</time></trkpt><trkpt lat="42.56414" lon="44.561256"><ele>2777.381044</ele><time>2026-07-11T10:59:05.000Z</time></trkpt><trkpt lat="42.564138" lon="44.561246"><ele>2777.475988</ele><time>2026-07-11T10:59:14.000Z</time></trkpt><trkpt lat="42.564142" lon="44.561251"><ele>2777.543628</ele><time>2026-07-11T10:59:23.000Z</time></trkpt><trkpt lat="42.564142" lon="44.56125"><ele>2777.55279</ele><time>2026-07-11T10:59:25.000Z</time></trkpt><trkpt lat="42.564144" lon="44.561244"><ele>2777.613134</ele><time>2026-07-11T10:59:41.000Z</time></trkpt><trkpt lat="42.564147" lon="44.561252"><ele>2777.69539</ele><time>2026-07-11T10:59:47.000Z</time></trkpt><trkpt lat="42.564151" lon="44.561258"><ele>2777.769542</ele><time>2026-07-11T10:59:49.000Z</time></trkpt><trkpt lat="42.564147" lon="44.561266"><ele>2777.858138</ele><time>2026-07-11T10:59:52.000Z</time></trkpt><trkpt lat="42.564145" lon="44.561257"><ele>2777.944274</ele><time>2026-07-11T10:59:56.000Z</time></trkpt><trkpt lat="42.564142" lon="44.561255"><ele>2777.985851</ele><time>2026-07-11T10:59:58.000Z</time></trkpt><trkpt lat="42.564142" lon="44.56125"><ele>2778.031665</ele><time>2026-07-11T11:00:09.000Z</time></trkpt><trkpt lat="42.564142" lon="44.56125"><ele>2778.031665</ele><time>2026-07-11T11:00:20.000Z</time></trkpt><trkpt lat="42.564144" lon="44.561252"><ele>2778.062566</ele><time>2026-07-11T11:00:25.000Z</time></trkpt><trkpt lat="42.564145" lon="44.561255"><ele>2778.092738</ele><time>2026-07-11T11:00:26.000Z</time></trkpt><trkpt lat="42.56416" lon="44.561271"><ele>2778.330044</ele><time>2026-07-11T11:00:30.000Z</time></trkpt><trkpt lat="42.564158" lon="44.561266"><ele>2778.382178</ele><time>2026-07-11T11:00:33.000Z</time></trkpt><trkpt lat="42.564164" lon="44.561258"><ele>2778.486794</ele><time>2026-07-11T11:00:35.000Z</time></trkpt><trkpt lat="42.564162" lon="44.561255"><ele>2778.52387</ele><time>2026-07-11T11:00:38.000Z</time></trkpt><trkpt lat="42.56416" lon="44.561254"><ele>2778.550384</ele><time>2026-07-11T11:00:43.000Z</time></trkpt><trkpt lat="42.56416" lon="44.56127"><ele>2778.696987</ele><time>2026-07-11T11:00:54.000Z</time></trkpt><trkpt lat="42.564162" lon="44.561279"><ele>2778.783122</ele><time>2026-07-11T11:01:02.000Z</time></trkpt><trkpt lat="42.564161" lon="44.561278"><ele>2778.798573</ele><time>2026-07-11T11:01:03.000Z</time></trkpt><trkpt lat="42.564162" lon="44.561276"><ele>2778.820722</ele><time>2026-07-11T11:01:08.000Z</time></trkpt><trkpt lat="42.564176" lon="44.561295"><ele>2779.066976</ele><time>2026-07-11T11:01:11.000Z</time></trkpt><trkpt lat="42.56418" lon="44.561296"><ele>2779.117575</ele><time>2026-07-11T11:01:12.000Z</time></trkpt><trkpt lat="42.564196" lon="44.561299"><ele>2779.318511</ele><time>2026-07-11T11:01:14.000Z</time></trkpt><trkpt lat="42.564198" lon="44.561295"><ele>2779.362809</ele><time>2026-07-11T11:01:21.000Z</time></trkpt><trkpt lat="42.564197" lon="44.561306"><ele>2779.464363</ele><time>2026-07-11T11:01:29.000Z</time></trkpt><trkpt lat="42.564234" lon="44.561322"><ele>2779.947441</ele><time>2026-07-11T11:01:36.000Z</time></trkpt><trkpt lat="42.564279" lon="44.561347"><ele>2780.552313</ele><time>2026-07-11T11:01:42.000Z</time></trkpt><trkpt lat="42.564319" lon="44.561365"><ele>2781.07655</ele><time>2026-07-11T11:01:50.000Z</time></trkpt><trkpt lat="42.564349" lon="44.561382"><ele>2781.480964</ele><time>2026-07-11T11:01:55.000Z</time></trkpt><trkpt lat="42.564357" lon="44.561384"><ele>2781.582161</ele><time>2026-07-11T11:01:57.000Z</time></trkpt><trkpt lat="42.564375" lon="44.561394"><ele>2782.050647</ele><time>2026-07-11T11:02:01.000Z</time></trkpt><trkpt lat="42.564378" lon="44.561403"><ele>2782.247509</ele><time>2026-07-11T11:02:02.000Z</time></trkpt><trkpt lat="42.564385" lon="44.561408"><ele>2782.461516</ele><time>2026-07-11T11:02:04.000Z</time></trkpt><trkpt lat="42.564401" lon="44.561425"><ele>2783.011219</ele><time>2026-07-11T11:02:10.000Z</time></trkpt><trkpt lat="42.564405" lon="44.561425"><ele>2783.119445</ele><time>2026-07-11T11:02:11.000Z</time></trkpt><trkpt lat="42.564419" lon="44.561443"><ele>2783.641124</ele><time>2026-07-11T11:02:15.000Z</time></trkpt><trkpt lat="42.564426" lon="44.561444"><ele>2783.831566</ele><time>2026-07-11T11:02:17.000Z</time></trkpt><trkpt lat="42.564422" lon="44.56144"><ele>2783.965978</ele><time>2026-07-11T11:02:24.000Z</time></trkpt><trkpt lat="42.564422" lon="44.561441"><ele>2783.985906</ele><time>2026-07-11T11:02:26.000Z</time></trkpt><trkpt lat="42.564422" lon="44.561445"><ele>2784.065617</ele><time>2026-07-11T11:02:28.000Z</time></trkpt><trkpt lat="42.564422" lon="44.561447"><ele>2784.105472</ele><time>2026-07-11T11:02:29.000Z</time></trkpt><trkpt lat="42.56442" lon="44.561445"><ele>2784.172679</ele><time>2026-07-11T11:02:30.000Z</time></trkpt><trkpt lat="42.564419" lon="44.561445"><ele>2784.199735</ele><time>2026-07-11T11:02:31.000Z</time></trkpt><trkpt lat="42.564418" lon="44.561447"><ele>2784.247907</ele><time>2026-07-11T11:02:35.000Z</time></trkpt><trkpt lat="42.564418" lon="44.561447"><ele>2784.247907</ele><time>2026-07-11T11:02:56.000Z</time></trkpt><trkpt lat="42.564418" lon="44.561447"><ele>2784.247907</ele><time>2026-07-11T11:03:06.000Z</time></trkpt><trkpt lat="42.564456" lon="44.561442"><ele>2785.280875</ele><time>2026-07-11T11:03:20.000Z</time></trkpt><trkpt lat="42.56448" lon="44.561473"><ele>2786.177141</ele><time>2026-07-11T11:03:27.000Z</time></trkpt><trkpt lat="42.564501" lon="44.561478"><ele>2786.754</ele><time>2026-07-11T11:03:32.000Z</time></trkpt><trkpt lat="42.564504" lon="44.561479"><ele>2786.83758</ele><time>2026-07-11T11:03:33.000Z</time></trkpt><trkpt lat="42.564508" lon="44.561479"><ele>2786.945807</ele><time>2026-07-11T11:03:34.000Z</time></trkpt><trkpt lat="42.564535" lon="44.561491"><ele>2787.714479</ele><time>2026-07-11T11:03:39.000Z</time></trkpt><trkpt lat="42.564544" lon="44.561499"><ele>2788.005532</ele><time>2026-07-11T11:03:41.000Z</time></trkpt><trkpt lat="42.56458" lon="44.561513"><ele>2789.018738</ele><time>2026-07-11T11:03:47.000Z</time></trkpt><trkpt lat="42.564589" lon="44.561519"><ele>2789.290018</ele><time>2026-07-11T11:03:49.000Z</time></trkpt><trkpt lat="42.564607" lon="44.561526"><ele>2789.79662</ele><time>2026-07-11T11:03:53.000Z</time></trkpt><trkpt lat="42.564626" lon="44.561538"><ele>2790.363593</ele><time>2026-07-11T11:03:57.000Z</time></trkpt><trkpt lat="42.564632" lon="44.56154"><ele>2790.530753</ele><time>2026-07-11T11:03:59.000Z</time></trkpt><trkpt lat="42.564633" lon="44.56154"><ele>2790.55781</ele><time>2026-07-11T11:04:00.000Z</time></trkpt><trkpt lat="42.564644" lon="44.561547"><ele>2790.886501</ele><time>2026-07-11T11:04:02.000Z</time></trkpt><trkpt lat="42.564649" lon="44.561549"><ele>2791.027533</ele><time>2026-07-11T11:04:03.000Z</time></trkpt><trkpt lat="42.564657" lon="44.561553"><ele>2791.258196</ele><time>2026-07-11T11:04:06.000Z</time></trkpt><trkpt lat="42.564668" lon="44.561567"><ele>2791.666134</ele><time>2026-07-11T11:04:12.000Z</time></trkpt><trkpt lat="42.564673" lon="44.561573"><ele>2791.846681</ele><time>2026-07-11T11:04:15.000Z</time></trkpt><trkpt lat="42.56468" lon="44.561582"><ele>2792.10752</ele><time>2026-07-11T11:04:19.000Z</time></trkpt><trkpt lat="42.564679" lon="44.561583"><ele>2792.141123</ele><time>2026-07-11T11:04:24.000Z</time></trkpt><trkpt lat="42.564684" lon="44.561586"><ele>2792.289027</ele><time>2026-07-11T11:04:27.000Z</time></trkpt><trkpt lat="42.564713" lon="44.561611"><ele>2793.218466</ele><time>2026-07-11T11:04:34.000Z</time></trkpt><trkpt lat="42.564716" lon="44.561615"><ele>2793.33223</ele><time>2026-07-11T11:04:35.000Z</time></trkpt><trkpt lat="42.564743" lon="44.561624"><ele>2794.084452</ele><time>2026-07-11T11:04:42.000Z</time></trkpt><trkpt lat="42.564756" lon="44.56164"><ele>2794.559192</ele><time>2026-07-11T11:04:48.000Z</time></trkpt><trkpt lat="42.564773" lon="44.561651"><ele>2795.068717</ele><time>2026-07-11T11:04:53.000Z</time></trkpt><trkpt lat="42.564779" lon="44.561659"><ele>2795.296245</ele><time>2026-07-11T11:04:55.000Z</time></trkpt><trkpt lat="42.564786" lon="44.561663"><ele>2795.501732</ele><time>2026-07-11T11:04:57.000Z</time></trkpt><trkpt lat="42.564803" lon="44.561673"><ele>2796.003007</ele><time>2026-07-11T11:05:02.000Z</time></trkpt><trkpt lat="42.564808" lon="44.561675"><ele>2796.144038</ele><time>2026-07-11T11:05:04.000Z</time></trkpt><trkpt lat="42.564824" lon="44.561684"><ele>2796.612625</ele><time>2026-07-11T11:05:09.000Z</time></trkpt><trkpt lat="42.56483" lon="44.561684"><ele>2796.774965</ele><time>2026-07-11T11:05:10.000Z</time></trkpt><trkpt lat="42.56484" lon="44.561688"><ele>2797.057028</ele><time>2026-07-11T11:05:15.000Z</time></trkpt><trkpt lat="42.564846" lon="44.561694"><ele>2797.258647</ele><time>2026-07-11T11:05:17.000Z</time></trkpt><trkpt lat="42.564855" lon="44.5617"><ele>2797.529927</ele><time>2026-07-11T11:05:23.000Z</time></trkpt><trkpt lat="42.564874" lon="44.561707"><ele>2798.062592</ele><time>2026-07-11T11:05:31.000Z</time></trkpt><trkpt lat="42.564889" lon="44.561718"><ele>2798.523855</ele><time>2026-07-11T11:05:34.000Z</time></trkpt><trkpt lat="42.564914" lon="44.561734"><ele>2799.27165</ele><time>2026-07-11T11:05:39.000Z</time></trkpt><trkpt lat="42.564929" lon="44.561731"><ele>2799.681879</ele><time>2026-07-11T11:05:46.000Z</time></trkpt><trkpt lat="42.564934" lon="44.561733"><ele>2799.822911</ele><time>2026-07-11T11:05:47.000Z</time></trkpt><trkpt lat="42.564947" lon="44.561742"><ele>2800.217732</ele><time>2026-07-11T11:05:50.000Z</time></trkpt><trkpt lat="42.56496" lon="44.561743"><ele>2800.570032</ele><time>2026-07-11T11:05:53.000Z</time></trkpt><trkpt lat="42.565021" lon="44.561755"><ele>2802.23772</ele><time>2026-07-11T11:05:59.000Z</time></trkpt><trkpt lat="42.565064" lon="44.561796"><ele>2803.659379</ele><time>2026-07-11T11:06:06.000Z</time></trkpt><trkpt lat="42.565077" lon="44.56181"><ele>2804.108323</ele><time>2026-07-11T11:06:08.000Z</time></trkpt><trkpt lat="42.565111" lon="44.561832"><ele>2805.127372</ele><time>2026-07-11T11:06:13.000Z</time></trkpt><trkpt lat="42.565131" lon="44.561855"><ele>2805.836521</ele><time>2026-07-11T11:06:18.000Z</time></trkpt><trkpt lat="42.565136" lon="44.561845"><ele>2806.077377</ele><time>2026-07-11T11:06:21.000Z</time></trkpt><trkpt lat="42.565139" lon="44.561845"><ele>2806.158547</ele><time>2026-07-11T11:06:22.000Z</time></trkpt><trkpt lat="42.565135" lon="44.561849"><ele>2806.29296</ele><time>2026-07-11T11:06:27.000Z</time></trkpt><trkpt lat="42.565141" lon="44.561861"><ele>2806.581987</ele><time>2026-07-11T11:06:39.000Z</time></trkpt><trkpt lat="42.565189" lon="44.561867"><ele>2807.886198</ele><time>2026-07-11T11:06:46.000Z</time></trkpt><trkpt lat="42.565219" lon="44.561884"><ele>2808.765753</ele><time>2026-07-11T11:06:51.000Z</time></trkpt><trkpt lat="42.565236" lon="44.561892"><ele>2809.252559</ele><time>2026-07-11T11:06:54.000Z</time></trkpt><trkpt lat="42.565239" lon="44.561895"><ele>2809.353368</ele><time>2026-07-11T11:06:55.000Z</time></trkpt><trkpt lat="42.565261" lon="44.561902"><ele>2809.96474</ele><time>2026-07-11T11:06:59.000Z</time></trkpt><trkpt lat="42.565268" lon="44.561908"><ele>2810.188719</ele><time>2026-07-11T11:07:01.000Z</time></trkpt><trkpt lat="42.565312" lon="44.561925"><ele>2811.426472</ele><time>2026-07-11T11:07:08.000Z</time></trkpt><trkpt lat="42.565319" lon="44.561926"><ele>2811.616914</ele><time>2026-07-11T11:07:09.000Z</time></trkpt><trkpt lat="42.565344" lon="44.561932"><ele>2812.303816</ele><time>2026-07-11T11:07:14.000Z</time></trkpt><trkpt lat="42.565357" lon="44.561928"><ele>2812.664471</ele><time>2026-07-11T11:07:16.000Z</time></trkpt><trkpt lat="42.565358" lon="44.561929"><ele>2812.698074</ele><time>2026-07-11T11:07:17.000Z</time></trkpt><trkpt lat="42.56536" lon="44.561934"><ele>2812.811457</ele><time>2026-07-11T11:07:22.000Z</time></trkpt><trkpt lat="42.565372" lon="44.561929"><ele>2813.151081</ele><time>2026-07-11T11:07:26.000Z</time></trkpt><trkpt lat="42.565405" lon="44.561943"><ele>2814.08652</ele><time>2026-07-11T11:07:35.000Z</time></trkpt><trkpt lat="42.565466" lon="44.561943"><ele>2815.736974</ele><time>2026-07-11T11:07:44.000Z</time></trkpt><trkpt lat="42.565479" lon="44.561948"><ele>2816.10255</ele><time>2026-07-11T11:07:47.000Z</time></trkpt><trkpt lat="42.56551" lon="44.561949"><ele>2816.941543</ele><time>2026-07-11T11:07:52.000Z</time></trkpt><trkpt lat="42.565516" lon="44.56195"><ele>2817.105101</ele><time>2026-07-11T11:07:53.000Z</time></trkpt><trkpt lat="42.565551" lon="44.561949"><ele>2818.052292</ele><time>2026-07-11T11:07:59.000Z</time></trkpt><trkpt lat="42.565558" lon="44.56195"><ele>2818.242734</ele><time>2026-07-11T11:08:00.000Z</time></trkpt><trkpt lat="42.565577" lon="44.561956"><ele>2818.770531</ele><time>2026-07-11T11:08:05.000Z</time></trkpt><trkpt lat="42.565591" lon="44.561958"><ele>2819.151415</ele><time>2026-07-11T11:08:07.000Z</time></trkpt><trkpt lat="42.565626" lon="44.561966"><ele>2820.111722</ele><time>2026-07-11T11:08:13.000Z</time></trkpt><trkpt lat="42.565646" lon="44.561961"><ele>2820.661951</ele><time>2026-07-11T11:08:16.000Z</time></trkpt><trkpt lat="42.565678" lon="44.561956"><ele>2821.533477</ele><time>2026-07-11T11:08:21.000Z</time></trkpt><trkpt lat="42.565692" lon="44.561963"><ele>2821.937137</ele><time>2026-07-11T11:08:24.000Z</time></trkpt><trkpt lat="42.565707" lon="44.56196"><ele>2822.347366</ele><time>2026-07-11T11:08:30.000Z</time></trkpt><trkpt lat="42.565713" lon="44.561958"><ele>2822.514527</ele><time>2026-07-11T11:08:31.000Z</time></trkpt><trkpt lat="42.565719" lon="44.561969"><ele>2822.787295</ele><time>2026-07-11T11:08:36.000Z</time></trkpt><trkpt lat="42.565715" lon="44.56197"><ele>2822.897341</ele><time>2026-07-11T11:08:39.000Z</time></trkpt><trkpt lat="42.565746" lon="44.561956"><ele>2823.781276</ele><time>2026-07-11T11:08:49.000Z</time></trkpt><trkpt lat="42.565791" lon="44.561929"><ele>2825.112406</ele><time>2026-07-11T11:08:56.000Z</time></trkpt><trkpt lat="42.565794" lon="44.561931"><ele>2825.202832</ele><time>2026-07-11T11:08:57.000Z</time></trkpt><trkpt lat="42.565797" lon="44.56193"><ele>2825.286413</ele><time>2026-07-11T11:08:58.000Z</time></trkpt><trkpt lat="42.565824" lon="44.561925"><ele>2826.023705</ele><time>2026-07-11T11:09:03.000Z</time></trkpt><trkpt lat="42.565844" lon="44.561918"><ele>2826.582527</ele><time>2026-07-11T11:09:06.000Z</time></trkpt><trkpt lat="42.565868" lon="44.561906"><ele>2827.274516</ele><time>2026-07-11T11:09:10.000Z</time></trkpt><trkpt lat="42.565883" lon="44.561908"><ele>2827.682318</ele><time>2026-07-11T11:09:13.000Z</time></trkpt><trkpt lat="42.565896" lon="44.561906"><ele>2828.036305</ele><time>2026-07-11T11:09:15.000Z</time></trkpt><trkpt lat="42.565933" lon="44.561892"><ele>2829.075546</ele><time>2026-07-11T11:09:21.000Z</time></trkpt><trkpt lat="42.565941" lon="44.561889"><ele>2829.300102</ele><time>2026-07-11T11:09:22.000Z</time></trkpt><trkpt lat="42.565972" lon="44.561884"><ele>2830.144755</ele><time>2026-07-11T11:09:27.000Z</time></trkpt><trkpt lat="42.565977" lon="44.561888"><ele>2830.296672</ele><time>2026-07-11T11:09:30.000Z</time></trkpt><trkpt lat="42.565995" lon="44.561885"><ele>2830.31117</ele><time>2026-07-11T11:09:38.000Z</time></trkpt><trkpt lat="42.565996" lon="44.561885"><ele>2830.311969</ele><time>2026-07-11T11:09:39.000Z</time></trkpt><trkpt lat="42.566023" lon="44.561879"><ele>2830.333841</ele><time>2026-07-11T11:09:46.000Z</time></trkpt><trkpt lat="42.566037" lon="44.561873"><ele>2830.345578</ele><time>2026-07-11T11:09:51.000Z</time></trkpt><trkpt lat="42.566048" lon="44.561879"><ele>2830.355054</ele><time>2026-07-11T11:09:54.000Z</time></trkpt><trkpt lat="42.56606" lon="44.561871"><ele>2830.365742</ele><time>2026-07-11T11:09:58.000Z</time></trkpt><trkpt lat="42.566074" lon="44.561873"><ele>2830.376996</ele><time>2026-07-11T11:10:01.000Z</time></trkpt><trkpt lat="42.566102" lon="44.561874"><ele>2830.399388</ele><time>2026-07-11T11:10:07.000Z</time></trkpt><trkpt lat="42.566109" lon="44.561877"><ele>2830.405256</ele><time>2026-07-11T11:10:09.000Z</time></trkpt><trkpt lat="42.566125" lon="44.561883"><ele>2830.418526</ele><time>2026-07-11T11:10:14.000Z</time></trkpt><trkpt lat="42.56614" lon="44.561885"><ele>2830.430575</ele><time>2026-07-11T11:10:21.000Z</time></trkpt><trkpt lat="42.566153" lon="44.561879"><ele>2830.441552</ele><time>2026-07-11T11:10:28.000Z</time></trkpt><trkpt lat="42.566171" lon="44.561871"><ele>2830.456693</ele><time>2026-07-11T11:10:33.000Z</time></trkpt><trkpt lat="42.566172" lon="44.561872"><ele>2830.457686</ele><time>2026-07-11T11:10:34.000Z</time></trkpt><trkpt lat="42.566195" lon="44.561874"><ele>2830.476111</ele><time>2026-07-11T11:10:41.000Z</time></trkpt><trkpt lat="42.566204" lon="44.561881"><ele>2830.484403</ele><time>2026-07-11T11:10:44.000Z</time></trkpt><trkpt lat="42.566216" lon="44.561884"><ele>2830.494157</ele><time>2026-07-11T11:10:49.000Z</time></trkpt><trkpt lat="42.566221" lon="44.561888"><ele>2830.498797</ele><time>2026-07-11T11:10:51.000Z</time></trkpt><trkpt lat="42.566233" lon="44.561883"><ele>2830.508832</ele><time>2026-07-11T11:10:57.000Z</time></trkpt><trkpt lat="42.566255" lon="44.561888"><ele>2830.526664</ele><time>2026-07-11T11:11:02.000Z</time></trkpt><trkpt lat="42.566257" lon="44.561891"><ele>2830.529046</ele><time>2026-07-11T11:11:06.000Z</time></trkpt><trkpt lat="42.56627" lon="44.561898"><ele>2830.540227</ele><time>2026-07-11T11:11:13.000Z</time></trkpt><trkpt lat="42.566275" lon="44.561902"><ele>2830.544866</ele><time>2026-07-11T11:11:14.000Z</time></trkpt><trkpt lat="42.566282" lon="44.561904"><ele>2830.550585</ele><time>2026-07-11T11:11:16.000Z</time></trkpt><trkpt lat="42.566296" lon="44.561915"><ele>2830.563516</ele><time>2026-07-11T11:11:22.000Z</time></trkpt><trkpt lat="42.566321" lon="44.561906"><ele>2830.584192</ele><time>2026-07-11T11:11:30.000Z</time></trkpt><trkpt lat="42.566325" lon="44.561906"><ele>2830.58739</ele><time>2026-07-11T11:11:31.000Z</time></trkpt><trkpt lat="42.566343" lon="44.561903"><ele>2830.601888</ele><time>2026-07-11T11:11:38.000Z</time></trkpt><trkpt lat="42.566365" lon="44.561888"><ele>2830.621569</ele><time>2026-07-11T11:11:45.000Z</time></trkpt><trkpt lat="42.566365" lon="44.561888"><ele>2830.621569</ele><time>2026-07-11T11:11:47.000Z</time></trkpt><trkpt lat="42.566372" lon="44.561885"><ele>2830.627437</ele><time>2026-07-11T11:11:55.000Z</time></trkpt><trkpt lat="42.566394" lon="44.561883"><ele>2830.645064</ele><time>2026-07-11T11:12:01.000Z</time></trkpt><trkpt lat="42.566398" lon="44.561884"><ele>2830.648315</ele><time>2026-07-11T11:12:03.000Z</time></trkpt><trkpt lat="42.566408" lon="44.561888"><ele>2830.656649</ele><time>2026-07-11T11:12:05.000Z</time></trkpt><trkpt lat="42.56642" lon="44.561892"><ele>2830.666528</ele><time>2026-07-11T11:12:10.000Z</time></trkpt><trkpt lat="42.566421" lon="44.561893"><ele>2830.66752</ele><time>2026-07-11T11:12:13.000Z</time></trkpt><trkpt lat="42.566426" lon="44.561904"><ele>2830.675131</ele><time>2026-07-11T11:12:15.000Z</time></trkpt><trkpt lat="42.566464" lon="44.561909"><ele>2830.705652</ele><time>2026-07-11T11:12:23.000Z</time></trkpt><trkpt lat="42.566472" lon="44.561913"><ele>2830.712468</ele><time>2026-07-11T11:12:27.000Z</time></trkpt><trkpt lat="42.566486" lon="44.561916"><ele>2830.723798</ele><time>2026-07-11T11:12:30.000Z</time></trkpt><trkpt lat="42.566501" lon="44.561921"><ele>2830.736146</ele><time>2026-07-11T11:12:34.000Z</time></trkpt><trkpt lat="42.566501" lon="44.56192"><ele>2830.736735</ele><time>2026-07-11T11:12:40.000Z</time></trkpt><trkpt lat="42.5665" lon="44.561927"><ele>2830.740933</ele><time>2026-07-11T11:12:41.000Z</time></trkpt><trkpt lat="42.566504" lon="44.561935"><ele>2830.746626</ele><time>2026-07-11T11:12:47.000Z</time></trkpt><trkpt lat="42.566503" lon="44.561951"><ele>2830.756081</ele><time>2026-07-11T11:12:59.000Z</time></trkpt><trkpt lat="42.566503" lon="44.561951"><ele>2830.756081</ele><time>2026-07-11T11:13:06.000Z</time></trkpt><trkpt lat="42.566503" lon="44.561951"><ele>2830.756081</ele><time>2026-07-11T11:13:11.000Z</time></trkpt><trkpt lat="42.566503" lon="44.561951"><ele>2830.756081</ele><time>2026-07-11T11:13:15.000Z</time></trkpt><trkpt lat="42.566503" lon="44.561951"><ele>2830.756081</ele><time>2026-07-11T11:13:21.000Z</time></trkpt><trkpt lat="42.566503" lon="44.561951"><ele>2830.756081</ele><time>2026-07-11T11:13:23.000Z</time></trkpt><trkpt lat="42.566503" lon="44.561951"><ele>2830.756081</ele><time>2026-07-11T11:13:25.000Z</time></trkpt><trkpt lat="42.566503" lon="44.561951"><ele>2830.756081</ele><time>2026-07-11T11:13:37.000Z</time></trkpt><trkpt lat="42.566503" lon="44.561951"><ele>2830.756081</ele><time>2026-07-11T11:13:47.000Z</time></trkpt><trkpt lat="42.566503" lon="44.561951"><ele>2830.756081</ele><time>2026-07-11T11:13:48.000Z</time></trkpt><trkpt lat="42.566503" lon="44.561951"><ele>2830.756081</ele><time>2026-07-11T11:13:53.000Z</time></trkpt><trkpt lat="42.566503" lon="44.561951"><ele>2830.756081</ele><time>2026-07-11T11:13:56.000Z</time></trkpt><trkpt lat="42.566513" lon="44.561942"><ele>2830.765672</ele><time>2026-07-11T11:14:10.000Z</time></trkpt><trkpt lat="42.566507" lon="44.561944"><ele>2830.770611</ele><time>2026-07-11T11:14:18.000Z</time></trkpt><trkpt lat="42.566506" lon="44.561945"><ele>2830.771604</ele><time>2026-07-11T11:14:19.000Z</time></trkpt><trkpt lat="42.566503" lon="44.561951"><ele>2830.775874</ele><time>2026-07-11T11:14:23.000Z</time></trkpt><trkpt lat="42.566503" lon="44.561951"><ele>2830.775874</ele><time>2026-07-11T11:14:26.000Z</time></trkpt><trkpt lat="42.56649" lon="44.56194"><ele>2830.788119</ele><time>2026-07-11T11:14:31.000Z</time></trkpt><trkpt lat="42.566495" lon="44.561944"><ele>2830.792759</ele><time>2026-07-11T11:14:35.000Z</time></trkpt><trkpt lat="42.566503" lon="44.561951"><ele>2830.800367</ele><time>2026-07-11T11:14:43.000Z</time></trkpt><trkpt lat="42.5665" lon="44.561932"><ele>2830.811808</ele><time>2026-07-11T11:14:53.000Z</time></trkpt><trkpt lat="42.566494" lon="44.561931"><ele>2830.816641</ele><time>2026-07-11T11:15:01.000Z</time></trkpt><trkpt lat="42.566498" lon="44.561926"><ele>2830.820987</ele><time>2026-07-11T11:15:05.000Z</time></trkpt><trkpt lat="42.566491" lon="44.561937"><ele>2830.829547</ele><time>2026-07-11T11:15:08.000Z</time></trkpt><trkpt lat="42.566494" lon="44.561905"><ele>2830.84854</ele><time>2026-07-11T11:15:14.000Z</time></trkpt><trkpt lat="42.566496" lon="44.561893"><ele>2830.855784</ele><time>2026-07-11T11:15:18.000Z</time></trkpt><trkpt lat="42.5665" lon="44.561876"><ele>2830.866292</ele><time>2026-07-11T11:15:21.000Z</time></trkpt><trkpt lat="42.566509" lon="44.561852"><ele>2830.882149</ele><time>2026-07-11T11:15:23.000Z</time></trkpt><trkpt lat="42.56653" lon="44.561815"><ele>2830.909652</ele><time>2026-07-11T11:15:27.000Z</time></trkpt><trkpt lat="42.566562" lon="44.561774"><ele>2830.944826</ele><time>2026-07-11T11:15:35.000Z</time></trkpt><trkpt lat="42.566567" lon="44.561768"><ele>2830.95016</ele><time>2026-07-11T11:15:36.000Z</time></trkpt><trkpt lat="42.566583" lon="44.561752"><ele>2830.966046</ele><time>2026-07-11T11:15:38.000Z</time></trkpt><trkpt lat="42.566589" lon="44.561744"><ele>2830.972769</ele><time>2026-07-11T11:15:39.000Z</time></trkpt><trkpt lat="42.566595" lon="44.561734"><ele>2830.980363</ele><time>2026-07-11T11:15:40.000Z</time></trkpt><trkpt lat="42.566604" lon="44.561723"><ele>2830.990043</ele><time>2026-07-11T11:15:42.000Z</time></trkpt><trkpt lat="42.566637" lon="44.561694"><ele>2831.021468</ele><time>2026-07-11T11:15:48.000Z</time></trkpt><trkpt lat="42.566661" lon="44.561663"><ele>2831.04795</ele><time>2026-07-11T11:15:51.000Z</time></trkpt><trkpt lat="42.566684" lon="44.56165"><ele>2831.067867</ele><time>2026-07-11T11:15:56.000Z</time></trkpt><trkpt lat="42.566709" lon="44.561611"><ele>2831.098309</ele><time>2026-07-11T11:16:02.000Z</time></trkpt><trkpt lat="42.566717" lon="44.561604"><ele>2831.105917</ele><time>2026-07-11T11:16:03.000Z</time></trkpt><trkpt lat="42.566768" lon="44.561583"><ele>2831.148522</ele><time>2026-07-11T11:16:10.000Z</time></trkpt><trkpt lat="42.566786" lon="44.561575"><ele>2831.163663</ele><time>2026-07-11T11:16:14.000Z</time></trkpt><trkpt lat="42.56679" lon="44.561573"><ele>2831.167071</ele><time>2026-07-11T11:16:15.000Z</time></trkpt><trkpt lat="42.566792" lon="44.561573"><ele>2831.16867</ele><time>2026-07-11T11:16:18.000Z</time></trkpt><trkpt lat="42.566792" lon="44.561573"><ele>2831.16867</ele><time>2026-07-11T11:16:29.000Z</time></trkpt><trkpt lat="42.566792" lon="44.561573"><ele>2831.16867</ele><time>2026-07-11T11:16:34.000Z</time></trkpt><trkpt lat="42.56679" lon="44.561569"><ele>2831.171516</ele><time>2026-07-11T11:16:40.000Z</time></trkpt><trkpt lat="42.566792" lon="44.561573"><ele>2831.174363</ele><time>2026-07-11T11:16:53.000Z</time></trkpt><trkpt lat="42.566792" lon="44.561573"><ele>2831.174363</ele><time>2026-07-11T11:17:06.000Z</time></trkpt><trkpt lat="42.566792" lon="44.561573"><ele>2831.174363</ele><time>2026-07-11T11:17:10.000Z</time></trkpt><trkpt lat="42.566792" lon="44.561573"><ele>2831.174363</ele><time>2026-07-11T11:17:20.000Z</time></trkpt><trkpt lat="42.566792" lon="44.561573"><ele>2831.174363</ele><time>2026-07-11T11:17:22.000Z</time></trkpt><trkpt lat="42.566792" lon="44.561573"><ele>2831.174363</ele><time>2026-07-11T11:17:38.000Z</time></trkpt><trkpt lat="42.566794" lon="44.561576"><ele>2831.176746</ele><time>2026-07-11T11:17:49.000Z</time></trkpt><trkpt lat="42.566792" lon="44.561573"><ele>2831.179128</ele><time>2026-07-11T11:18:00.000Z</time></trkpt><trkpt lat="42.566791" lon="44.561583"><ele>2831.18507</ele><time>2026-07-11T11:18:08.000Z</time></trkpt><trkpt lat="42.566784" lon="44.561585"><ele>2831.190789</ele><time>2026-07-11T11:18:15.000Z</time></trkpt><trkpt lat="42.566792" lon="44.561573"><ele>2831.200319</ele><time>2026-07-11T11:18:24.000Z</time></trkpt><trkpt lat="42.566792" lon="44.561573"><ele>2831.200319</ele><time>2026-07-11T11:18:29.000Z</time></trkpt><trkpt lat="42.566778" lon="44.561569"><ele>2831.211756</ele><time>2026-07-11T11:18:38.000Z</time></trkpt><trkpt lat="42.566777" lon="44.561565"><ele>2831.214243</ele><time>2026-07-11T11:18:41.000Z</time></trkpt><trkpt lat="42.566777" lon="44.561565"><ele>2831.214243</ele><time>2026-07-11T11:18:48.000Z</time></trkpt><trkpt lat="42.566777" lon="44.561565"><ele>2831.214243</ele><time>2026-07-11T11:18:56.000Z</time></trkpt><trkpt lat="42.566786" lon="44.561569"><ele>2831.221814</ele><time>2026-07-11T11:19:10.000Z</time></trkpt><trkpt lat="42.566777" lon="44.561565"><ele>2831.229384</ele><time>2026-07-11T11:19:18.000Z</time></trkpt><trkpt lat="42.566784" lon="44.561582"><ele>2831.240852</ele><time>2026-07-11T11:19:25.000Z</time></trkpt><trkpt lat="42.566783" lon="44.561586"><ele>2831.243339</ele><time>2026-07-11T11:19:26.000Z</time></trkpt><trkpt lat="42.566776" lon="44.561605"><ele>2831.255847</ele><time>2026-07-11T11:19:36.000Z</time></trkpt><trkpt lat="42.566782" lon="44.561605"><ele>2831.260644</ele><time>2026-07-11T11:19:37.000Z</time></trkpt><trkpt lat="42.566782" lon="44.56159"><ele>2831.269475</ele><time>2026-07-11T11:19:44.000Z</time></trkpt><trkpt lat="42.566785" lon="44.56158"><ele>2831.275833</ele><time>2026-07-11T11:19:49.000Z</time></trkpt><trkpt lat="42.566782" lon="44.561584"><ele>2831.279194</ele><time>2026-07-11T11:19:50.000Z</time></trkpt><trkpt lat="42.566781" lon="44.561582"><ele>2831.280618</ele><time>2026-07-11T11:19:56.000Z</time></trkpt><trkpt lat="42.56678" lon="44.561584"><ele>2831.282041</ele><time>2026-07-11T11:19:58.000Z</time></trkpt><trkpt lat="42.566786" lon="44.561571"><ele>2831.291074</ele><time>2026-07-11T11:20:11.000Z</time></trkpt><trkpt lat="42.566775" lon="44.561576"><ele>2831.300347</ele><time>2026-07-11T11:20:19.000Z</time></trkpt><trkpt lat="42.566775" lon="44.561575"><ele>2831.300936</ele><time>2026-07-11T11:20:28.000Z</time></trkpt><trkpt lat="42.566775" lon="44.561575"><ele>2831.300936</ele><time>2026-07-11T11:20:38.000Z</time></trkpt><trkpt lat="42.566775" lon="44.561575"><ele>2831.300936</ele><time>2026-07-11T11:20:49.000Z</time></trkpt><trkpt lat="42.566775" lon="44.561575"><ele>2831.300936</ele><time>2026-07-11T11:20:54.000Z</time></trkpt><trkpt lat="42.566775" lon="44.561575"><ele>2831.300936</ele><time>2026-07-11T11:20:59.000Z</time></trkpt><trkpt lat="42.566775" lon="44.561575"><ele>2831.300936</ele><time>2026-07-11T11:21:00.000Z</time></trkpt><trkpt lat="42.566775" lon="44.561575"><ele>2831.300936</ele><time>2026-07-11T11:21:02.000Z</time></trkpt><trkpt lat="42.566775" lon="44.561575"><ele>2831.300936</ele><time>2026-07-11T11:21:06.000Z</time></trkpt><trkpt lat="42.566775" lon="44.561575"><ele>2831.300936</ele><time>2026-07-11T11:21:08.000Z</time></trkpt><trkpt lat="42.566775" lon="44.561575"><ele>2831.300936</ele><time>2026-07-11T11:21:18.000Z</time></trkpt><trkpt lat="42.566775" lon="44.561575"><ele>2831.300936</ele><time>2026-07-11T11:21:23.000Z</time></trkpt><trkpt lat="42.566775" lon="44.561575"><ele>2831.300936</ele><time>2026-07-11T11:21:27.000Z</time></trkpt><trkpt lat="42.566775" lon="44.561575"><ele>2831.300936</ele><time>2026-07-11T11:21:29.000Z</time></trkpt><trkpt lat="42.566775" lon="44.561575"><ele>2831.300936</ele><time>2026-07-11T11:21:39.000Z</time></trkpt><trkpt lat="42.566775" lon="44.561577"><ele>2831.302114</ele><time>2026-07-11T11:21:46.000Z</time></trkpt><trkpt lat="42.566779" lon="44.561581"><ele>2831.306085</ele><time>2026-07-11T11:21:51.000Z</time></trkpt><trkpt lat="42.566789" lon="44.561586"><ele>2831.314604</ele><time>2026-07-11T11:21:57.000Z</time></trkpt><trkpt lat="42.566789" lon="44.561586"><ele>2831.314604</ele><time>2026-07-11T11:22:01.000Z</time></trkpt><trkpt lat="42.566789" lon="44.561586"><ele>2831.314604</ele><time>2026-07-11T11:22:16.000Z</time></trkpt><trkpt lat="42.566787" lon="44.561587"><ele>2831.316308</ele><time>2026-07-11T11:22:26.000Z</time></trkpt><trkpt lat="42.566789" lon="44.561586"><ele>2831.318012</ele><time>2026-07-11T11:22:39.000Z</time></trkpt><trkpt lat="42.566778" lon="44.561579"><ele>2831.327724</ele><time>2026-07-11T11:22:44.000Z</time></trkpt><trkpt lat="42.566789" lon="44.561586"><ele>2831.337436</ele><time>2026-07-11T11:22:48.000Z</time></trkpt><trkpt lat="42.566778" lon="44.561579"><ele>2831.347147</ele><time>2026-07-11T11:22:56.000Z</time></trkpt><trkpt lat="42.566776" lon="44.561579"><ele>2831.348746</ele><time>2026-07-11T11:23:07.000Z</time></trkpt><trkpt lat="42.566782" lon="44.561584"><ele>2831.354374</ele><time>2026-07-11T11:23:13.000Z</time></trkpt><trkpt lat="42.566789" lon="44.561586"><ele>2831.360093</ele><time>2026-07-11T11:23:24.000Z</time></trkpt><trkpt lat="42.566789" lon="44.561586"><ele>2831.360093</ele><time>2026-07-11T11:23:27.000Z</time></trkpt><trkpt lat="42.56681" lon="44.561606"><ele>2831.380599</ele><time>2026-07-11T11:23:32.000Z</time></trkpt><trkpt lat="42.566817" lon="44.561613"><ele>2831.387549</ele><time>2026-07-11T11:23:33.000Z</time></trkpt><trkpt lat="42.566829" lon="44.561622"><ele>2831.398509</ele><time>2026-07-11T11:23:38.000Z</time></trkpt><trkpt lat="42.56683" lon="44.561628"><ele>2831.402131</ele><time>2026-07-11T11:23:45.000Z</time></trkpt><trkpt lat="42.56683" lon="44.561628"><ele>2831.402131</ele><time>2026-07-11T11:23:46.000Z</time></trkpt><trkpt lat="42.56683" lon="44.561628"><ele>2831.402131</ele><time>2026-07-11T11:23:51.000Z</time></trkpt><trkpt lat="42.56683" lon="44.561628"><ele>2831.402131</ele><time>2026-07-11T11:23:55.000Z</time></trkpt><trkpt lat="42.56683" lon="44.561628"><ele>2831.402131</ele><time>2026-07-11T11:24:28.000Z</time></trkpt><trkpt lat="42.56683" lon="44.561628"><ele>2831.402131</ele><time>2026-07-11T11:24:37.000Z</time></trkpt><trkpt lat="42.56683" lon="44.561628"><ele>2831.402131</ele><time>2026-07-11T11:24:46.000Z</time></trkpt><trkpt lat="42.56683" lon="44.561628"><ele>2831.402131</ele><time>2026-07-11T11:24:55.000Z</time></trkpt><trkpt lat="42.56683" lon="44.561628"><ele>2831.402131</ele><time>2026-07-11T11:25:10.000Z</time></trkpt><trkpt lat="42.566831" lon="44.561628"><ele>2831.40293</ele><time>2026-07-11T11:25:16.000Z</time></trkpt><trkpt lat="42.566807" lon="44.561597"><ele>2831.429411</ele><time>2026-07-11T11:25:21.000Z</time></trkpt><trkpt lat="42.566802" lon="44.561596"><ele>2831.433452</ele><time>2026-07-11T11:25:23.000Z</time></trkpt><trkpt lat="42.566798" lon="44.561592"><ele>2831.437423</ele><time>2026-07-11T11:25:24.000Z</time></trkpt><trkpt lat="42.566787" lon="44.561584"><ele>2831.447399</ele><time>2026-07-11T11:25:27.000Z</time></trkpt><trkpt lat="42.566787" lon="44.561585"><ele>2831.447988</ele><time>2026-07-11T11:25:29.000Z</time></trkpt><trkpt lat="42.566786" lon="44.561583"><ele>2831.449411</ele><time>2026-07-11T11:25:30.000Z</time></trkpt><trkpt lat="42.566787" lon="44.561581"><ele>2831.450834</ele><time>2026-07-11T11:25:38.000Z</time></trkpt><trkpt lat="42.566782" lon="44.561581"><ele>2831.454832</ele><time>2026-07-11T11:25:41.000Z</time></trkpt><trkpt lat="42.566788" lon="44.561577"><ele>2831.460175</ele><time>2026-07-11T11:25:45.000Z</time></trkpt><trkpt lat="42.566789" lon="44.561585"><ele>2831.464953</ele><time>2026-07-11T11:25:53.000Z</time></trkpt><trkpt lat="42.566789" lon="44.561586"><ele>2831.465542</ele><time>2026-07-11T11:26:05.000Z</time></trkpt><trkpt lat="42.566786" lon="44.561571"><ele>2831.474693</ele><time>2026-07-11T11:26:10.000Z</time></trkpt><trkpt lat="42.566786" lon="44.56157"><ele>2831.475282</ele><time>2026-07-11T11:26:11.000Z</time></trkpt><trkpt lat="42.566786" lon="44.561556"><ele>2831.483525</ele><time>2026-07-11T11:26:13.000Z</time></trkpt><trkpt lat="42.566796" lon="44.561516"><ele>2831.508396</ele><time>2026-07-11T11:26:18.000Z</time></trkpt><trkpt lat="42.566803" lon="44.561499"><ele>2831.519863</ele><time>2026-07-11T11:26:20.000Z</time></trkpt><trkpt lat="42.566811" lon="44.561473"><ele>2831.536454</ele><time>2026-07-11T11:26:23.000Z</time></trkpt><trkpt lat="42.566815" lon="44.561429"><ele>2831.562557</ele><time>2026-07-11T11:26:28.000Z</time></trkpt><trkpt lat="42.56683" lon="44.561403"><ele>2831.582003</ele><time>2026-07-11T11:26:34.000Z</time></trkpt><trkpt lat="42.566838" lon="44.561388"><ele>2831.592907</ele><time>2026-07-11T11:26:36.000Z</time></trkpt><trkpt lat="42.566846" lon="44.561372"><ele>2831.604293</ele><time>2026-07-11T11:26:38.000Z</time></trkpt><trkpt lat="42.566875" lon="44.561346"><ele>2831.632075</ele><time>2026-07-11T11:26:44.000Z</time></trkpt><trkpt lat="42.56688" lon="44.561343"><ele>2831.636445</ele><time>2026-07-11T11:26:45.000Z</time></trkpt><trkpt lat="42.566897" lon="44.561316"><ele>2831.65736</ele><time>2026-07-11T11:26:49.000Z</time></trkpt><trkpt lat="42.566903" lon="44.561299"><ele>2831.668459</ele><time>2026-07-11T11:26:51.000Z</time></trkpt><trkpt lat="42.566913" lon="44.561281"><ele>2831.681734</ele><time>2026-07-11T11:26:54.000Z</time></trkpt><trkpt lat="42.566929" lon="44.561241"><ele>2831.708534</ele><time>2026-07-11T11:27:00.000Z</time></trkpt><trkpt lat="42.566936" lon="44.561231"><ele>2831.716657</ele><time>2026-07-11T11:27:02.000Z</time></trkpt><trkpt lat="42.566938" lon="44.561232"><ele>2831.718361</ele><time>2026-07-11T11:27:05.000Z</time></trkpt><trkpt lat="42.566945" lon="44.56119"><ele>2831.758875</ele><time>2026-07-11T11:27:15.000Z</time></trkpt><trkpt lat="42.566948" lon="44.56118"><ele>2831.775606</ele><time>2026-07-11T11:27:18.000Z</time></trkpt><trkpt lat="42.566952" lon="44.561167"><ele>2831.797437</ele><time>2026-07-11T11:27:21.000Z</time></trkpt><trkpt lat="42.566951" lon="44.561163"><ele>2831.803982</ele><time>2026-07-11T11:27:22.000Z</time></trkpt><trkpt lat="42.566953" lon="44.561148"><ele>2831.827603</ele><time>2026-07-11T11:27:26.000Z</time></trkpt><trkpt lat="42.566961" lon="44.561134"><ele>2831.85506</ele><time>2026-07-11T11:27:29.000Z</time></trkpt><trkpt lat="42.566963" lon="44.561121"><ele>2831.875638</ele><time>2026-07-11T11:27:31.000Z</time></trkpt><trkpt lat="42.566972" lon="44.561104"><ele>2831.908079</ele><time>2026-07-11T11:27:35.000Z</time></trkpt><trkpt lat="42.566974" lon="44.561098"><ele>2831.918284</ele><time>2026-07-11T11:27:36.000Z</time></trkpt><trkpt lat="42.566978" lon="44.56109"><ele>2831.933267</ele><time>2026-07-11T11:27:37.000Z</time></trkpt><trkpt lat="42.566989" lon="44.56105"><ele>2831.999427</ele><time>2026-07-11T11:27:42.000Z</time></trkpt><trkpt lat="42.56699" lon="44.561041"><ele>2832.013531</ele><time>2026-07-11T11:27:45.000Z</time></trkpt><trkpt lat="42.567002" lon="44.560997"><ele>2832.086234</ele><time>2026-07-11T11:27:51.000Z</time></trkpt><trkpt lat="42.567011" lon="44.560984"><ele>2832.11388</ele><time>2026-07-11T11:27:53.000Z</time></trkpt><trkpt lat="42.567044" lon="44.560919"><ele>2832.23621</ele><time>2026-07-11T11:28:01.000Z</time></trkpt><trkpt lat="42.56707" lon="44.560878"><ele>2832.320045</ele><time>2026-07-11T11:28:05.000Z</time></trkpt><trkpt lat="42.567094" lon="44.560838"><ele>2832.39999</ele><time>2026-07-11T11:28:09.000Z</time></trkpt><trkpt lat="42.567099" lon="44.560826"><ele>2832.421354</ele><time>2026-07-11T11:28:10.000Z</time></trkpt><trkpt lat="42.567137" lon="44.560759"><ele>2832.552387</ele><time>2026-07-11T11:28:16.000Z</time></trkpt><trkpt lat="42.567153" lon="44.560736"><ele>2832.601411</ele><time>2026-07-11T11:28:18.000Z</time></trkpt><trkpt lat="42.567179" lon="44.560696"><ele>2832.684078</ele><time>2026-07-11T11:28:21.000Z</time></trkpt><trkpt lat="42.5672" lon="44.560672"><ele>2832.741828</ele><time>2026-07-11T11:28:25.000Z</time></trkpt><trkpt lat="42.567201" lon="44.560675"><ele>2832.74693</ele><time>2026-07-11T11:28:30.000Z</time></trkpt><trkpt lat="42.567209" lon="44.560663"><ele>2832.772011</ele><time>2026-07-11T11:28:33.000Z</time></trkpt><trkpt lat="42.567264" lon="44.56061"><ele>2832.913906</ele><time>2026-07-11T11:28:40.000Z</time></trkpt><trkpt lat="42.567316" lon="44.560542"><ele>2833.065799</ele><time>2026-07-11T11:28:47.000Z</time></trkpt><trkpt lat="42.5674" lon="44.560464"><ele>2833.279903</ele><time>2026-07-11T11:28:56.000Z</time></trkpt><trkpt lat="42.567417" lon="44.56045"><ele>2833.321734</ele><time>2026-07-11T11:28:59.000Z</time></trkpt><trkpt lat="42.567444" lon="44.560418"><ele>2833.397136</ele><time>2026-07-11T11:29:02.000Z</time></trkpt><trkpt lat="42.56747" lon="44.560365"><ele>2833.49581</ele><time>2026-07-11T11:29:06.000Z</time></trkpt><trkpt lat="42.567479" lon="44.560353"><ele>2833.522349</ele><time>2026-07-11T11:29:07.000Z</time></trkpt><trkpt lat="42.567505" lon="44.560336"><ele>2833.583063</ele><time>2026-07-11T11:29:10.000Z</time></trkpt><trkpt lat="42.567534" lon="44.56032"><ele>2833.648921</ele><time>2026-07-11T11:29:14.000Z</time></trkpt><trkpt lat="42.567538" lon="44.560321"><ele>2833.657478</ele><time>2026-07-11T11:29:15.000Z</time></trkpt><trkpt lat="42.567576" lon="44.5603"><ele>2833.743795</ele><time>2026-07-11T11:29:19.000Z</time></trkpt><trkpt lat="42.567585" lon="44.56029"><ele>2833.768262</ele><time>2026-07-11T11:29:21.000Z</time></trkpt><trkpt lat="42.567604" lon="44.560279"><ele>2833.811719</ele><time>2026-07-11T11:29:23.000Z</time></trkpt><trkpt lat="42.567628" lon="44.560275"><ele>2833.862592</ele><time>2026-07-11T11:29:26.000Z</time></trkpt><trkpt lat="42.567652" lon="44.560257"><ele>2833.920277</ele><time>2026-07-11T11:29:30.000Z</time></trkpt><trkpt lat="42.56767" lon="44.560236"><ele>2833.970207</ele><time>2026-07-11T11:29:33.000Z</time></trkpt><trkpt lat="42.567678" lon="44.560231"><ele>2833.988736</ele><time>2026-07-11T11:29:34.000Z</time></trkpt><trkpt lat="42.567708" lon="44.560204"><ele>2834.06446</ele><time>2026-07-11T11:29:41.000Z</time></trkpt><trkpt lat="42.567708" lon="44.560204"><ele>2834.06446</ele><time>2026-07-11T11:29:44.000Z</time></trkpt><trkpt lat="42.567712" lon="44.560191"><ele>2834.08629</ele><time>2026-07-11T11:29:51.000Z</time></trkpt><trkpt lat="42.567745" lon="44.560113"><ele>2834.225673</ele><time>2026-07-11T11:29:58.000Z</time></trkpt><trkpt lat="42.567782" lon="44.560051"><ele>2834.349322</ele><time>2026-07-11T11:30:05.000Z</time></trkpt><trkpt lat="42.567811" lon="44.560003"><ele>2834.445522</ele><time>2026-07-11T11:30:11.000Z</time></trkpt><trkpt lat="42.567815" lon="44.559998"><ele>2834.456961</ele><time>2026-07-11T11:30:12.000Z</time></trkpt><trkpt lat="42.567855" lon="44.55997"><ele>2834.551643</ele><time>2026-07-11T11:30:17.000Z</time></trkpt><trkpt lat="42.567901" lon="44.559908"><ele>2834.688008</ele><time>2026-07-11T11:30:22.000Z</time></trkpt><trkpt lat="42.56798" lon="44.55982"><ele>2834.902993</ele><time>2026-07-11T11:30:30.000Z</time></trkpt><trkpt lat="42.567992" lon="44.559804"><ele>2834.938377</ele><time>2026-07-11T11:30:31.000Z</time></trkpt><trkpt lat="42.56803" lon="44.559774"><ele>2835.030858</ele><time>2026-07-11T11:30:35.000Z</time></trkpt><trkpt lat="42.568082" lon="44.559725"><ele>2835.164026</ele><time>2026-07-11T11:30:40.000Z</time></trkpt><trkpt lat="42.568105" lon="44.559697"><ele>2835.229018</ele><time>2026-07-11T11:30:43.000Z</time></trkpt><trkpt lat="42.568123" lon="44.559689"><ele>2835.268865</ele><time>2026-07-11T11:30:45.000Z</time></trkpt><trkpt lat="42.568144" lon="44.55968"><ele>2835.315196</ele><time>2026-07-11T11:30:47.000Z</time></trkpt><trkpt lat="42.568158" lon="44.559679"><ele>2835.344692</ele><time>2026-07-11T11:30:49.000Z</time></trkpt><trkpt lat="42.568171" lon="44.559676"><ele>2835.372435</ele><time>2026-07-11T11:30:51.000Z</time></trkpt><trkpt lat="42.568175" lon="44.559671"><ele>2835.383874</ele><time>2026-07-11T11:30:54.000Z</time></trkpt><trkpt lat="42.568189" lon="44.559659"><ele>2835.418707</ele><time>2026-07-11T11:30:57.000Z</time></trkpt><trkpt lat="42.568197" lon="44.559653"><ele>2835.437935</ele><time>2026-07-11T11:30:59.000Z</time></trkpt><trkpt lat="42.568215" lon="44.559649"><ele>2835.476309</ele><time>2026-07-11T11:31:02.000Z</time></trkpt><trkpt lat="42.568227" lon="44.559647"><ele>2835.501746</ele><time>2026-07-11T11:31:04.000Z</time></trkpt><trkpt lat="42.568245" lon="44.559646"><ele>2835.462777</ele><time>2026-07-11T11:31:07.000Z</time></trkpt><trkpt lat="42.56826" lon="44.55965"><ele>2835.377319</ele><time>2026-07-11T11:31:10.000Z</time></trkpt><trkpt lat="42.568291" lon="44.559628"><ele>2835.181773</ele><time>2026-07-11T11:31:14.000Z</time></trkpt><trkpt lat="42.568303" lon="44.559618"><ele>2835.103062</ele><time>2026-07-11T11:31:17.000Z</time></trkpt><trkpt lat="42.568295" lon="44.559626"><ele>2835.047518</ele><time>2026-07-11T11:31:26.000Z</time></trkpt><trkpt lat="42.568295" lon="44.559626"><ele>2835.047518</ele><time>2026-07-11T11:31:28.000Z</time></trkpt><trkpt lat="42.568295" lon="44.559626"><ele>2835.047518</ele><time>2026-07-11T11:31:30.000Z</time></trkpt><trkpt lat="42.568295" lon="44.559626"><ele>2835.047518</ele><time>2026-07-11T11:31:40.000Z</time></trkpt><trkpt lat="42.568295" lon="44.559626"><ele>2835.047518</ele><time>2026-07-11T11:31:43.000Z</time></trkpt><trkpt lat="42.568295" lon="44.559626"><ele>2835.047518</ele><time>2026-07-11T11:31:46.000Z</time></trkpt><trkpt lat="42.568295" lon="44.559626"><ele>2835.047518</ele><time>2026-07-11T11:31:50.000Z</time></trkpt><trkpt lat="42.568295" lon="44.559626"><ele>2835.047518</ele><time>2026-07-11T11:31:55.000Z</time></trkpt><trkpt lat="42.568295" lon="44.559626"><ele>2835.047518</ele><time>2026-07-11T11:31:58.000Z</time></trkpt><trkpt lat="42.568296" lon="44.55963"><ele>2835.030127</ele><time>2026-07-11T11:32:09.000Z</time></trkpt><trkpt lat="42.568302" lon="44.559626"><ele>2834.99276</ele><time>2026-07-11T11:32:11.000Z</time></trkpt><trkpt lat="42.56831" lon="44.559621"><ele>2834.943526</ele><time>2026-07-11T11:32:14.000Z</time></trkpt><trkpt lat="42.568314" lon="44.55962"><ele>2834.920788</ele><time>2026-07-11T11:32:17.000Z</time></trkpt><trkpt lat="42.568314" lon="44.55962"><ele>2834.920788</ele><time>2026-07-11T11:32:24.000Z</time></trkpt><trkpt lat="42.568314" lon="44.55962"><ele>2834.920788</ele><time>2026-07-11T11:32:30.000Z</time></trkpt><trkpt lat="42.568314" lon="44.55962"><ele>2834.920788</ele><time>2026-07-11T11:32:33.000Z</time></trkpt><trkpt lat="42.568314" lon="44.55962"><ele>2834.920788</ele><time>2026-07-11T11:32:35.000Z</time></trkpt><trkpt lat="42.568314" lon="44.55962"><ele>2834.920788</ele><time>2026-07-11T11:32:37.000Z</time></trkpt><trkpt lat="42.568314" lon="44.55962"><ele>2834.920788</ele><time>2026-07-11T11:32:40.000Z</time></trkpt><trkpt lat="42.568314" lon="44.55962"><ele>2834.920788</ele><time>2026-07-11T11:32:44.000Z</time></trkpt><trkpt lat="42.568314" lon="44.55962"><ele>2834.920788</ele><time>2026-07-11T11:32:48.000Z</time></trkpt><trkpt lat="42.568314" lon="44.55962"><ele>2834.920788</ele><time>2026-07-11T11:32:49.000Z</time></trkpt><trkpt lat="42.568309" lon="44.559598"><ele>2834.825996</ele><time>2026-07-11T11:32:54.000Z</time></trkpt><trkpt lat="42.568314" lon="44.559595"><ele>2834.795436</ele><time>2026-07-11T11:32:57.000Z</time></trkpt><trkpt lat="42.568314" lon="44.559596"><ele>2834.791319</ele><time>2026-07-11T11:32:58.000Z</time></trkpt><trkpt lat="42.568316" lon="44.559596"><ele>2834.780138</ele><time>2026-07-11T11:32:59.000Z</time></trkpt><trkpt lat="42.568318" lon="44.559593"><ele>2834.763478</ele><time>2026-07-11T11:33:02.000Z</time></trkpt><trkpt lat="42.56832" lon="44.559585"><ele>2834.728695</ele><time>2026-07-11T11:33:07.000Z</time></trkpt><trkpt lat="42.56832" lon="44.559585"><ele>2834.728695</ele><time>2026-07-11T11:33:09.000Z</time></trkpt><trkpt lat="42.56832" lon="44.559585"><ele>2834.728695</ele><time>2026-07-11T11:33:14.000Z</time></trkpt><trkpt lat="42.56832" lon="44.559585"><ele>2834.728695</ele><time>2026-07-11T11:33:18.000Z</time></trkpt><trkpt lat="42.56832" lon="44.559585"><ele>2834.728695</ele><time>2026-07-11T11:33:24.000Z</time></trkpt><trkpt lat="42.56832" lon="44.559585"><ele>2834.728695</ele><time>2026-07-11T11:33:27.000Z</time></trkpt><trkpt lat="42.56832" lon="44.559592"><ele>2834.699874</ele><time>2026-07-11T11:33:29.000Z</time></trkpt><trkpt lat="42.568318" lon="44.559607"><ele>2834.637113</ele><time>2026-07-11T11:33:32.000Z</time></trkpt><trkpt lat="42.568312" lon="44.559601"><ele>2834.595455</ele><time>2026-07-11T11:33:37.000Z</time></trkpt><trkpt lat="42.568309" lon="44.559613"><ele>2834.54328</ele><time>2026-07-11T11:33:48.000Z</time></trkpt><trkpt lat="42.568304" lon="44.559617"><ele>2834.510838</ele><time>2026-07-11T11:34:10.000Z</time></trkpt><trkpt lat="42.568298" lon="44.559632"><ele>2834.440559</ele><time>2026-07-11T11:34:19.000Z</time></trkpt><trkpt lat="42.56832" lon="44.559643"><ele>2834.309497</ele><time>2026-07-11T11:34:32.000Z</time></trkpt><trkpt lat="42.56832" lon="44.559645"><ele>2834.301262</ele><time>2026-07-11T11:34:42.000Z</time></trkpt><trkpt lat="42.568302" lon="44.559633"><ele>2834.18916</ele><time>2026-07-11T11:34:52.000Z</time></trkpt><trkpt lat="42.5683" lon="44.559628"><ele>2834.165734</ele><time>2026-07-11T11:34:59.000Z</time></trkpt><trkpt lat="42.568297" lon="44.559625"><ele>2834.144905</ele><time>2026-07-11T11:35:00.000Z</time></trkpt><trkpt lat="42.568298" lon="44.559623"><ele>2834.134953</ele><time>2026-07-11T11:35:02.000Z</time></trkpt><trkpt lat="42.568299" lon="44.559626"><ele>2834.121395</ele><time>2026-07-11T11:35:03.000Z</time></trkpt><trkpt lat="42.568299" lon="44.559627"><ele>2834.117278</ele><time>2026-07-11T11:35:04.000Z</time></trkpt><trkpt lat="42.568301" lon="44.559635"><ele>2834.082494</ele><time>2026-07-11T11:35:10.000Z</time></trkpt><trkpt lat="42.568306" lon="44.559627"><ele>2834.039295</ele><time>2026-07-11T11:35:11.000Z</time></trkpt><trkpt lat="42.568306" lon="44.559627"><ele>2834.039295</ele><time>2026-07-11T11:35:12.000Z</time></trkpt><trkpt lat="42.568306" lon="44.559627"><ele>2834.039295</ele><time>2026-07-11T11:35:21.000Z</time></trkpt><trkpt lat="42.568265" lon="44.559666"><ele>2833.759441</ele><time>2026-07-11T11:35:30.000Z</time></trkpt><trkpt lat="42.568262" lon="44.559657"><ele>2833.718768</ele><time>2026-07-11T11:35:40.000Z</time></trkpt><trkpt lat="42.568266" lon="44.559656"><ele>2833.69603</ele><time>2026-07-11T11:35:42.000Z</time></trkpt><trkpt lat="42.568265" lon="44.559666"><ele>2833.654481</ele><time>2026-07-11T11:35:54.000Z</time></trkpt><trkpt lat="42.56827" lon="44.559662"><ele>2833.622038</ele><time>2026-07-11T11:36:05.000Z</time></trkpt><trkpt lat="42.568261" lon="44.559664"><ele>2833.571055</ele><time>2026-07-11T11:36:19.000Z</time></trkpt><trkpt lat="42.568254" lon="44.559663"><ele>2833.531706</ele><time>2026-07-11T11:36:27.000Z</time></trkpt><trkpt lat="42.568265" lon="44.559666"><ele>2833.468983</ele><time>2026-07-11T11:36:38.000Z</time></trkpt><trkpt lat="42.568265" lon="44.559666"><ele>2833.468983</ele><time>2026-07-11T11:36:40.000Z</time></trkpt><trkpt lat="42.56826" lon="44.55966"><ele>2833.43168</ele><time>2026-07-11T11:36:41.000Z</time></trkpt><trkpt lat="42.568256" lon="44.55965"><ele>2833.384827</ele><time>2026-07-11T11:36:44.000Z</time></trkpt><trkpt lat="42.568256" lon="44.559647"><ele>2833.372476</ele><time>2026-07-11T11:36:45.000Z</time></trkpt><trkpt lat="42.568257" lon="44.559643"><ele>2833.355084</ele><time>2026-07-11T11:36:49.000Z</time></trkpt><trkpt lat="42.568257" lon="44.559643"><ele>2833.355084</ele><time>2026-07-11T11:36:50.000Z</time></trkpt><trkpt lat="42.568257" lon="44.559643"><ele>2833.355084</ele><time>2026-07-11T11:36:57.000Z</time></trkpt><trkpt lat="42.568257" lon="44.559643"><ele>2833.355084</ele><time>2026-07-11T11:37:08.000Z</time></trkpt><trkpt lat="42.568245" lon="44.559653"><ele>2833.276372</ele><time>2026-07-11T11:37:16.000Z</time></trkpt><trkpt lat="42.568245" lon="44.559653"><ele>2833.276372</ele><time>2026-07-11T11:37:18.000Z</time></trkpt><trkpt lat="42.568225" lon="44.55966"><ele>2833.16091</ele><time>2026-07-11T11:37:26.000Z</time></trkpt><trkpt lat="42.568205" lon="44.559672"><ele>2833.038672</ele><time>2026-07-11T11:37:32.000Z</time></trkpt><trkpt lat="42.568196" lon="44.559675"><ele>2832.986865</ele><time>2026-07-11T11:37:34.000Z</time></trkpt><trkpt lat="42.568176" lon="44.559683"><ele>2832.870306</ele><time>2026-07-11T11:37:38.000Z</time></trkpt><trkpt lat="42.568168" lon="44.559685"><ele>2832.824831</ele><time>2026-07-11T11:37:43.000Z</time></trkpt><trkpt lat="42.568166" lon="44.559684"><ele>2832.812916</ele><time>2026-07-11T11:37:44.000Z</time></trkpt><trkpt lat="42.568171" lon="44.559685"><ele>2832.784663</ele><time>2026-07-11T11:37:50.000Z</time></trkpt><trkpt lat="42.568168" lon="44.559681"><ele>2832.761157</ele><time>2026-07-11T11:37:56.000Z</time></trkpt><trkpt lat="42.568171" lon="44.559683"><ele>2832.742474</ele><time>2026-07-11T11:37:59.000Z</time></trkpt><trkpt lat="42.568171" lon="44.559682"><ele>2832.738357</ele><time>2026-07-11T11:38:03.000Z</time></trkpt><trkpt lat="42.568178" lon="44.559674"><ele>2832.687207</ele><time>2026-07-11T11:38:06.000Z</time></trkpt><trkpt lat="42.568175" lon="44.559671"><ele>2832.666378</ele><time>2026-07-11T11:38:08.000Z</time></trkpt><trkpt lat="42.568152" lon="44.559685"><ele>2832.52547</ele><time>2026-07-11T11:38:16.000Z</time></trkpt><trkpt lat="42.568148" lon="44.559689"><ele>2832.497699</ele><time>2026-07-11T11:38:18.000Z</time></trkpt><trkpt lat="42.568134" lon="44.559688"><ele>2832.419325</ele><time>2026-07-11T11:38:26.000Z</time></trkpt><trkpt lat="42.568134" lon="44.559688"><ele>2832.419325</ele><time>2026-07-11T11:38:32.000Z</time></trkpt><trkpt lat="42.568134" lon="44.559688"><ele>2832.419325</ele><time>2026-07-11T11:38:34.000Z</time></trkpt><trkpt lat="42.568115" lon="44.559687"><ele>2832.313027</ele><time>2026-07-11T11:38:38.000Z</time></trkpt><trkpt lat="42.56811" lon="44.559683"><ele>2832.280585</ele><time>2026-07-11T11:38:42.000Z</time></trkpt><trkpt lat="42.568113" lon="44.559686"><ele>2832.259756</ele><time>2026-07-11T11:38:45.000Z</time></trkpt><trkpt lat="42.568119" lon="44.559683"><ele>2832.224012</ele><time>2026-07-11T11:38:52.000Z</time></trkpt><trkpt lat="42.568115" lon="44.55968"><ele>2832.198466</ele><time>2026-07-11T11:39:01.000Z</time></trkpt><trkpt lat="42.568114" lon="44.55968"><ele>2832.192875</ele><time>2026-07-11T11:39:02.000Z</time></trkpt><trkpt lat="42.568088" lon="44.559719"><ele>2831.976289</ele><time>2026-07-11T11:39:11.000Z</time></trkpt><trkpt lat="42.56804" lon="44.559777"><ele>2831.617081</ele><time>2026-07-11T11:39:17.000Z</time></trkpt><trkpt lat="42.568016" lon="44.559797"><ele>2831.459658</ele><time>2026-07-11T11:39:20.000Z</time></trkpt><trkpt lat="42.568016" lon="44.559791"><ele>2831.434955</ele><time>2026-07-11T11:39:25.000Z</time></trkpt><trkpt lat="42.568019" lon="44.55979"><ele>2831.417686</ele><time>2026-07-11T11:39:26.000Z</time></trkpt><trkpt lat="42.568018" lon="44.559782"><ele>2831.384277</ele><time>2026-07-11T11:39:34.000Z</time></trkpt><trkpt lat="42.568017" lon="44.559783"><ele>2831.377334</ele><time>2026-07-11T11:39:35.000Z</time></trkpt><trkpt lat="42.568008" lon="44.559794"><ele>2831.30964</ele><time>2026-07-11T11:39:37.000Z</time></trkpt><trkpt lat="42.567944" lon="44.559868"><ele>2830.839708</ele><time>2026-07-11T11:39:44.000Z</time></trkpt><trkpt lat="42.567895" lon="44.559934"><ele>2830.453861</ele><time>2026-07-11T11:39:50.000Z</time></trkpt><trkpt lat="42.567876" lon="44.559963"><ele>2830.294054</ele><time>2026-07-11T11:39:52.000Z</time></trkpt><trkpt lat="42.567814" lon="44.560027"><ele>2829.85866</ele><time>2026-07-11T11:39:59.000Z</time></trkpt><trkpt lat="42.567783" lon="44.56007"><ele>2829.610917</ele><time>2026-07-11T11:40:03.000Z</time></trkpt><trkpt lat="42.567735" lon="44.560134"><ele>2829.234833</ele><time>2026-07-11T11:40:09.000Z</time></trkpt><trkpt lat="42.567722" lon="44.56016"><ele>2829.105446</ele><time>2026-07-11T11:40:11.000Z</time></trkpt><trkpt lat="42.567683" lon="44.560226"><ele>2828.757056</ele><time>2026-07-11T11:40:17.000Z</time></trkpt><trkpt lat="42.567677" lon="44.56023"><ele>2828.719689</ele><time>2026-07-11T11:40:18.000Z</time></trkpt><trkpt lat="42.567678" lon="44.560239"><ele>2828.682214</ele><time>2026-07-11T11:40:24.000Z</time></trkpt><trkpt lat="42.567666" lon="44.560238"><ele>2828.615003</ele><time>2026-07-11T11:40:35.000Z</time></trkpt><trkpt lat="42.567669" lon="44.560245"><ele>2828.581658</ele><time>2026-07-11T11:40:41.000Z</time></trkpt><trkpt lat="42.567661" lon="44.560259"><ele>2828.508702</ele><time>2026-07-11T11:40:43.000Z</time></trkpt><trkpt lat="42.567634" lon="44.560276"><ele>2828.342322</ele><time>2026-07-11T11:40:46.000Z</time></trkpt><trkpt lat="42.567622" lon="44.560282"><ele>2828.270833</ele><time>2026-07-11T11:40:49.000Z</time></trkpt><trkpt lat="42.567576" lon="44.560296"><ele>2828.007294</ele><time>2026-07-11T11:40:55.000Z</time></trkpt><trkpt lat="42.567558" lon="44.560319"><ele>2827.869116</ele><time>2026-07-11T11:40:59.000Z</time></trkpt><trkpt lat="42.567535" lon="44.560335"><ele>2827.724643</ele><time>2026-07-11T11:41:02.000Z</time></trkpt><trkpt lat="42.567498" lon="44.560356"><ele>2827.500455</ele><time>2026-07-11T11:41:06.000Z</time></trkpt><trkpt lat="42.567459" lon="44.560409"><ele>2827.191987</ele><time>2026-07-11T11:41:11.000Z</time></trkpt><trkpt lat="42.567411" lon="44.560458"><ele>2826.856269</ele><time>2026-07-11T11:41:18.000Z</time></trkpt><trkpt lat="42.567413" lon="44.560453"><ele>2826.832843</ele><time>2026-07-11T11:41:19.000Z</time></trkpt><trkpt lat="42.567412" lon="44.560453"><ele>2826.827252</ele><time>2026-07-11T11:41:25.000Z</time></trkpt><trkpt lat="42.567411" lon="44.560449"><ele>2826.80986</ele><time>2026-07-11T11:41:28.000Z</time></trkpt><trkpt lat="42.56742" lon="44.560438"><ele>2826.742165</ele><time>2026-07-11T11:41:32.000Z</time></trkpt><trkpt lat="42.567405" lon="44.560458"><ele>2826.624639</ele><time>2026-07-11T11:41:36.000Z</time></trkpt><trkpt lat="42.567387" lon="44.560466"><ele>2826.518758</ele><time>2026-07-11T11:41:38.000Z</time></trkpt><trkpt lat="42.567347" lon="44.560506"><ele>2826.241041</ele><time>2026-07-11T11:41:42.000Z</time></trkpt><trkpt lat="42.567327" lon="44.560534"><ele>2826.080444</ele><time>2026-07-11T11:41:44.000Z</time></trkpt><trkpt lat="42.567245" lon="44.560642"><ele>2825.474131</ele><time>2026-07-11T11:41:53.000Z</time></trkpt><trkpt lat="42.567178" lon="44.560708"><ele>2825.701363</ele><time>2026-07-11T11:42:00.000Z</time></trkpt><trkpt lat="42.567128" lon="44.560787"><ele>2825.911957</ele><time>2026-07-11T11:42:07.000Z</time></trkpt><trkpt lat="42.567109" lon="44.560823"><ele>2826.0015</ele><time>2026-07-11T11:42:11.000Z</time></trkpt><trkpt lat="42.5671" lon="44.560836"><ele>2826.037572</ele><time>2026-07-11T11:42:14.000Z</time></trkpt><trkpt lat="42.567061" lon="44.560897"><ele>2826.200888</ele><time>2026-07-11T11:42:21.000Z</time></trkpt><trkpt lat="42.567034" lon="44.560944"><ele>2826.3214</ele><time>2026-07-11T11:42:26.000Z</time></trkpt><trkpt lat="42.567018" lon="44.560978"><ele>2826.402974</ele><time>2026-07-11T11:42:29.000Z</time></trkpt><trkpt lat="42.567009" lon="44.560994"><ele>2826.443678</ele><time>2026-07-11T11:42:31.000Z</time></trkpt><trkpt lat="42.566992" lon="44.561035"><ele>2826.538805</ele><time>2026-07-11T11:42:36.000Z</time></trkpt><trkpt lat="42.566999" lon="44.561028"><ele>2826.56267</ele><time>2026-07-11T11:42:44.000Z</time></trkpt><trkpt lat="42.567002" lon="44.561036"><ele>2826.58082</ele><time>2026-07-11T11:42:56.000Z</time></trkpt><trkpt lat="42.566993" lon="44.561035"><ele>2826.605609</ele><time>2026-07-11T11:43:03.000Z</time></trkpt><trkpt lat="42.566988" lon="44.56104"><ele>2826.622656</ele><time>2026-07-11T11:43:07.000Z</time></trkpt><trkpt lat="42.566981" lon="44.561063"><ele>2826.672971</ele><time>2026-07-11T11:43:09.000Z</time></trkpt><trkpt lat="42.566967" lon="44.561095"><ele>2826.748222</ele><time>2026-07-11T11:43:13.000Z</time></trkpt><trkpt lat="42.566959" lon="44.561127"><ele>2826.816544</ele><time>2026-07-11T11:43:18.000Z</time></trkpt><trkpt lat="42.566955" lon="44.561148"><ele>2826.860399</ele><time>2026-07-11T11:43:20.000Z</time></trkpt><trkpt lat="42.566952" lon="44.561163"><ele>2826.891824</ele><time>2026-07-11T11:43:22.000Z</time></trkpt><trkpt lat="42.566952" lon="44.561197"><ele>2826.960564</ele><time>2026-07-11T11:43:28.000Z</time></trkpt><trkpt lat="42.566953" lon="44.561203"><ele>2826.973001</ele><time>2026-07-11T11:43:29.000Z</time></trkpt><trkpt lat="42.566948" lon="44.561213"><ele>2826.997438</ele><time>2026-07-11T11:43:33.000Z</time></trkpt><trkpt lat="42.566948" lon="44.56123"><ele>2827.031808</ele><time>2026-07-11T11:43:36.000Z</time></trkpt><trkpt lat="42.566946" lon="44.561227"><ele>2827.03999</ele><time>2026-07-11T11:43:37.000Z</time></trkpt><trkpt lat="42.566938" lon="44.561236"><ele>2827.06851</ele><time>2026-07-11T11:43:42.000Z</time></trkpt><trkpt lat="42.566932" lon="44.561244"><ele>2827.091594</ele><time>2026-07-11T11:43:43.000Z</time></trkpt><trkpt lat="42.566929" lon="44.561248"><ele>2827.103136</ele><time>2026-07-11T11:43:44.000Z</time></trkpt><trkpt lat="42.566924" lon="44.561266"><ele>2827.142031</ele><time>2026-07-11T11:43:47.000Z</time></trkpt><trkpt lat="42.566913" lon="44.561284"><ele>2827.189319</ele><time>2026-07-11T11:43:50.000Z</time></trkpt><trkpt lat="42.566908" lon="44.56129"><ele>2827.207638</ele><time>2026-07-11T11:43:51.000Z</time></trkpt><trkpt lat="42.566881" lon="44.561333"><ele>2827.321881</ele><time>2026-07-11T11:43:58.000Z</time></trkpt><trkpt lat="42.566874" lon="44.56135"><ele>2827.361258</ele><time>2026-07-11T11:44:01.000Z</time></trkpt><trkpt lat="42.566875" lon="44.561359"><ele>2827.37966</ele><time>2026-07-11T11:44:06.000Z</time></trkpt><trkpt lat="42.566875" lon="44.561351"><ele>2827.395835</ele><time>2026-07-11T11:44:16.000Z</time></trkpt><trkpt lat="42.566869" lon="44.561366"><ele>2827.430345</ele><time>2026-07-11T11:44:28.000Z</time></trkpt><trkpt lat="42.566883" lon="44.561358"><ele>2827.472043</ele><time>2026-07-11T11:44:34.000Z</time></trkpt><trkpt lat="42.566864" lon="44.56138"><ele>2827.540591</ele><time>2026-07-11T11:44:38.000Z</time></trkpt><trkpt lat="42.566836" lon="44.561417"><ele>2827.647848</ele><time>2026-07-11T11:44:42.000Z</time></trkpt><trkpt lat="42.566822" lon="44.56144"><ele>2827.708175</ele><time>2026-07-11T11:44:45.000Z</time></trkpt><trkpt lat="42.566815" lon="44.561455"><ele>2827.744077</ele><time>2026-07-11T11:44:48.000Z</time></trkpt><trkpt lat="42.566803" lon="44.561478"><ele>2827.801064</ele><time>2026-07-11T11:44:51.000Z</time></trkpt><trkpt lat="42.566798" lon="44.56152"><ele>2827.887081</ele><time>2026-07-11T11:44:55.000Z</time></trkpt><trkpt lat="42.566794" lon="44.561547"><ele>2827.942762</ele><time>2026-07-11T11:44:59.000Z</time></trkpt><trkpt lat="42.566791" lon="44.561559"><ele>2827.968383</ele><time>2026-07-11T11:45:01.000Z</time></trkpt><trkpt lat="42.566789" lon="44.561577"><ele>2828.005187</ele><time>2026-07-11T11:45:05.000Z</time></trkpt><trkpt lat="42.566788" lon="44.561577"><ele>2828.007932</ele><time>2026-07-11T11:45:06.000Z</time></trkpt><trkpt lat="42.566788" lon="44.561577"><ele>2828.007932</ele><time>2026-07-11T11:45:15.000Z</time></trkpt><trkpt lat="42.566783" lon="44.561577"><ele>2828.021658</ele><time>2026-07-11T11:45:16.000Z</time></trkpt><trkpt lat="42.566771" lon="44.561593"><ele>2828.067827</ele><time>2026-07-11T11:45:25.000Z</time></trkpt><trkpt lat="42.566771" lon="44.561591"><ele>2828.071871</ele><time>2026-07-11T11:45:27.000Z</time></trkpt><trkpt lat="42.56678" lon="44.561571"><ele>2828.119257</ele><time>2026-07-11T11:45:39.000Z</time></trkpt><trkpt lat="42.566727" lon="44.561595"><ele>2828.272629</ele><time>2026-07-11T11:45:45.000Z</time></trkpt><trkpt lat="42.566676" lon="44.561651"><ele>2828.452683</ele><time>2026-07-11T11:45:53.000Z</time></trkpt><trkpt lat="42.566637" lon="44.561698"><ele>2828.595832</ele><time>2026-07-11T11:46:01.000Z</time></trkpt><trkpt lat="42.566637" lon="44.561698"><ele>2828.595832</ele><time>2026-07-11T11:46:03.000Z</time></trkpt><trkpt lat="42.566637" lon="44.561698"><ele>2828.595832</ele><time>2026-07-11T11:46:09.000Z</time></trkpt><trkpt lat="42.566629" lon="44.561705"><ele>2828.621959</ele><time>2026-07-11T11:46:14.000Z</time></trkpt><trkpt lat="42.566613" lon="44.561722"><ele>2828.677731</ele><time>2026-07-11T11:46:17.000Z</time></trkpt><trkpt lat="42.56661" lon="44.561728"><ele>2828.692393</ele><time>2026-07-11T11:46:18.000Z</time></trkpt><trkpt lat="42.566601" lon="44.561737"><ele>2828.723077</ele><time>2026-07-11T11:46:21.000Z</time></trkpt><trkpt lat="42.5666" lon="44.56174"><ele>2828.729734</ele><time>2026-07-11T11:46:24.000Z</time></trkpt><trkpt lat="42.5666" lon="44.56174"><ele>2828.729734</ele><time>2026-07-11T11:46:34.000Z</time></trkpt><trkpt lat="42.5666" lon="44.56174"><ele>2828.729734</ele><time>2026-07-11T11:46:36.000Z</time></trkpt><trkpt lat="42.5666" lon="44.56174"><ele>2828.729734</ele><time>2026-07-11T11:46:42.000Z</time></trkpt><trkpt lat="42.566596" lon="44.561743"><ele>2828.742279</ele><time>2026-07-11T11:46:48.000Z</time></trkpt><trkpt lat="42.566595" lon="44.561744"><ele>2828.745688</ele><time>2026-07-11T11:46:49.000Z</time></trkpt><trkpt lat="42.5666" lon="44.56174"><ele>2828.761619</ele><time>2026-07-11T11:46:59.000Z</time></trkpt><trkpt lat="42.5666" lon="44.56174"><ele>2828.761619</ele><time>2026-07-11T11:47:02.000Z</time></trkpt><trkpt lat="42.5666" lon="44.56174"><ele>2828.761619</ele><time>2026-07-11T11:47:24.000Z</time></trkpt><trkpt lat="42.5666" lon="44.56174"><ele>2828.761619</ele><time>2026-07-11T11:47:39.000Z</time></trkpt><trkpt lat="42.5666" lon="44.56174"><ele>2828.761619</ele><time>2026-07-11T11:47:45.000Z</time></trkpt><trkpt lat="42.566596" lon="44.561739"><ele>2828.772784</ele><time>2026-07-11T11:47:50.000Z</time></trkpt><trkpt lat="42.5666" lon="44.56174"><ele>2828.78395</ele><time>2026-07-11T11:48:04.000Z</time></trkpt><trkpt lat="42.5666" lon="44.56174"><ele>2828.78395</ele><time>2026-07-11T11:48:17.000Z</time></trkpt><trkpt lat="42.566592" lon="44.561731"><ele>2828.81247</ele><time>2026-07-11T11:48:25.000Z</time></trkpt><trkpt lat="42.566598" lon="44.561736"><ele>2828.831795</ele><time>2026-07-11T11:48:33.000Z</time></trkpt><trkpt lat="42.566597" lon="44.561735"><ele>2828.835205</ele><time>2026-07-11T11:48:35.000Z</time></trkpt><trkpt lat="42.5666" lon="44.56174"><ele>2828.848244</ele><time>2026-07-11T11:48:42.000Z</time></trkpt><trkpt lat="42.5666" lon="44.56174"><ele>2828.848244</ele><time>2026-07-11T11:48:46.000Z</time></trkpt><trkpt lat="42.5666" lon="44.56174"><ele>2828.848244</ele><time>2026-07-11T11:48:48.000Z</time></trkpt><trkpt lat="42.566589" lon="44.561746"><ele>2828.880786</ele><time>2026-07-11T11:48:54.000Z</time></trkpt><trkpt lat="42.5666" lon="44.56174"><ele>2828.913328</ele><time>2026-07-11T11:49:05.000Z</time></trkpt><trkpt lat="42.5666" lon="44.56174"><ele>2828.913328</ele><time>2026-07-11T11:49:13.000Z</time></trkpt><trkpt lat="42.5666" lon="44.561745"><ele>2828.923437</ele><time>2026-07-11T11:49:22.000Z</time></trkpt><trkpt lat="42.566597" lon="44.561747"><ele>2828.932612</ele><time>2026-07-11T11:49:24.000Z</time></trkpt><trkpt lat="42.566588" lon="44.561772"><ele>2828.988872</ele><time>2026-07-11T11:49:33.000Z</time></trkpt><trkpt lat="42.566558" lon="44.561795"><ele>2829.083448</ele><time>2026-07-11T11:49:41.000Z</time></trkpt><trkpt lat="42.566523" lon="44.561833"><ele>2829.206468</ele><time>2026-07-11T11:49:48.000Z</time></trkpt><trkpt lat="42.566524" lon="44.561838"><ele>2829.216943</ele><time>2026-07-11T11:49:49.000Z</time></trkpt><trkpt lat="42.566532" lon="44.561834"><ele>2829.240346</ele><time>2026-07-11T11:49:58.000Z</time></trkpt><trkpt lat="42.566528" lon="44.561835"><ele>2829.251511</ele><time>2026-07-11T11:50:00.000Z</time></trkpt><trkpt lat="42.566499" lon="44.561876"><ele>2829.366442</ele><time>2026-07-11T11:50:06.000Z</time></trkpt><trkpt lat="42.56649" lon="44.561896"><ele>2829.413828</ele><time>2026-07-11T11:50:08.000Z</time></trkpt><trkpt lat="42.566494" lon="44.561941"><ele>2829.505469</ele><time>2026-07-11T11:50:14.000Z</time></trkpt><trkpt lat="42.566499" lon="44.561932"><ele>2829.528261</ele><time>2026-07-11T11:50:20.000Z</time></trkpt><trkpt lat="42.566503" lon="44.561934"><ele>2829.539963</ele><time>2026-07-11T11:50:23.000Z</time></trkpt><trkpt lat="42.566508" lon="44.561959"><ele>2829.592338</ele><time>2026-07-11T11:50:33.000Z</time></trkpt><trkpt lat="42.566524" lon="44.561975"><ele>2829.646888</ele><time>2026-07-11T11:50:37.000Z</time></trkpt><trkpt lat="42.566531" lon="44.561982"><ele>2829.670753</ele><time>2026-07-11T11:50:40.000Z</time></trkpt><trkpt lat="42.566541" lon="44.561992"><ele>2829.704846</ele><time>2026-07-11T11:50:43.000Z</time></trkpt><trkpt lat="42.566547" lon="44.562001"><ele>2829.72939</ele><time>2026-07-11T11:50:48.000Z</time></trkpt><trkpt lat="42.566556" lon="44.562006"><ele>2829.756084</ele><time>2026-07-11T11:50:53.000Z</time></trkpt><trkpt lat="42.56655" lon="44.562003"><ele>2829.773637</ele><time>2026-07-11T11:50:55.000Z</time></trkpt><trkpt lat="42.566551" lon="44.562004"><ele>2829.777046</ele><time>2026-07-11T11:51:03.000Z</time></trkpt><trkpt lat="42.566551" lon="44.562004"><ele>2829.777046</ele><time>2026-07-11T11:51:14.000Z</time></trkpt><trkpt lat="42.566551" lon="44.562004"><ele>2829.777046</ele><time>2026-07-11T11:51:16.000Z</time></trkpt><trkpt lat="42.566551" lon="44.562004"><ele>2829.777046</ele><time>2026-07-11T11:51:27.000Z</time></trkpt><trkpt lat="42.566543" lon="44.562032"><ele>2829.837767</ele><time>2026-07-11T11:51:40.000Z</time></trkpt><trkpt lat="42.566543" lon="44.562028"><ele>2829.845854</ele><time>2026-07-11T11:51:43.000Z</time></trkpt><trkpt lat="42.566545" lon="44.56203"><ele>2829.852672</ele><time>2026-07-11T11:51:47.000Z</time></trkpt><trkpt lat="42.566548" lon="44.562035"><ele>2829.865711</ele><time>2026-07-11T11:51:54.000Z</time></trkpt><trkpt lat="42.566551" lon="44.562004"><ele>2829.928926</ele><time>2026-07-11T11:52:07.000Z</time></trkpt><trkpt lat="42.566551" lon="44.562004"><ele>2829.928926</ele><time>2026-07-11T11:52:15.000Z</time></trkpt><trkpt lat="42.566562" lon="44.562022"><ele>2829.976214</ele><time>2026-07-11T11:52:25.000Z</time></trkpt><trkpt lat="42.566557" lon="44.562042"><ele>2830.018916</ele><time>2026-07-11T11:52:28.000Z</time></trkpt><trkpt lat="42.566554" lon="44.562043"><ele>2830.027396</ele><time>2026-07-11T11:52:29.000Z</time></trkpt><trkpt lat="42.566553" lon="44.562044"><ele>2830.030806</ele><time>2026-07-11T11:52:30.000Z</time></trkpt><trkpt lat="42.566554" lon="44.562044"><ele>2830.033551</ele><time>2026-07-11T11:52:31.000Z</time></trkpt><trkpt lat="42.566554" lon="44.562044"><ele>2830.033551</ele><time>2026-07-11T11:52:39.000Z</time></trkpt><trkpt lat="42.56657" lon="44.562062"><ele>2830.090591</ele><time>2026-07-11T11:52:48.000Z</time></trkpt><trkpt lat="42.566576" lon="44.562069"><ele>2830.112307</ele><time>2026-07-11T11:52:49.000Z</time></trkpt><trkpt lat="42.566597" lon="44.562092"><ele>2830.186372</ele><time>2026-07-11T11:52:55.000Z</time></trkpt><trkpt lat="42.566599" lon="44.562098"><ele>2830.199688</ele><time>2026-07-11T11:52:56.000Z</time></trkpt><trkpt lat="42.566618" lon="44.562112"><ele>2830.259031</ele><time>2026-07-11T11:52:59.000Z</time></trkpt><trkpt lat="42.566631" lon="44.562127"><ele>2830.305864</ele><time>2026-07-11T11:53:02.000Z</time></trkpt><trkpt lat="42.566636" lon="44.562134"><ele>2830.325579</ele><time>2026-07-11T11:53:03.000Z</time></trkpt><trkpt lat="42.566644" lon="44.562154"><ele>2830.371593</ele><time>2026-07-11T11:53:07.000Z</time></trkpt><trkpt lat="42.566646" lon="44.562163"><ele>2830.3906</ele><time>2026-07-11T11:53:08.000Z</time></trkpt><trkpt lat="42.566641" lon="44.562176"><ele>2830.371526</ele><time>2026-07-11T11:53:15.000Z</time></trkpt><trkpt lat="42.566648" lon="44.562186"><ele>2830.32865</ele><time>2026-07-11T11:53:24.000Z</time></trkpt><trkpt lat="42.566651" lon="44.562197"><ele>2830.292195</ele><time>2026-07-11T11:53:26.000Z</time></trkpt><trkpt lat="42.566657" lon="44.562212"><ele>2830.239147</ele><time>2026-07-11T11:53:29.000Z</time></trkpt><trkpt lat="42.566666" lon="44.562231"><ele>2830.16894</ele><time>2026-07-11T11:53:32.000Z</time></trkpt><trkpt lat="42.566677" lon="44.562248"><ele>2830.098614</ele><time>2026-07-11T11:53:35.000Z</time></trkpt><trkpt lat="42.566699" lon="44.562277"><ele>2829.969227</ele><time>2026-07-11T11:53:40.000Z</time></trkpt><trkpt lat="42.566705" lon="44.562284"><ele>2829.935846</ele><time>2026-07-11T11:53:41.000Z</time></trkpt><trkpt lat="42.566715" lon="44.562297"><ele>2829.877426</ele><time>2026-07-11T11:53:43.000Z</time></trkpt><trkpt lat="42.566724" lon="44.562306"><ele>2829.83026</ele><time>2026-07-11T11:53:49.000Z</time></trkpt><trkpt lat="42.566729" lon="44.562308"><ele>2829.808265</ele><time>2026-07-11T11:54:02.000Z</time></trkpt><trkpt lat="42.566742" lon="44.562335"><ele>2829.708015</ele><time>2026-07-11T11:54:07.000Z</time></trkpt><trkpt lat="42.566751" lon="44.562341"><ele>2829.665706</ele><time>2026-07-11T11:54:09.000Z</time></trkpt><trkpt lat="42.566754" lon="44.562342"><ele>2829.652671</ele><time>2026-07-11T11:54:11.000Z</time></trkpt><trkpt lat="42.566774" lon="44.562358"><ele>2829.554717</ele><time>2026-07-11T11:54:16.000Z</time></trkpt><trkpt lat="42.566777" lon="44.562364"><ele>2829.532179</ele><time>2026-07-11T11:54:17.000Z</time></trkpt><trkpt lat="42.566783" lon="44.562372"><ele>2829.496695</ele><time>2026-07-11T11:54:19.000Z</time></trkpt><trkpt lat="42.566786" lon="44.562367"><ele>2829.476652</ele><time>2026-07-11T11:54:24.000Z</time></trkpt><trkpt lat="42.5668" lon="44.562402"><ele>2829.352872</ele><time>2026-07-11T11:54:30.000Z</time></trkpt><trkpt lat="42.566803" lon="44.56241"><ele>2829.324972</ele><time>2026-07-11T11:54:31.000Z</time></trkpt><trkpt lat="42.566815" lon="44.562415"><ele>2829.272005</ele><time>2026-07-11T11:54:33.000Z</time></trkpt><trkpt lat="42.566834" lon="44.562432"><ele>2829.175988</ele><time>2026-07-11T11:54:36.000Z</time></trkpt><trkpt lat="42.56684" lon="44.562433"><ele>2829.150479</ele><time>2026-07-11T11:54:37.000Z</time></trkpt><trkpt lat="42.566859" lon="44.562451"><ele>2829.052718</ele><time>2026-07-11T11:54:41.000Z</time></trkpt><trkpt lat="42.566885" lon="44.562469"><ele>2828.929566</ele><time>2026-07-11T11:54:45.000Z</time></trkpt><trkpt lat="42.566892" lon="44.562471"><ele>2828.899381</ele><time>2026-07-11T11:54:46.000Z</time></trkpt><trkpt lat="42.566923" lon="44.562495"><ele>2828.7488</ele><time>2026-07-11T11:54:51.000Z</time></trkpt><trkpt lat="42.566933" lon="44.562507"><ele>2828.692484</ele><time>2026-07-11T11:54:54.000Z</time></trkpt><trkpt lat="42.566952" lon="44.562528"><ele>2828.589105</ele><time>2026-07-11T11:54:58.000Z</time></trkpt><trkpt lat="42.566986" lon="44.562561"><ele>2828.412748</ele><time>2026-07-11T11:55:04.000Z</time></trkpt><trkpt lat="42.566999" lon="44.562571"><ele>2828.3497</ele><time>2026-07-11T11:55:07.000Z</time></trkpt><trkpt lat="42.567016" lon="44.56259"><ele>2828.256788</ele><time>2026-07-11T11:55:10.000Z</time></trkpt><trkpt lat="42.567018" lon="44.562595"><ele>2828.239105</ele><time>2026-07-11T11:55:13.000Z</time></trkpt><trkpt lat="42.567022" lon="44.562605"><ele>2828.203739</ele><time>2026-07-11T11:55:16.000Z</time></trkpt><trkpt lat="42.567052" lon="44.56261"><ele>2828.076197</ele><time>2026-07-11T11:55:22.000Z</time></trkpt><trkpt lat="42.567054" lon="44.562612"><ele>2828.065716</ele><time>2026-07-11T11:55:24.000Z</time></trkpt><trkpt lat="42.567056" lon="44.56262"><ele>2828.03946</ele><time>2026-07-11T11:55:33.000Z</time></trkpt><trkpt lat="42.567069" lon="44.562683"><ele>2827.836131</ele><time>2026-07-11T11:55:39.000Z</time></trkpt><trkpt lat="42.567063" lon="44.562707"><ele>2827.757364</ele><time>2026-07-11T11:55:41.000Z</time></trkpt><trkpt lat="42.567055" lon="44.56275"><ele>2827.619532</ele><time>2026-07-11T11:55:44.000Z</time></trkpt><trkpt lat="42.567055" lon="44.562766"><ele>2827.569808</ele><time>2026-07-11T11:55:45.000Z</time></trkpt><trkpt lat="42.567055" lon="44.562781"><ele>2827.523191</ele><time>2026-07-11T11:55:46.000Z</time></trkpt><trkpt lat="42.567056" lon="44.562795"><ele>2827.479478</ele><time>2026-07-11T11:55:47.000Z</time></trkpt><trkpt lat="42.567059" lon="44.562827"><ele>2827.379227</ele><time>2026-07-11T11:55:51.000Z</time></trkpt><trkpt lat="42.567059" lon="44.562828"><ele>2827.376119</ele><time>2026-07-11T11:55:53.000Z</time></trkpt><trkpt lat="42.567058" lon="44.56282"><ele>2827.350901</ele><time>2026-07-11T11:56:05.000Z</time></trkpt><trkpt lat="42.567059" lon="44.562818"><ele>2827.343389</ele><time>2026-07-11T11:56:06.000Z</time></trkpt><trkpt lat="42.567061" lon="44.562812"><ele>2827.322921</ele><time>2026-07-11T11:56:12.000Z</time></trkpt><trkpt lat="42.567061" lon="44.562812"><ele>2827.322921</ele><time>2026-07-11T11:56:14.000Z</time></trkpt><trkpt lat="42.567063" lon="44.562821"><ele>2827.293706</ele><time>2026-07-11T11:56:24.000Z</time></trkpt><trkpt lat="42.567069" lon="44.562897"><ele>2827.056162</ele><time>2026-07-11T11:56:31.000Z</time></trkpt><trkpt lat="42.567068" lon="44.562954"><ele>2826.878968</ele><time>2026-07-11T11:56:37.000Z</time></trkpt><trkpt lat="42.567064" lon="44.562976"><ele>2826.808545</ele><time>2026-07-11T11:56:40.000Z</time></trkpt><trkpt lat="42.567067" lon="44.563017"><ele>2826.680498</ele><time>2026-07-11T11:56:44.000Z</time></trkpt><trkpt lat="42.567079" lon="44.563041"><ele>2826.590347</ele><time>2026-07-11T11:56:47.000Z</time></trkpt><trkpt lat="42.567082" lon="44.563066"><ele>2826.511628</ele><time>2026-07-11T11:56:51.000Z</time></trkpt><trkpt lat="42.567078" lon="44.563077"><ele>2826.473503</ele><time>2026-07-11T11:56:54.000Z</time></trkpt><trkpt lat="42.567078" lon="44.563077"><ele>2826.473503</ele><time>2026-07-11T11:56:56.000Z</time></trkpt><trkpt lat="42.567078" lon="44.563077"><ele>2826.473503</ele><time>2026-07-11T11:57:08.000Z</time></trkpt><trkpt lat="42.567078" lon="44.563077"><ele>2826.473503</ele><time>2026-07-11T11:57:14.000Z</time></trkpt><trkpt lat="42.567078" lon="44.563077"><ele>2826.473503</ele><time>2026-07-11T11:57:15.000Z</time></trkpt><trkpt lat="42.567079" lon="44.563099"><ele>2826.405002</ele><time>2026-07-11T11:57:19.000Z</time></trkpt><trkpt lat="42.567039" lon="44.563189"><ele>2826.078319</ele><time>2026-07-11T11:57:27.000Z</time></trkpt><trkpt lat="42.567033" lon="44.563227"><ele>2825.95754</ele><time>2026-07-11T11:57:31.000Z</time></trkpt><trkpt lat="42.567033" lon="44.563247"><ele>2825.895384</ele><time>2026-07-11T11:57:34.000Z</time></trkpt><trkpt lat="42.567032" lon="44.563244"><ele>2825.88515</ele><time>2026-07-11T11:57:35.000Z</time></trkpt><trkpt lat="42.567034" lon="44.563246"><ele>2825.874669</ele><time>2026-07-11T11:57:39.000Z</time></trkpt><trkpt lat="42.567035" lon="44.563246"><ele>2825.870449</ele><time>2026-07-11T11:57:41.000Z</time></trkpt><trkpt lat="42.567034" lon="44.563238"><ele>2825.845232</ele><time>2026-07-11T11:57:45.000Z</time></trkpt><trkpt lat="42.567027" lon="44.563241"><ele>2825.814257</ele><time>2026-07-11T11:57:48.000Z</time></trkpt><trkpt lat="42.567019" lon="44.563242"><ele>2825.780356</ele><time>2026-07-11T11:57:53.000Z</time></trkpt><trkpt lat="42.567024" lon="44.563261"><ele>2825.717652</ele><time>2026-07-11T11:57:58.000Z</time></trkpt><trkpt lat="42.567023" lon="44.563267"><ele>2825.698534</ele><time>2026-07-11T11:58:00.000Z</time></trkpt><trkpt lat="42.567011" lon="44.563304"><ele>2825.572891</ele><time>2026-07-11T11:58:06.000Z</time></trkpt><trkpt lat="42.567006" lon="44.563323"><ele>2825.510187</ele><time>2026-07-11T11:58:09.000Z</time></trkpt><trkpt lat="42.567004" lon="44.563327"><ele>2825.495162</ele><time>2026-07-11T11:58:10.000Z</time></trkpt><trkpt lat="42.56699" lon="44.563359"><ele>2825.379489</ele><time>2026-07-11T11:58:16.000Z</time></trkpt><trkpt lat="42.566978" lon="44.563394"><ele>2825.259508</ele><time>2026-07-11T11:58:21.000Z</time></trkpt><trkpt lat="42.566976" lon="44.563404"><ele>2825.227305</ele><time>2026-07-11T11:58:23.000Z</time></trkpt><trkpt lat="42.566975" lon="44.563414"><ele>2825.195942</ele><time>2026-07-11T11:58:24.000Z</time></trkpt><trkpt lat="42.566977" lon="44.563468"><ele>2825.02791</ele><time>2026-07-11T11:58:30.000Z</time></trkpt><trkpt lat="42.566979" lon="44.563513"><ele>2824.887805</ele><time>2026-07-11T11:58:36.000Z</time></trkpt><trkpt lat="42.566971" lon="44.563552"><ele>2824.761989</ele><time>2026-07-11T11:58:40.000Z</time></trkpt><trkpt lat="42.566971" lon="44.563573"><ele>2824.696725</ele><time>2026-07-11T11:58:42.000Z</time></trkpt><trkpt lat="42.566974" lon="44.563631"><ele>2824.51603</ele><time>2026-07-11T11:58:49.000Z</time></trkpt><trkpt lat="42.566976" lon="44.563633"><ele>2824.505549</ele><time>2026-07-11T11:58:56.000Z</time></trkpt><trkpt lat="42.566974" lon="44.563635"><ele>2824.495067</ele><time>2026-07-11T11:58:57.000Z</time></trkpt><trkpt lat="42.56697" lon="44.563632"><ele>2824.475785</ele><time>2026-07-11T11:58:58.000Z</time></trkpt><trkpt lat="42.566966" lon="44.563629"><ele>2824.456502</ele><time>2026-07-11T11:58:59.000Z</time></trkpt><trkpt lat="42.566976" lon="44.563634"><ele>2824.411535</ele><time>2026-07-11T11:59:05.000Z</time></trkpt><trkpt lat="42.566976" lon="44.563634"><ele>2824.411535</ele><time>2026-07-11T11:59:07.000Z</time></trkpt><trkpt lat="42.566973" lon="44.563637"><ele>2824.395813</ele><time>2026-07-11T11:59:11.000Z</time></trkpt><trkpt lat="42.566968" lon="44.563636"><ele>2824.374486</ele><time>2026-07-11T11:59:13.000Z</time></trkpt><trkpt lat="42.566976" lon="44.563634"><ele>2824.340161</ele><time>2026-07-11T11:59:22.000Z</time></trkpt><trkpt lat="42.566971" lon="44.563629"><ele>2824.313958</ele><time>2026-07-11T11:59:31.000Z</time></trkpt><trkpt lat="42.566969" lon="44.563627"><ele>2824.303476</ele><time>2026-07-11T11:59:32.000Z</time></trkpt><trkpt lat="42.566968" lon="44.563627"><ele>2824.299257</ele><time>2026-07-11T11:59:33.000Z</time></trkpt><trkpt lat="42.566971" lon="44.563634"><ele>2824.274087</ele><time>2026-07-11T11:59:35.000Z</time></trkpt><trkpt lat="42.566976" lon="44.563634"><ele>2824.252988</ele><time>2026-07-11T11:59:40.000Z</time></trkpt><trkpt lat="42.566976" lon="44.563634"><ele>2824.252988</ele><time>2026-07-11T11:59:46.000Z</time></trkpt><trkpt lat="42.566975" lon="44.563679"><ele>2824.113075</ele><time>2026-07-11T11:59:55.000Z</time></trkpt><trkpt lat="42.566977" lon="44.563721"><ele>2823.982275</ele><time>2026-07-11T11:59:59.000Z</time></trkpt><trkpt lat="42.566981" lon="44.56373"><ele>2823.949607</ele><time>2026-07-11T12:00:01.000Z</time></trkpt><trkpt lat="42.566993" lon="44.56375"><ele>2823.869436</ele><time>2026-07-11T12:00:07.000Z</time></trkpt><trkpt lat="42.567002" lon="44.563774"><ele>2823.785737</ele><time>2026-07-11T12:00:09.000Z</time></trkpt><trkpt lat="42.567016" lon="44.563803"><ele>2823.677975</ele><time>2026-07-11T12:00:12.000Z</time></trkpt><trkpt lat="42.567051" lon="44.563864"><ele>2823.437661</ele><time>2026-07-11T12:00:19.000Z</time></trkpt><trkpt lat="42.567067" lon="44.563894"><ele>2823.322549</ele><time>2026-07-11T12:00:22.000Z</time></trkpt><trkpt lat="42.56709" lon="44.563938"><ele>2823.154865</ele><time>2026-07-11T12:00:27.000Z</time></trkpt><trkpt lat="42.567125" lon="44.563976"><ele>2822.965765</ele><time>2026-07-11T12:00:33.000Z</time></trkpt><trkpt lat="42.567177" lon="44.564037"><ele>2822.47346</ele><time>2026-07-11T12:00:41.000Z</time></trkpt><trkpt lat="42.567189" lon="44.564068"><ele>2822.202062</ele><time>2026-07-11T12:00:44.000Z</time></trkpt><trkpt lat="42.567197" lon="44.564097"><ele>2821.962078</ele><time>2026-07-11T12:00:47.000Z</time></trkpt><trkpt lat="42.567207" lon="44.564108"><ele>2821.826658</ele><time>2026-07-11T12:00:49.000Z</time></trkpt><trkpt lat="42.567224" lon="44.564162"><ele>2821.371554</ele><time>2026-07-11T12:00:56.000Z</time></trkpt><trkpt lat="42.567235" lon="44.564201"><ele>2821.047917</ele><time>2026-07-11T12:01:00.000Z</time></trkpt><trkpt lat="42.567236" lon="44.564223"><ele>2820.877103</ele><time>2026-07-11T12:01:02.000Z</time></trkpt><trkpt lat="42.567239" lon="44.564237"><ele>2820.764111</ele><time>2026-07-11T12:01:08.000Z</time></trkpt><trkpt lat="42.567237" lon="44.564235"><ele>2820.737975</ele><time>2026-07-11T12:01:23.000Z</time></trkpt><trkpt lat="42.56724" lon="44.56428"><ele>2820.38782</ele><time>2026-07-11T12:01:29.000Z</time></trkpt><trkpt lat="42.567239" lon="44.564291"><ele>2820.301929</ele><time>2026-07-11T12:01:30.000Z</time></trkpt><trkpt lat="42.567238" lon="44.564303"><ele>2820.208341</ele><time>2026-07-11T12:01:31.000Z</time></trkpt><trkpt lat="42.567247" lon="44.564375"><ele>2819.642395</ele><time>2026-07-11T12:01:36.000Z</time></trkpt><trkpt lat="42.567259" lon="44.564406"><ele>2819.370998</ele><time>2026-07-11T12:01:39.000Z</time></trkpt><trkpt lat="42.567266" lon="44.564431"><ele>2819.163731</ele><time>2026-07-11T12:01:41.000Z</time></trkpt><trkpt lat="42.567293" lon="44.564506"><ele>2818.516796</ele><time>2026-07-11T12:01:47.000Z</time></trkpt><trkpt lat="42.567327" lon="44.56457"><ele>2817.905259</ele><time>2026-07-11T12:01:54.000Z</time></trkpt><trkpt lat="42.567345" lon="44.564633"><ele>2817.381588</ele><time>2026-07-11T12:02:01.000Z</time></trkpt><trkpt lat="42.567336" lon="44.564631"><ele>2817.285628</ele><time>2026-07-11T12:02:11.000Z</time></trkpt><trkpt lat="42.567339" lon="44.564633"><ele>2817.250461</ele><time>2026-07-11T12:02:13.000Z</time></trkpt><trkpt lat="42.567355" lon="44.564659"><ele>2816.987894</ele><time>2026-07-11T12:02:21.000Z</time></trkpt><trkpt lat="42.567388" lon="44.564789"><ele>2815.922295</ele><time>2026-07-11T12:02:32.000Z</time></trkpt><trkpt lat="42.567434" lon="44.564866"><ele>2815.153954</ele><time>2026-07-11T12:02:40.000Z</time></trkpt><trkpt lat="42.567452" lon="44.564883"><ele>2814.92324</ele><time>2026-07-11T12:02:44.000Z</time></trkpt><trkpt lat="42.567455" lon="44.56488"><ele>2814.884036</ele><time>2026-07-11T12:02:47.000Z</time></trkpt><trkpt lat="42.567452" lon="44.564882"><ele>2814.84887</ele><time>2026-07-11T12:02:52.000Z</time></trkpt><trkpt lat="42.567452" lon="44.564882"><ele>2814.84887</ele><time>2026-07-11T12:02:57.000Z</time></trkpt><trkpt lat="42.567452" lon="44.564882"><ele>2814.84887</ele><time>2026-07-11T12:03:02.000Z</time></trkpt><trkpt lat="42.567452" lon="44.564882"><ele>2814.84887</ele><time>2026-07-11T12:03:09.000Z</time></trkpt><trkpt lat="42.567452" lon="44.564882"><ele>2814.84887</ele><time>2026-07-11T12:03:20.000Z</time></trkpt><trkpt lat="42.567441" lon="44.564886"><ele>2814.729045</ele><time>2026-07-11T12:03:51.000Z</time></trkpt><trkpt lat="42.567439" lon="44.564884"><ele>2814.702909</ele><time>2026-07-11T12:04:06.000Z</time></trkpt><trkpt lat="42.567438" lon="44.564887"><ele>2814.67739</ele><time>2026-07-11T12:04:09.000Z</time></trkpt><trkpt lat="42.567447" lon="44.564878"><ele>2814.559778</ele><time>2026-07-11T12:04:13.000Z</time></trkpt><trkpt lat="42.567445" lon="44.564878"><ele>2814.538733</ele><time>2026-07-11T12:04:16.000Z</time></trkpt><trkpt lat="42.567457" lon="44.564874"><ele>2814.408716</ele><time>2026-07-11T12:04:29.000Z</time></trkpt><trkpt lat="42.567455" lon="44.564898"><ele>2814.221541</ele><time>2026-07-11T12:04:36.000Z</time></trkpt><trkpt lat="42.567455" lon="44.564899"><ele>2814.213791</ele><time>2026-07-11T12:04:38.000Z</time></trkpt><trkpt lat="42.567447" lon="44.564898"><ele>2814.129257</ele><time>2026-07-11T12:04:44.000Z</time></trkpt><trkpt lat="42.567435" lon="44.564946"><ele>2813.736434</ele><time>2026-07-11T12:04:53.000Z</time></trkpt><trkpt lat="42.567446" lon="44.564966"><ele>2813.542994</ele><time>2026-07-11T12:05:00.000Z</time></trkpt><trkpt lat="42.567446" lon="44.564966"><ele>2813.542994</ele><time>2026-07-11T12:05:05.000Z</time></trkpt><trkpt lat="42.567431" lon="44.564959"><ele>2813.376097</ele><time>2026-07-11T12:05:21.000Z</time></trkpt><trkpt lat="42.567432" lon="44.564947"><ele>2813.28251</ele><time>2026-07-11T12:05:22.000Z</time></trkpt><trkpt lat="42.567431" lon="44.564932"><ele>2813.165792</ele><time>2026-07-11T12:05:23.000Z</time></trkpt><trkpt lat="42.567439" lon="44.564898"><ele>2812.889189</ele><time>2026-07-11T12:05:27.000Z</time></trkpt><trkpt lat="42.567445" lon="44.564891"><ele>2812.805951</ele><time>2026-07-11T12:05:29.000Z</time></trkpt><trkpt lat="42.567444" lon="44.564892"><ele>2812.792883</ele><time>2026-07-11T12:05:35.000Z</time></trkpt><trkpt lat="42.567442" lon="44.564888"><ele>2812.755416</ele><time>2026-07-11T12:05:37.000Z</time></trkpt><trkpt lat="42.567438" lon="44.564902"><ele>2812.639045</ele><time>2026-07-11T12:05:47.000Z</time></trkpt><trkpt lat="42.567436" lon="44.564908"><ele>2812.588007</ele><time>2026-07-11T12:05:51.000Z</time></trkpt><trkpt lat="42.567436" lon="44.564908"><ele>2812.588007</ele><time>2026-07-11T12:05:52.000Z</time></trkpt><trkpt lat="42.567436" lon="44.564908"><ele>2812.588007</ele><time>2026-07-11T12:05:58.000Z</time></trkpt><trkpt lat="42.567436" lon="44.564908"><ele>2812.588007</ele><time>2026-07-11T12:06:10.000Z</time></trkpt><trkpt lat="42.567459" lon="44.564879"><ele>2812.257739</ele><time>2026-07-11T12:06:12.000Z</time></trkpt><trkpt lat="42.567454" lon="44.564882"><ele>2812.20022</ele><time>2026-07-11T12:06:18.000Z</time></trkpt><trkpt lat="42.567454" lon="44.564882"><ele>2812.20022</ele><time>2026-07-11T12:06:19.000Z</time></trkpt><trkpt lat="42.567454" lon="44.564882"><ele>2812.20022</ele><time>2026-07-11T12:06:24.000Z</time></trkpt><trkpt lat="42.567453" lon="44.564883"><ele>2812.187152</ele><time>2026-07-11T12:06:27.000Z</time></trkpt><trkpt lat="42.567435" lon="44.564916"><ele>2811.868918</ele><time>2026-07-11T12:06:29.000Z</time></trkpt><trkpt lat="42.567428" lon="44.564935"><ele>2811.704282</ele><time>2026-07-11T12:06:31.000Z</time></trkpt><trkpt lat="42.567415" lon="44.564943"><ele>2811.554099</ele><time>2026-07-11T12:06:33.000Z</time></trkpt><trkpt lat="42.567411" lon="44.564949"><ele>2811.491381</ele><time>2026-07-11T12:06:34.000Z</time></trkpt><trkpt lat="42.567404" lon="44.564962"><ele>2811.366583</ele><time>2026-07-11T12:06:35.000Z</time></trkpt><trkpt lat="42.56738" lon="44.564973"><ele>2811.100048</ele><time>2026-07-11T12:06:37.000Z</time></trkpt><trkpt lat="42.567368" lon="44.564971"><ele>2810.972832</ele><time>2026-07-11T12:06:38.000Z</time></trkpt><trkpt lat="42.567348" lon="44.564976"><ele>2810.758848</ele><time>2026-07-11T12:06:40.000Z</time></trkpt><trkpt lat="42.567312" lon="44.564991"><ele>2810.36261</ele><time>2026-07-11T12:06:43.000Z</time></trkpt><trkpt lat="42.567288" lon="44.564996"><ele>2810.107119</ele><time>2026-07-11T12:06:45.000Z</time></trkpt><trkpt lat="42.567278" lon="44.565006"><ele>2809.976438</ele><time>2026-07-11T12:06:46.000Z</time></trkpt><trkpt lat="42.567259" lon="44.565023"><ele>2809.737011</ele><time>2026-07-11T12:06:48.000Z</time></trkpt><trkpt lat="42.567218" lon="44.565054"><ele>2809.243217</ele><time>2026-07-11T12:06:52.000Z</time></trkpt><trkpt lat="42.567208" lon="44.565063"><ele>2809.116977</ele><time>2026-07-11T12:06:53.000Z</time></trkpt><trkpt lat="42.567194" lon="44.565073"><ele>2808.950524</ele><time>2026-07-11T12:06:54.000Z</time></trkpt><trkpt lat="42.567156" lon="44.565093"><ele>2808.521688</ele><time>2026-07-11T12:06:57.000Z</time></trkpt><trkpt lat="42.567123" lon="44.56512"><ele>2808.116282</ele><time>2026-07-11T12:07:00.000Z</time></trkpt><trkpt lat="42.56709" lon="44.565135"><ele>2807.750105</ele><time>2026-07-11T12:07:03.000Z</time></trkpt><trkpt lat="42.567066" lon="44.565138"><ele>2807.496501</ele><time>2026-07-11T12:07:05.000Z</time></trkpt><trkpt lat="42.56706" lon="44.565149"><ele>2807.390422</ele><time>2026-07-11T12:07:06.000Z</time></trkpt><trkpt lat="42.567051" lon="44.565159"><ele>2807.268055</ele><time>2026-07-11T12:07:07.000Z</time></trkpt><trkpt lat="42.567021" lon="44.565168"><ele>2806.944772</ele><time>2026-07-11T12:07:09.000Z</time></trkpt><trkpt lat="42.56701" lon="44.56519"><ele>2806.738704</ele><time>2026-07-11T12:07:11.000Z</time></trkpt><trkpt lat="42.567003" lon="44.565207"><ele>2806.587769</ele><time>2026-07-11T12:07:12.000Z</time></trkpt><trkpt lat="42.566984" lon="44.565247"><ele>2806.218908</ele><time>2026-07-11T12:07:15.000Z</time></trkpt><trkpt lat="42.566945" lon="44.565277"><ele>2805.747257</ele><time>2026-07-11T12:07:19.000Z</time></trkpt><trkpt lat="42.566907" lon="44.565333"><ele>2805.157161</ele><time>2026-07-11T12:07:25.000Z</time></trkpt><trkpt lat="42.566895" lon="44.565333"><ele>2805.030893</ele><time>2026-07-11T12:07:26.000Z</time></trkpt><trkpt lat="42.566886" lon="44.565357"><ele>2804.822181</ele><time>2026-07-11T12:07:29.000Z</time></trkpt><trkpt lat="42.566887" lon="44.5654"><ele>2804.488784</ele><time>2026-07-11T12:07:32.000Z</time></trkpt><trkpt lat="42.566889" lon="44.565414"><ele>2804.378268</ele><time>2026-07-11T12:07:33.000Z</time></trkpt><trkpt lat="42.5669" lon="44.5655"><ele>2803.731724</ele><time>2026-07-11T12:07:38.000Z</time></trkpt><trkpt lat="42.566906" lon="44.56564"><ele>2802.821995</ele><time>2026-07-11T12:07:46.000Z</time></trkpt><trkpt lat="42.566906" lon="44.565718"><ele>2802.316002</ele><time>2026-07-11T12:07:50.000Z</time></trkpt><trkpt lat="42.566903" lon="44.565775"><ele>2801.945295</ele><time>2026-07-11T12:07:53.000Z</time></trkpt><trkpt lat="42.56691" lon="44.565815"><ele>2801.678587</ele><time>2026-07-11T12:07:55.000Z</time></trkpt><trkpt lat="42.56692" lon="44.565949"><ele>2800.804866</ele><time>2026-07-11T12:08:03.000Z</time></trkpt><trkpt lat="42.566917" lon="44.566003"><ele>2800.453568</ele><time>2026-07-11T12:08:06.000Z</time></trkpt><trkpt lat="42.566913" lon="44.566041"><ele>2800.204554</ele><time>2026-07-11T12:08:08.000Z</time></trkpt><trkpt lat="42.566912" lon="44.566132"><ele>2799.614163</ele><time>2026-07-11T12:08:13.000Z</time></trkpt><trkpt lat="42.566916" lon="44.56615"><ele>2799.492196</ele><time>2026-07-11T12:08:14.000Z</time></trkpt><trkpt lat="42.566964" lon="44.566275"><ele>2798.577709</ele><time>2026-07-11T12:08:21.000Z</time></trkpt><trkpt lat="42.566997" lon="44.56641"><ele>2797.654976</ele><time>2026-07-11T12:08:28.000Z</time></trkpt><trkpt lat="42.567" lon="44.56643"><ele>2797.52257</ele><time>2026-07-11T12:08:29.000Z</time></trkpt><trkpt lat="42.567006" lon="44.566555"><ele>2796.709965</ele><time>2026-07-11T12:08:35.000Z</time></trkpt><trkpt lat="42.567009" lon="44.566594"><ele>2796.455593</ele><time>2026-07-11T12:08:37.000Z</time></trkpt><trkpt lat="42.567048" lon="44.566722"><ele>2795.556995</ele><time>2026-07-11T12:08:44.000Z</time></trkpt><trkpt lat="42.567052" lon="44.566849"><ele>2794.732384</ele><time>2026-07-11T12:08:52.000Z</time></trkpt><trkpt lat="42.567049" lon="44.56691"><ele>2794.335791</ele><time>2026-07-11T12:08:57.000Z</time></trkpt><trkpt lat="42.567035" lon="44.566976"><ele>2793.89024</ele><time>2026-07-11T12:09:01.000Z</time></trkpt><trkpt lat="42.566999" lon="44.567088"><ele>2793.097506</ele><time>2026-07-11T12:09:08.000Z</time></trkpt><trkpt lat="42.566974" lon="44.567145"><ele>2792.667141</ele><time>2026-07-11T12:09:12.000Z</time></trkpt><trkpt lat="42.566962" lon="44.567204"><ele>2792.270076</ele><time>2026-07-11T12:09:16.000Z</time></trkpt><trkpt lat="42.566931" lon="44.567288"><ele>2791.660576</ele><time>2026-07-11T12:09:23.000Z</time></trkpt><trkpt lat="42.566901" lon="44.567356"><ele>2791.146365</ele><time>2026-07-11T12:09:29.000Z</time></trkpt><trkpt lat="42.566892" lon="44.5674"><ele>2790.850129</ele><time>2026-07-11T12:09:33.000Z</time></trkpt><trkpt lat="42.566885" lon="44.567421"><ele>2790.700597</ele><time>2026-07-11T12:09:35.000Z</time></trkpt><trkpt lat="42.566866" lon="44.56747"><ele>2790.341365</ele><time>2026-07-11T12:09:43.000Z</time></trkpt><trkpt lat="42.566832" lon="44.567557"><ele>2789.702454</ele><time>2026-07-11T12:09:50.000Z</time></trkpt><trkpt lat="42.566816" lon="44.567663"><ele>2789.000528</ele><time>2026-07-11T12:09:58.000Z</time></trkpt><trkpt lat="42.56681" lon="44.567713"><ele>2788.671896</ele><time>2026-07-11T12:10:02.000Z</time></trkpt><trkpt lat="42.566806" lon="44.567735"><ele>2788.524896</ele><time>2026-07-11T12:10:04.000Z</time></trkpt><trkpt lat="42.566804" lon="44.567726"><ele>2788.463912</ele><time>2026-07-11T12:10:07.000Z</time></trkpt><trkpt lat="42.566788" lon="44.567717"><ele>2788.311367</ele><time>2026-07-11T12:10:10.000Z</time></trkpt><trkpt lat="42.56678" lon="44.567717"><ele>2788.240902</ele><time>2026-07-11T12:10:11.000Z</time></trkpt><trkpt lat="42.566751" lon="44.567725"><ele>2788.020442</ele><time>2026-07-11T12:10:17.000Z</time></trkpt><trkpt lat="42.566748" lon="44.567726"><ele>2788.010763</ele><time>2026-07-11T12:10:18.000Z</time></trkpt><trkpt lat="42.566738" lon="44.567732"><ele>2787.976504</ele><time>2026-07-11T12:10:21.000Z</time></trkpt><trkpt lat="42.566716" lon="44.567737"><ele>2787.906608</ele><time>2026-07-11T12:10:25.000Z</time></trkpt><trkpt lat="42.566697" lon="44.567758"><ele>2787.829839</ele><time>2026-07-11T12:10:29.000Z</time></trkpt><trkpt lat="42.566685" lon="44.567793"><ele>2787.740742</ele><time>2026-07-11T12:10:33.000Z</time></trkpt><trkpt lat="42.566667" lon="44.567817"><ele>2787.661691</ele><time>2026-07-11T12:10:39.000Z</time></trkpt><trkpt lat="42.566663" lon="44.567838"><ele>2787.611633</ele><time>2026-07-11T12:10:41.000Z</time></trkpt><trkpt lat="42.566658" lon="44.567871"><ele>2787.53388</ele><time>2026-07-11T12:10:44.000Z</time></trkpt><trkpt lat="42.566642" lon="44.567921"><ele>2787.408068</ele><time>2026-07-11T12:10:49.000Z</time></trkpt><trkpt lat="42.566624" lon="44.567989"><ele>2787.241309</ele><time>2026-07-11T12:10:57.000Z</time></trkpt><trkpt lat="42.566603" lon="44.568066"><ele>2787.051815</ele><time>2026-07-11T12:11:04.000Z</time></trkpt><trkpt lat="42.566596" lon="44.568104"><ele>2786.961416</ele><time>2026-07-11T12:11:11.000Z</time></trkpt><trkpt lat="42.566598" lon="44.568102"><ele>2786.953633</ele><time>2026-07-11T12:11:28.000Z</time></trkpt><trkpt lat="42.566598" lon="44.568102"><ele>2786.953633</ele><time>2026-07-11T12:11:39.000Z</time></trkpt><trkpt lat="42.566594" lon="44.568105"><ele>2786.939314</ele><time>2026-07-11T12:11:51.000Z</time></trkpt><trkpt lat="42.566597" lon="44.568107"><ele>2786.928841</ele><time>2026-07-11T12:11:54.000Z</time></trkpt><trkpt lat="42.566596" lon="44.568105"><ele>2786.923263</ele><time>2026-07-11T12:11:59.000Z</time></trkpt><trkpt lat="42.566598" lon="44.568102"><ele>2786.913924</ele><time>2026-07-11T12:12:11.000Z</time></trkpt><trkpt lat="42.566598" lon="44.568102"><ele>2786.913924</ele><time>2026-07-11T12:12:12.000Z</time></trkpt><trkpt lat="42.566596" lon="44.568105"><ele>2786.904585</ele><time>2026-07-11T12:12:19.000Z</time></trkpt><trkpt lat="42.566585" lon="44.56813"><ele>2786.837378</ele><time>2026-07-11T12:12:21.000Z</time></trkpt><trkpt lat="42.566552" lon="44.568232"><ele>2786.58027</ele><time>2026-07-11T12:12:28.000Z</time></trkpt><trkpt lat="42.56653" lon="44.568342"><ele>2786.317216</ele><time>2026-07-11T12:12:36.000Z</time></trkpt><trkpt lat="42.566505" lon="44.568443"><ele>2786.071315</ele><time>2026-07-11T12:12:44.000Z</time></trkpt><trkpt lat="42.566481" lon="44.568497"><ele>2785.92576</ele><time>2026-07-11T12:12:50.000Z</time></trkpt><trkpt lat="42.566452" lon="44.568581"><ele>2785.711661</ele><time>2026-07-11T12:12:57.000Z</time></trkpt><trkpt lat="42.566408" lon="44.56866"><ele>2785.483081</ele><time>2026-07-11T12:13:05.000Z</time></trkpt><trkpt lat="42.566373" lon="44.568725"><ele>2785.297256</ele><time>2026-07-11T12:13:14.000Z</time></trkpt><trkpt lat="42.566356" lon="44.568746"><ele>2785.225239</ele><time>2026-07-11T12:13:18.000Z</time></trkpt><trkpt lat="42.566346" lon="44.568771"><ele>2785.159583</ele><time>2026-07-11T12:13:20.000Z</time></trkpt><trkpt lat="42.566314" lon="44.568818"><ele>2785.011868</ele><time>2026-07-11T12:13:26.000Z</time></trkpt><trkpt lat="42.566305" lon="44.568829"><ele>2784.973923</ele><time>2026-07-11T12:13:27.000Z</time></trkpt><trkpt lat="42.566295" lon="44.568842"><ele>2784.930541</ele><time>2026-07-11T12:13:28.000Z</time></trkpt><trkpt lat="42.566286" lon="44.568854"><ele>2784.891016</ele><time>2026-07-11T12:13:29.000Z</time></trkpt><trkpt lat="42.566277" lon="44.568866"><ele>2784.85149</ele><time>2026-07-11T12:13:30.000Z</time></trkpt><trkpt lat="42.566226" lon="44.568921"><ele>2784.647406</ele><time>2026-07-11T12:13:36.000Z</time></trkpt><trkpt lat="42.566211" lon="44.568941"><ele>2784.581529</ele><time>2026-07-11T12:13:38.000Z</time></trkpt><trkpt lat="42.566173" lon="44.568981"><ele>2784.430863</ele><time>2026-07-11T12:13:44.000Z</time></trkpt><trkpt lat="42.566158" lon="44.568998"><ele>2784.369638</ele><time>2026-07-11T12:13:46.000Z</time></trkpt><trkpt lat="42.566147" lon="44.56902"><ele>2784.308271</ele><time>2026-07-11T12:13:48.000Z</time></trkpt><trkpt lat="42.566112" lon="44.569065"><ele>2784.15723</ele><time>2026-07-11T12:13:52.000Z</time></trkpt><trkpt lat="42.566052" lon="44.569158"><ele>2783.871899</ele><time>2026-07-11T12:14:00.000Z</time></trkpt><trkpt lat="42.566019" lon="44.569204"><ele>2783.7237</ele><time>2026-07-11T12:14:05.000Z</time></trkpt><trkpt lat="42.566005" lon="44.569232"><ele>2783.645597</ele><time>2026-07-11T12:14:08.000Z</time></trkpt><trkpt lat="42.565968" lon="44.56928"><ele>2783.485243</ele><time>2026-07-11T12:14:13.000Z</time></trkpt><trkpt lat="42.565932" lon="44.569319"><ele>2783.340929</ele><time>2026-07-11T12:14:17.000Z</time></trkpt><trkpt lat="42.565867" lon="44.569388"><ele>2783.08239</ele><time>2026-07-11T12:14:25.000Z</time></trkpt><trkpt lat="42.565768" lon="44.569434"><ele>2782.754509</ele><time>2026-07-11T12:14:34.000Z</time></trkpt><trkpt lat="42.565721" lon="44.569489"><ele>2782.560083</ele><time>2026-07-11T12:14:43.000Z</time></trkpt><trkpt lat="42.565707" lon="44.56951"><ele>2782.494712</ele><time>2026-07-11T12:14:48.000Z</time></trkpt><trkpt lat="42.565692" lon="44.569523"><ele>2782.43895</ele><time>2026-07-11T12:14:50.000Z</time></trkpt><trkpt lat="42.565672" lon="44.569563"><ele>2782.352985</ele><time>2026-07-11T12:14:54.000Z</time></trkpt><trkpt lat="42.565665" lon="44.569576"><ele>2782.327842</ele><time>2026-07-11T12:14:55.000Z</time></trkpt><trkpt lat="42.565639" lon="44.569599"><ele>2782.262058</ele><time>2026-07-11T12:14:58.000Z</time></trkpt><trkpt lat="42.565628" lon="44.569607"><ele>2782.235604</ele><time>2026-07-11T12:15:00.000Z</time></trkpt><trkpt lat="42.565624" lon="44.569608"><ele>2782.226982</ele><time>2026-07-11T12:15:01.000Z</time></trkpt><trkpt lat="42.565621" lon="44.569611"><ele>2782.219084</ele><time>2026-07-11T12:15:05.000Z</time></trkpt><trkpt lat="42.565622" lon="44.569605"><ele>2782.209479</ele><time>2026-07-11T12:15:08.000Z</time></trkpt><trkpt lat="42.565622" lon="44.569611"><ele>2782.200111</ele><time>2026-07-11T12:15:13.000Z</time></trkpt><trkpt lat="42.565616" lon="44.56962"><ele>2782.181157</ele><time>2026-07-11T12:15:15.000Z</time></trkpt><trkpt lat="42.565599" lon="44.569637"><ele>2782.136399</ele><time>2026-07-11T12:15:17.000Z</time></trkpt><trkpt lat="42.565582" lon="44.569657"><ele>2782.088714</ele><time>2026-07-11T12:15:19.000Z</time></trkpt><trkpt lat="42.565566" lon="44.56968"><ele>2782.039317</ele><time>2026-07-11T12:15:21.000Z</time></trkpt><trkpt lat="42.565544" lon="44.56971"><ele>2781.973218</ele><time>2026-07-11T12:15:24.000Z</time></trkpt><trkpt lat="42.565527" lon="44.569719"><ele>2781.934537</ele><time>2026-07-11T12:15:26.000Z</time></trkpt><trkpt lat="42.565505" lon="44.569736"><ele>2781.880875</ele><time>2026-07-11T12:15:28.000Z</time></trkpt><trkpt lat="42.565469" lon="44.569826"><ele>2781.720969</ele><time>2026-07-11T12:15:36.000Z</time></trkpt><trkpt lat="42.565445" lon="44.569879"><ele>2781.623829</ele><time>2026-07-11T12:15:41.000Z</time></trkpt><trkpt lat="42.56541" lon="44.56995"><ele>2781.490435</ele><time>2026-07-11T12:15:48.000Z</time></trkpt><trkpt lat="42.56535" lon="44.570034"><ele>2781.307735</ele><time>2026-07-11T12:15:57.000Z</time></trkpt><trkpt lat="42.565303" lon="44.570086"><ele>2781.179208</ele><time>2026-07-11T12:16:03.000Z</time></trkpt><trkpt lat="42.565297" lon="44.570099"><ele>2781.155255</ele><time>2026-07-11T12:16:04.000Z</time></trkpt><trkpt lat="42.565293" lon="44.570112"><ele>2781.133258</ele><time>2026-07-11T12:16:05.000Z</time></trkpt><trkpt lat="42.565283" lon="44.570133"><ele>2781.094213</ele><time>2026-07-11T12:16:07.000Z</time></trkpt><trkpt lat="42.565258" lon="44.570152"><ele>2781.033478</ele><time>2026-07-11T12:16:09.000Z</time></trkpt><trkpt lat="42.565247" lon="44.570159"><ele>2781.007725</ele><time>2026-07-11T12:16:10.000Z</time></trkpt><trkpt lat="42.565237" lon="44.570157"><ele>2780.986297</ele><time>2026-07-11T12:16:11.000Z</time></trkpt><trkpt lat="42.565193" lon="44.570159"><ele>2780.892968</ele><time>2026-07-11T12:16:14.000Z</time></trkpt><trkpt lat="42.565166" lon="44.570151"><ele>2780.834383</ele><time>2026-07-11T12:16:16.000Z</time></trkpt><trkpt lat="42.565133" lon="44.570127"><ele>2780.755022</ele><time>2026-07-11T12:16:19.000Z</time></trkpt><trkpt lat="42.565083" lon="44.570107"><ele>2780.644523</ele><time>2026-07-11T12:16:23.000Z</time></trkpt><trkpt lat="42.564993" lon="44.570089"><ele>2780.451671</ele><time>2026-07-11T12:16:31.000Z</time></trkpt><trkpt lat="42.564963" lon="44.570096"><ele>2780.387142</ele><time>2026-07-11T12:16:35.000Z</time></trkpt><trkpt lat="42.564919" lon="44.570116"><ele>2780.288777</ele><time>2026-07-11T12:16:39.000Z</time></trkpt><trkpt lat="42.564898" lon="44.570129"><ele>2780.23985</ele><time>2026-07-11T12:16:41.000Z</time></trkpt><trkpt lat="42.564843" lon="44.57017"><ele>2780.106837</ele><time>2026-07-11T12:16:46.000Z</time></trkpt><trkpt lat="42.564794" lon="44.570204"><ele>2779.990183</ele><time>2026-07-11T12:16:50.000Z</time></trkpt><trkpt lat="42.564783" lon="44.57021"><ele>2779.965052</ele><time>2026-07-11T12:16:51.000Z</time></trkpt><trkpt lat="42.564777" lon="44.570213"><ele>2779.951498</ele><time>2026-07-11T12:16:52.000Z</time></trkpt><trkpt lat="42.56475" lon="44.570237"><ele>2779.883085</ele><time>2026-07-11T12:16:55.000Z</time></trkpt><trkpt lat="42.564696" lon="44.570287"><ele>2779.744524</ele><time>2026-07-11T12:17:00.000Z</time></trkpt><trkpt lat="42.56462" lon="44.570351"><ele>2779.554938</ele><time>2026-07-11T12:17:08.000Z</time></trkpt><trkpt lat="42.564551" lon="44.5704"><ele>2779.389864</ele><time>2026-07-11T12:17:15.000Z</time></trkpt><trkpt lat="42.564539" lon="44.570409"><ele>2779.360802</ele><time>2026-07-11T12:17:16.000Z</time></trkpt><trkpt lat="42.564463" lon="44.570446"><ele>2779.189645</ele><time>2026-07-11T12:17:23.000Z</time></trkpt><trkpt lat="42.564446" lon="44.570454"><ele>2779.151503</ele><time>2026-07-11T12:17:25.000Z</time></trkpt><trkpt lat="42.5644" lon="44.570486"><ele>2779.041932</ele><time>2026-07-11T12:17:30.000Z</time></trkpt><trkpt lat="42.564401" lon="44.570478"><ele>2779.029263</ele><time>2026-07-11T12:17:36.000Z</time></trkpt><trkpt lat="42.564367" lon="44.570421"><ele>2778.914739</ele><time>2026-07-11T12:17:42.000Z</time></trkpt><trkpt lat="42.564312" lon="44.570365"><ele>2778.769001</ele><time>2026-07-11T12:17:49.000Z</time></trkpt><trkpt lat="42.564296" lon="44.570347"><ele>2778.724952</ele><time>2026-07-11T12:17:51.000Z</time></trkpt><trkpt lat="42.564278" lon="44.570331"><ele>2778.679344</ele><time>2026-07-11T12:17:53.000Z</time></trkpt><trkpt lat="42.564262" lon="44.570316"><ele>2778.638125</ele><time>2026-07-11T12:17:55.000Z</time></trkpt><trkpt lat="42.564245" lon="44.570307"><ele>2778.599443</ele><time>2026-07-11T12:17:57.000Z</time></trkpt><trkpt lat="42.564237" lon="44.570299"><ele>2778.546712</ele><time>2026-07-11T12:17:58.000Z</time></trkpt><trkpt lat="42.564222" lon="44.570287"><ele>2778.432907</ele><time>2026-07-11T12:18:00.000Z</time></trkpt><trkpt lat="42.564201" lon="44.570271"><ele>2778.275501</ele><time>2026-07-11T12:18:03.000Z</time></trkpt><trkpt lat="42.564152" lon="44.570229"><ele>2777.896718</ele><time>2026-07-11T12:18:10.000Z</time></trkpt><trkpt lat="42.564151" lon="44.570226"><ele>2777.880865</ele><time>2026-07-11T12:18:21.000Z</time></trkpt><trkpt lat="42.564151" lon="44.570226"><ele>2777.880865</ele><time>2026-07-11T12:18:27.000Z</time></trkpt><trkpt lat="42.564151" lon="44.570225"><ele>2777.87605</ele><time>2026-07-11T12:18:30.000Z</time></trkpt><trkpt lat="42.564142" lon="44.570203"><ele>2777.754892</ele><time>2026-07-11T12:18:34.000Z</time></trkpt><trkpt lat="42.564137" lon="44.570197"><ele>2777.711273</ele><time>2026-07-11T12:18:35.000Z</time></trkpt><trkpt lat="42.56407" lon="44.570152"><ele>2777.222661</ele><time>2026-07-11T12:18:42.000Z</time></trkpt><trkpt lat="42.564032" lon="44.570117"><ele>2776.922506</ele><time>2026-07-11T12:18:46.000Z</time></trkpt><trkpt lat="42.564024" lon="44.570106"><ele>2776.848081</ele><time>2026-07-11T12:18:47.000Z</time></trkpt><trkpt lat="42.564004" lon="44.57009"><ele>2776.696341</ele><time>2026-07-11T12:18:49.000Z</time></trkpt><trkpt lat="42.563939" lon="44.570056"><ele>2776.241017</ele><time>2026-07-11T12:18:56.000Z</time></trkpt><trkpt lat="42.563914" lon="44.570052"><ele>2776.07647</ele><time>2026-07-11T12:18:59.000Z</time></trkpt><trkpt lat="42.56385" lon="44.570039"><ele>2775.653468</ele><time>2026-07-11T12:19:07.000Z</time></trkpt><trkpt lat="42.563844" lon="44.570043"><ele>2775.609775</ele><time>2026-07-11T12:19:08.000Z</time></trkpt><trkpt lat="42.56384" lon="44.570057"><ele>2775.537479</ele><time>2026-07-11T12:19:22.000Z</time></trkpt><trkpt lat="42.56386" lon="44.570031"><ele>2775.356482</ele><time>2026-07-11T12:19:29.000Z</time></trkpt><trkpt lat="42.56386" lon="44.570031"><ele>2775.356482</ele><time>2026-07-11T12:19:34.000Z</time></trkpt><trkpt lat="42.563858" lon="44.570031"><ele>2775.343409</ele><time>2026-07-11T12:19:39.000Z</time></trkpt><trkpt lat="42.563854" lon="44.570048"><ele>2775.257489</ele><time>2026-07-11T12:19:42.000Z</time></trkpt><trkpt lat="42.563857" lon="44.570047"><ele>2775.237297</ele><time>2026-07-11T12:19:45.000Z</time></trkpt><trkpt lat="42.563854" lon="44.570046"><ele>2775.217104</ele><time>2026-07-11T12:19:52.000Z</time></trkpt><trkpt lat="42.563851" lon="44.57005"><ele>2775.18962</ele><time>2026-07-11T12:19:58.000Z</time></trkpt><trkpt lat="42.563853" lon="44.570049"><ele>2775.175688</ele><time>2026-07-11T12:20:00.000Z</time></trkpt><trkpt lat="42.563881" lon="44.570049"><ele>2774.992661</ele><time>2026-07-11T12:20:05.000Z</time></trkpt><trkpt lat="42.563876" lon="44.570052"><ele>2774.956929</ele><time>2026-07-11T12:20:11.000Z</time></trkpt><trkpt lat="42.563876" lon="44.570052"><ele>2774.956929</ele><time>2026-07-11T12:20:21.000Z</time></trkpt><trkpt lat="42.563872" lon="44.570051"><ele>2774.930343</ele><time>2026-07-11T12:20:30.000Z</time></trkpt><trkpt lat="42.563876" lon="44.570052"><ele>2774.903757</ele><time>2026-07-11T12:20:35.000Z</time></trkpt><trkpt lat="42.563876" lon="44.570052"><ele>2774.903757</ele><time>2026-07-11T12:20:37.000Z</time></trkpt><trkpt lat="42.563876" lon="44.570052"><ele>2774.903757</ele><time>2026-07-11T12:20:39.000Z</time></trkpt><trkpt lat="42.563876" lon="44.570052"><ele>2774.903757</ele><time>2026-07-11T12:20:42.000Z</time></trkpt><trkpt lat="42.563876" lon="44.570052"><ele>2774.903757</ele><time>2026-07-11T12:20:45.000Z</time></trkpt><trkpt lat="42.563876" lon="44.570052"><ele>2774.903757</ele><time>2026-07-11T12:20:56.000Z</time></trkpt><trkpt lat="42.563872" lon="44.570047"><ele>2774.868216</ele><time>2026-07-11T12:21:04.000Z</time></trkpt><trkpt lat="42.563876" lon="44.570052"><ele>2774.832676</ele><time>2026-07-11T12:21:11.000Z</time></trkpt><trkpt lat="42.563875" lon="44.570043"><ele>2774.788856</ele><time>2026-07-11T12:21:14.000Z</time></trkpt><trkpt lat="42.563875" lon="44.57002"><ele>2774.678125</ele><time>2026-07-11T12:21:20.000Z</time></trkpt><trkpt lat="42.563875" lon="44.57002"><ele>2774.678125</ele><time>2026-07-11T12:21:37.000Z</time></trkpt><trkpt lat="42.563875" lon="44.57002"><ele>2774.678125</ele><time>2026-07-11T12:21:38.000Z</time></trkpt><trkpt lat="42.563875" lon="44.57002"><ele>2774.678125</ele><time>2026-07-11T12:21:45.000Z</time></trkpt><trkpt lat="42.563876" lon="44.570023"><ele>2774.662271</ele><time>2026-07-11T12:22:04.000Z</time></trkpt><trkpt lat="42.563875" lon="44.57002"><ele>2774.646418</ele><time>2026-07-11T12:22:15.000Z</time></trkpt><trkpt lat="42.563875" lon="44.57002"><ele>2774.646418</ele><time>2026-07-11T12:22:19.000Z</time></trkpt><trkpt lat="42.563875" lon="44.57002"><ele>2774.646418</ele><time>2026-07-11T12:22:24.000Z</time></trkpt><trkpt lat="42.563875" lon="44.57002"><ele>2774.646418</ele><time>2026-07-11T12:22:26.000Z</time></trkpt><trkpt lat="42.563884" lon="44.570032"><ele>2774.563963</ele><time>2026-07-11T12:22:34.000Z</time></trkpt><trkpt lat="42.563881" lon="44.570033"><ele>2774.543771</ele><time>2026-07-11T12:22:42.000Z</time></trkpt><trkpt lat="42.563868" lon="44.57003"><ele>2774.457576</ele><time>2026-07-11T12:22:51.000Z</time></trkpt><trkpt lat="42.563868" lon="44.57003"><ele>2774.457576</ele><time>2026-07-11T12:22:52.000Z</time></trkpt><trkpt lat="42.563866" lon="44.570031"><ele>2774.443644</ele><time>2026-07-11T12:22:56.000Z</time></trkpt><trkpt lat="42.563879" lon="44.570025"><ele>2774.353892</ele><time>2026-07-11T12:23:03.000Z</time></trkpt><trkpt lat="42.563879" lon="44.570029"><ele>2774.334634</ele><time>2026-07-11T12:23:12.000Z</time></trkpt><trkpt lat="42.563881" lon="44.57004"><ele>2774.280086</ele><time>2026-07-11T12:23:19.000Z</time></trkpt><trkpt lat="42.563893" lon="44.570048"><ele>2774.1927</ele><time>2026-07-11T12:23:28.000Z</time></trkpt><trkpt lat="42.563891" lon="44.570049"><ele>2774.178769</ele><time>2026-07-11T12:23:38.000Z</time></trkpt><trkpt lat="42.563895" lon="44.570043"><ele>2774.139806</ele><time>2026-07-11T12:23:43.000Z</time></trkpt><trkpt lat="42.563881" lon="44.57004"><ele>2774.04716</ele><time>2026-07-11T12:23:51.000Z</time></trkpt><trkpt lat="42.56389" lon="44.570032"><ele>2773.976844</ele><time>2026-07-11T12:23:57.000Z</time></trkpt><trkpt lat="42.563889" lon="44.570034"><ele>2773.965206</ele><time>2026-07-11T12:24:03.000Z</time></trkpt><trkpt lat="42.56389" lon="44.570028"><ele>2773.935589</ele><time>2026-07-11T12:24:06.000Z</time></trkpt><trkpt lat="42.563892" lon="44.57002"><ele>2773.894916</ele><time>2026-07-11T12:24:11.000Z</time></trkpt><trkpt lat="42.563892" lon="44.57002"><ele>2773.894916</ele><time>2026-07-11T12:24:26.000Z</time></trkpt><trkpt lat="42.563879" lon="44.570047"><ele>2773.739615</ele><time>2026-07-11T12:24:30.000Z</time></trkpt><trkpt lat="42.563881" lon="44.570039"><ele>2773.698942</ele><time>2026-07-11T12:24:37.000Z</time></trkpt><trkpt lat="42.563884" lon="44.570041"><ele>2773.677095</ele><time>2026-07-11T12:24:43.000Z</time></trkpt><trkpt lat="42.563884" lon="44.570041"><ele>2773.677095</ele><time>2026-07-11T12:24:51.000Z</time></trkpt><trkpt lat="42.563888" lon="44.570036"><ele>2773.641555</ele><time>2026-07-11T12:24:58.000Z</time></trkpt><trkpt lat="42.563897" lon="44.570026"><ele>2773.565537</ele><time>2026-07-11T12:25:05.000Z</time></trkpt><trkpt lat="42.563876" lon="44.570051"><ele>2773.382973</ele><time>2026-07-11T12:25:14.000Z</time></trkpt><trkpt lat="42.563878" lon="44.570032"><ele>2773.290569</ele><time>2026-07-11T12:25:25.000Z</time></trkpt><trkpt lat="42.563884" lon="44.570041"><ele>2773.232126</ele><time>2026-07-11T12:25:33.000Z</time></trkpt><trkpt lat="42.563873" lon="44.57004"><ele>2773.160061</ele><time>2026-07-11T12:25:42.000Z</time></trkpt><trkpt lat="42.563875" lon="44.570039"><ele>2773.14613</ele><time>2026-07-11T12:25:43.000Z</time></trkpt><trkpt lat="42.563867" lon="44.57002"><ele>2773.040764</ele><time>2026-07-11T12:25:49.000Z</time></trkpt><trkpt lat="42.563873" lon="44.570027"><ele>2772.989053</ele><time>2026-07-11T12:25:52.000Z</time></trkpt><trkpt lat="42.563894" lon="44.570034"><ele>2772.847707</ele><time>2026-07-11T12:25:55.000Z</time></trkpt><trkpt lat="42.563893" lon="44.570033"><ele>2772.839589</ele><time>2026-07-11T12:25:57.000Z</time></trkpt><trkpt lat="42.563886" lon="44.570021"><ele>2772.765891</ele><time>2026-07-11T12:25:59.000Z</time></trkpt><trkpt lat="42.563886" lon="44.57002"><ele>2772.761076</ele><time>2026-07-11T12:26:00.000Z</time></trkpt><trkpt lat="42.563895" lon="44.570023"><ele>2772.700499</ele><time>2026-07-11T12:26:03.000Z</time></trkpt><trkpt lat="42.563893" lon="44.57002"><ele>2772.681018</ele><time>2026-07-11T12:26:04.000Z</time></trkpt><trkpt lat="42.563881" lon="44.570021"><ele>2772.602431</ele><time>2026-07-11T12:26:10.000Z</time></trkpt><trkpt lat="42.563888" lon="44.57002"><ele>2772.556421</ele><time>2026-07-11T12:26:11.000Z</time></trkpt><trkpt lat="42.563896" lon="44.570023"><ele>2772.50217</ele><time>2026-07-11T12:26:12.000Z</time></trkpt><trkpt lat="42.563924" lon="44.570047"><ele>2772.285723</ele><time>2026-07-11T12:26:17.000Z</time></trkpt><trkpt lat="42.563913" lon="44.570049"><ele>2772.213177</ele><time>2026-07-11T12:26:26.000Z</time></trkpt><trkpt lat="42.563915" lon="44.570049"><ele>2772.200104</ele><time>2026-07-11T12:26:29.000Z</time></trkpt><trkpt lat="42.563916" lon="44.570044"><ele>2772.17516</ele><time>2026-07-11T12:26:35.000Z</time></trkpt><trkpt lat="42.563915" lon="44.570044"><ele>2772.168624</ele><time>2026-07-11T12:26:40.000Z</time></trkpt><trkpt lat="42.563921" lon="44.570041"><ele>2772.126829</ele><time>2026-07-11T12:26:45.000Z</time></trkpt><trkpt lat="42.56392" lon="44.570036"><ele>2772.101885</ele><time>2026-07-11T12:26:47.000Z</time></trkpt><trkpt lat="42.563919" lon="44.570034"><ele>2772.090247</ele><time>2026-07-11T12:26:48.000Z</time></trkpt><trkpt lat="42.563918" lon="44.570069"><ele>2771.921616</ele><time>2026-07-11T12:26:57.000Z</time></trkpt><trkpt lat="42.563915" lon="44.570049"><ele>2771.823351</ele><time>2026-07-11T12:27:03.000Z</time></trkpt><trkpt lat="42.563915" lon="44.570049"><ele>2771.823351</ele><time>2026-07-11T12:27:10.000Z</time></trkpt><trkpt lat="42.563915" lon="44.570049"><ele>2771.823351</ele><time>2026-07-11T12:27:11.000Z</time></trkpt><trkpt lat="42.563915" lon="44.570049"><ele>2771.823351</ele><time>2026-07-11T12:27:12.000Z</time></trkpt><trkpt lat="42.563915" lon="44.570049"><ele>2771.823351</ele><time>2026-07-11T12:27:13.000Z</time></trkpt><trkpt lat="42.563915" lon="44.570049"><ele>2771.823351</ele><time>2026-07-11T12:27:19.000Z</time></trkpt><trkpt lat="42.563918" lon="44.570042"><ele>2771.78436</ele><time>2026-07-11T12:27:32.000Z</time></trkpt><trkpt lat="42.563915" lon="44.570049"><ele>2771.745369</ele><time>2026-07-11T12:27:37.000Z</time></trkpt><trkpt lat="42.563912" lon="44.570038"><ele>2771.688897</ele><time>2026-07-11T12:27:43.000Z</time></trkpt><trkpt lat="42.563913" lon="44.570036"><ele>2771.677259</ele><time>2026-07-11T12:27:49.000Z</time></trkpt><trkpt lat="42.563915" lon="44.570049"><ele>2771.613321</ele><time>2026-07-11T12:27:53.000Z</time></trkpt><trkpt lat="42.563918" lon="44.570047"><ele>2771.591474</ele><time>2026-07-11T12:28:00.000Z</time></trkpt><trkpt lat="42.563923" lon="44.570056"><ele>2771.537201</ele><time>2026-07-11T12:28:04.000Z</time></trkpt><trkpt lat="42.56392" lon="44.570059"><ele>2771.512846</ele><time>2026-07-11T12:28:07.000Z</time></trkpt><trkpt lat="42.56392" lon="44.570061"><ele>2771.503217</ele><time>2026-07-11T12:28:08.000Z</time></trkpt><trkpt lat="42.563915" lon="44.570049"><ele>2771.43684</ele><time>2026-07-11T12:28:12.000Z</time></trkpt><trkpt lat="42.563911" lon="44.570059"><ele>2771.382054</ele><time>2026-07-11T12:28:17.000Z</time></trkpt><trkpt lat="42.563912" lon="44.570055"><ele>2771.361717</ele><time>2026-07-11T12:28:20.000Z</time></trkpt><trkpt lat="42.563919" lon="44.570048"><ele>2771.304889</ele><time>2026-07-11T12:28:23.000Z</time></trkpt><trkpt lat="42.563919" lon="44.570048"><ele>2771.304889</ele><time>2026-07-11T12:28:25.000Z</time></trkpt><trkpt lat="42.56391" lon="44.570032"><ele>2771.207963</ele><time>2026-07-11T12:28:33.000Z</time></trkpt><trkpt lat="42.563909" lon="44.57003"><ele>2771.196325</ele><time>2026-07-11T12:28:34.000Z</time></trkpt><trkpt lat="42.563908" lon="44.570042"><ele>2771.138184</ele><time>2026-07-11T12:28:36.000Z</time></trkpt><trkpt lat="42.563905" lon="44.570055"><ele>2771.072596</ele><time>2026-07-11T12:28:40.000Z</time></trkpt><trkpt lat="42.563915" lon="44.570049"><ele>2771.001131</ele><time>2026-07-11T12:28:50.000Z</time></trkpt><trkpt lat="42.563915" lon="44.570049"><ele>2771.001131</ele><time>2026-07-11T12:28:59.000Z</time></trkpt><trkpt lat="42.563915" lon="44.570049"><ele>2771.001131</ele><time>2026-07-11T12:29:08.000Z</time></trkpt><trkpt lat="42.563915" lon="44.570049"><ele>2771.001131</ele><time>2026-07-11T12:29:17.000Z</time></trkpt><trkpt lat="42.563907" lon="44.570054"><ele>2770.943564</ele><time>2026-07-11T12:29:18.000Z</time></trkpt><trkpt lat="42.563903" lon="44.570055"><ele>2770.916977</ele><time>2026-07-11T12:29:19.000Z</time></trkpt><trkpt lat="42.5639" lon="44.570056"><ele>2770.896785</ele><time>2026-07-11T12:29:20.000Z</time></trkpt><trkpt lat="42.563892" lon="44.57006"><ele>2770.841059</ele><time>2026-07-11T12:29:30.000Z</time></trkpt><trkpt lat="42.563891" lon="44.57006"><ele>2770.834522</ele><time>2026-07-11T12:29:40.000Z</time></trkpt><trkpt lat="42.563891" lon="44.57006"><ele>2770.834522</ele><time>2026-07-11T12:29:46.000Z</time></trkpt><trkpt lat="42.563891" lon="44.57006"><ele>2770.834522</ele><time>2026-07-11T12:29:52.000Z</time></trkpt><trkpt lat="42.563891" lon="44.57006"><ele>2770.834522</ele><time>2026-07-11T12:29:56.000Z</time></trkpt><trkpt lat="42.563897" lon="44.570038"><ele>2770.721577</ele><time>2026-07-11T12:30:09.000Z</time></trkpt><trkpt lat="42.563898" lon="44.570037"><ele>2770.713458</ele><time>2026-07-11T12:30:11.000Z</time></trkpt><trkpt lat="42.563908" lon="44.570037"><ele>2770.648092</ele><time>2026-07-11T12:30:17.000Z</time></trkpt><trkpt lat="42.563918" lon="44.570049"><ele>2770.560854</ele><time>2026-07-11T12:30:23.000Z</time></trkpt><trkpt lat="42.563918" lon="44.570049"><ele>2770.560854</ele><time>2026-07-11T12:30:32.000Z</time></trkpt><trkpt lat="42.563918" lon="44.570049"><ele>2770.560854</ele><time>2026-07-11T12:30:38.000Z</time></trkpt><trkpt lat="42.563918" lon="44.570049"><ele>2770.560854</ele><time>2026-07-11T12:31:17.000Z</time></trkpt><trkpt lat="42.563918" lon="44.570049"><ele>2770.560854</ele><time>2026-07-11T12:31:33.000Z</time></trkpt><trkpt lat="42.563918" lon="44.570049"><ele>2770.560854</ele><time>2026-07-11T12:31:34.000Z</time></trkpt><trkpt lat="42.563918" lon="44.570049"><ele>2770.560854</ele><time>2026-07-11T12:31:35.000Z</time></trkpt><trkpt lat="42.563918" lon="44.570048"><ele>2770.556039</ele><time>2026-07-11T12:31:57.000Z</time></trkpt><trkpt lat="42.563914" lon="44.570051"><ele>2770.526169</ele><time>2026-07-11T12:32:00.000Z</time></trkpt><trkpt lat="42.563918" lon="44.570049"><ele>2770.498305</ele><time>2026-07-11T12:32:04.000Z</time></trkpt><trkpt lat="42.563918" lon="44.570049"><ele>2770.498305</ele><time>2026-07-11T12:32:08.000Z</time></trkpt><trkpt lat="42.563908" lon="44.570055"><ele>2770.426841</ele><time>2026-07-11T12:32:21.000Z</time></trkpt><trkpt lat="42.563908" lon="44.570057"><ele>2770.417212</ele><time>2026-07-11T12:32:26.000Z</time></trkpt><trkpt lat="42.563918" lon="44.570049"><ele>2770.341342</ele><time>2026-07-11T12:32:38.000Z</time></trkpt><trkpt lat="42.5639" lon="44.570044"><ele>2770.221245</ele><time>2026-07-11T12:32:48.000Z</time></trkpt><trkpt lat="42.5639" lon="44.570029"><ele>2770.149029</ele><time>2026-07-11T12:32:56.000Z</time></trkpt><trkpt lat="42.563897" lon="44.570027"><ele>2770.127182</ele><time>2026-07-11T12:33:04.000Z</time></trkpt><trkpt lat="42.563897" lon="44.570027"><ele>2770.127182</ele><time>2026-07-11T12:33:27.000Z</time></trkpt><trkpt lat="42.563897" lon="44.570027"><ele>2770.127182</ele><time>2026-07-11T12:33:40.000Z</time></trkpt><trkpt lat="42.563902" lon="44.570055"><ele>2769.988473</ele><time>2026-07-11T12:33:44.000Z</time></trkpt><trkpt lat="42.563901" lon="44.570058"><ele>2769.97262</ele><time>2026-07-11T12:33:46.000Z</time></trkpt><trkpt lat="42.563895" lon="44.570062"><ele>2769.928927</ele><time>2026-07-11T12:33:57.000Z</time></trkpt><trkpt lat="42.563895" lon="44.570062"><ele>2769.928927</ele><time>2026-07-11T12:34:06.000Z</time></trkpt><trkpt lat="42.563895" lon="44.570062"><ele>2769.928927</ele><time>2026-07-11T12:34:07.000Z</time></trkpt><trkpt lat="42.563897" lon="44.570065"><ele>2769.909446</ele><time>2026-07-11T12:34:09.000Z</time></trkpt><trkpt lat="42.563895" lon="44.570062"><ele>2769.889965</ele><time>2026-07-11T12:34:13.000Z</time></trkpt><trkpt lat="42.563904" lon="44.570048"><ele>2769.8005</ele><time>2026-07-11T12:34:16.000Z</time></trkpt><trkpt lat="42.563904" lon="44.57005"><ele>2769.790871</ele><time>2026-07-11T12:34:26.000Z</time></trkpt><trkpt lat="42.563904" lon="44.570049"><ele>2769.786057</ele><time>2026-07-11T12:34:29.000Z</time></trkpt><trkpt lat="42.563904" lon="44.570049"><ele>2769.786057</ele><time>2026-07-11T12:34:35.000Z</time></trkpt><trkpt lat="42.563904" lon="44.570048"><ele>2769.781242</ele><time>2026-07-11T12:34:43.000Z</time></trkpt><trkpt lat="42.563899" lon="44.570051"><ele>2769.74551</ele><time>2026-07-11T12:34:44.000Z</time></trkpt><trkpt lat="42.563898" lon="44.570052"><ele>2769.737391</ele><time>2026-07-11T12:34:49.000Z</time></trkpt><trkpt lat="42.563904" lon="44.570049"><ele>2769.695597</ele><time>2026-07-11T12:34:58.000Z</time></trkpt><trkpt lat="42.563904" lon="44.570049"><ele>2769.695597</ele><time>2026-07-11T12:35:05.000Z</time></trkpt><trkpt lat="42.563904" lon="44.570049"><ele>2769.695597</ele><time>2026-07-11T12:35:07.000Z</time></trkpt><trkpt lat="42.563904" lon="44.570049"><ele>2769.695597</ele><time>2026-07-11T12:35:10.000Z</time></trkpt><trkpt lat="42.563904" lon="44.570049"><ele>2769.695597</ele><time>2026-07-11T12:35:14.000Z</time></trkpt><trkpt lat="42.563895" lon="44.570046"><ele>2769.63502</ele><time>2026-07-11T12:35:20.000Z</time></trkpt><trkpt lat="42.563904" lon="44.570049"><ele>2769.574443</ele><time>2026-07-11T12:35:22.000Z</time></trkpt><trkpt lat="42.563904" lon="44.570049"><ele>2769.574443</ele><time>2026-07-11T12:35:28.000Z</time></trkpt><trkpt lat="42.563904" lon="44.570049"><ele>2769.574443</ele><time>2026-07-11T12:35:31.000Z</time></trkpt><trkpt lat="42.563904" lon="44.570049"><ele>2769.574443</ele><time>2026-07-11T12:35:40.000Z</time></trkpt><trkpt lat="42.563904" lon="44.570049"><ele>2769.574443</ele><time>2026-07-11T12:35:52.000Z</time></trkpt><trkpt lat="42.563904" lon="44.570049"><ele>2769.574443</ele><time>2026-07-11T12:35:57.000Z</time></trkpt><trkpt lat="42.563904" lon="44.570049"><ele>2769.574443</ele><time>2026-07-11T12:36:05.000Z</time></trkpt><trkpt lat="42.563893" lon="44.570046"><ele>2769.501103</ele><time>2026-07-11T12:36:07.000Z</time></trkpt><trkpt lat="42.563894" lon="44.570049"><ele>2769.485249</ele><time>2026-07-11T12:36:08.000Z</time></trkpt><trkpt lat="42.563887" lon="44.570053"><ele>2769.435605</ele><time>2026-07-11T12:36:15.000Z</time></trkpt><trkpt lat="42.563888" lon="44.570052"><ele>2769.427487</ele><time>2026-07-11T12:36:16.000Z</time></trkpt><trkpt lat="42.563897" lon="44.570049"><ele>2769.36691</ele><time>2026-07-11T12:36:24.000Z</time></trkpt><trkpt lat="42.563903" lon="44.570042"><ele>2769.3152</ele><time>2026-07-11T12:36:27.000Z</time></trkpt><trkpt lat="42.563898" lon="44.570035"><ele>2769.268254</ele><time>2026-07-11T12:36:30.000Z</time></trkpt><trkpt lat="42.563906" lon="44.570043"><ele>2769.203307</ele><time>2026-07-11T12:36:35.000Z</time></trkpt><trkpt lat="42.563909" lon="44.570048"><ele>2769.172259</ele><time>2026-07-11T12:36:41.000Z</time></trkpt><trkpt lat="42.563909" lon="44.570048"><ele>2769.172259</ele><time>2026-07-11T12:37:02.000Z</time></trkpt><trkpt lat="42.563909" lon="44.570048"><ele>2769.172259</ele><time>2026-07-11T12:37:11.000Z</time></trkpt><trkpt lat="42.563909" lon="44.570048"><ele>2769.172259</ele><time>2026-07-11T12:37:27.000Z</time></trkpt><trkpt lat="42.563905" lon="44.570046"><ele>2769.144396</ele><time>2026-07-11T12:37:39.000Z</time></trkpt><trkpt lat="42.563907" lon="44.570042"><ele>2769.12112</ele><time>2026-07-11T12:37:53.000Z</time></trkpt><trkpt lat="42.563909" lon="44.570048"><ele>2769.089413</ele><time>2026-07-11T12:38:06.000Z</time></trkpt><trkpt lat="42.563903" lon="44.570043"><ele>2769.043394</ele><time>2026-07-11T12:38:23.000Z</time></trkpt><trkpt lat="42.563895" lon="44.570044"><ele>2768.99088</ele><time>2026-07-11T12:38:26.000Z</time></trkpt><trkpt lat="42.563891" lon="44.570044"><ele>2768.964733</ele><time>2026-07-11T12:38:29.000Z</time></trkpt><trkpt lat="42.563894" lon="44.570036"><ele>2768.921513</ele><time>2026-07-11T12:38:46.000Z</time></trkpt><trkpt lat="42.563891" lon="44.570044"><ele>2768.878293</ele><time>2026-07-11T12:39:05.000Z</time></trkpt><trkpt lat="42.563899" lon="44.570045"><ele>2768.825779</ele><time>2026-07-11T12:39:14.000Z</time></trkpt><trkpt lat="42.563901" lon="44.570039"><ele>2768.794072</ele><time>2026-07-11T12:39:23.000Z</time></trkpt><trkpt lat="42.563895" lon="44.57003"><ele>2768.735628</ele><time>2026-07-11T12:39:24.000Z</time></trkpt><trkpt lat="42.563872" lon="44.570018"><ele>2768.574566</ele><time>2026-07-11T12:39:27.000Z</time></trkpt><trkpt lat="42.563879" lon="44.57003"><ele>2768.500869</ele><time>2026-07-11T12:39:29.000Z</time></trkpt><trkpt lat="42.563911" lon="44.570042"><ele>2768.283864</ele><time>2026-07-11T12:39:33.000Z</time></trkpt><trkpt lat="42.563915" lon="44.570043"><ele>2768.257277</ele><time>2026-07-11T12:39:34.000Z</time></trkpt><trkpt lat="42.563935" lon="44.570056"><ele>2768.112335</ele><time>2026-07-11T12:39:37.000Z</time></trkpt><trkpt lat="42.563937" lon="44.57006"><ele>2768.089059</ele><time>2026-07-11T12:39:39.000Z</time></trkpt><trkpt lat="42.563939" lon="44.57006"><ele>2768.075986</ele><time>2026-07-11T12:39:40.000Z</time></trkpt><trkpt lat="42.563978" lon="44.570105"><ele>2767.741433</ele><time>2026-07-11T12:39:45.000Z</time></trkpt><trkpt lat="42.563986" lon="44.570083"><ele>2767.62331</ele><time>2026-07-11T12:39:51.000Z</time></trkpt><trkpt lat="42.563939" lon="44.57005"><ele>2767.277438</ele><time>2026-07-11T12:39:57.000Z</time></trkpt><trkpt lat="42.563934" lon="44.570048"><ele>2767.243366</ele><time>2026-07-11T12:39:58.000Z</time></trkpt><trkpt lat="42.563931" lon="44.57004"><ele>2767.200146</ele><time>2026-07-11T12:40:01.000Z</time></trkpt><trkpt lat="42.563929" lon="44.570054"><ele>2767.131488</ele><time>2026-07-11T12:40:13.000Z</time></trkpt><trkpt lat="42.563924" lon="44.570054"><ele>2767.098805</ele><time>2026-07-11T12:40:18.000Z</time></trkpt><trkpt lat="42.563924" lon="44.570037"><ele>2767.01696</ele><time>2026-07-11T12:40:20.000Z</time></trkpt><trkpt lat="42.563917" lon="44.57002"><ele>2766.923193</ele><time>2026-07-11T12:40:21.000Z</time></trkpt><trkpt lat="42.563897" lon="44.570008"><ele>2766.633308</ele><time>2026-07-11T12:40:23.000Z</time></trkpt><trkpt lat="42.563888" lon="44.570009"><ele>2766.419912</ele><time>2026-07-11T12:40:24.000Z</time></trkpt><trkpt lat="42.563868" lon="44.570015"><ele>2765.93588</ele><time>2026-07-11T12:40:26.000Z</time></trkpt><trkpt lat="42.56387" lon="44.570014"><ele>2765.885513</ele><time>2026-07-11T12:40:30.000Z</time></trkpt><trkpt lat="42.563866" lon="44.570016"><ele>2765.784781</ele><time>2026-07-11T12:40:31.000Z</time></trkpt><trkpt lat="42.563868" lon="44.570032"><ele>2765.502314</ele><time>2026-07-11T12:40:36.000Z</time></trkpt><trkpt lat="42.563869" lon="44.570026"><ele>2765.395242</ele><time>2026-07-11T12:40:39.000Z</time></trkpt><trkpt lat="42.563868" lon="44.570016"><ele>2765.219593</ele><time>2026-07-11T12:40:43.000Z</time></trkpt><trkpt lat="42.563877" lon="44.570023"><ele>2764.974482</ele><time>2026-07-11T12:40:46.000Z</time></trkpt><trkpt lat="42.563901" lon="44.570028"><ele>2764.400685</ele><time>2026-07-11T12:40:53.000Z</time></trkpt><trkpt lat="42.56391" lon="44.570035"><ele>2764.155575</ele><time>2026-07-11T12:40:57.000Z</time></trkpt><trkpt lat="42.563907" lon="44.570037"><ele>2764.076594</ele><time>2026-07-11T12:40:58.000Z</time></trkpt><trkpt lat="42.563903" lon="44.570035"><ele>2763.975862</ele><time>2026-07-11T12:40:59.000Z</time></trkpt><trkpt lat="42.563901" lon="44.570028"><ele>2763.845179</ele><time>2026-07-11T12:41:06.000Z</time></trkpt><trkpt lat="42.563924" lon="44.570066"><ele>2762.989099</ele><time>2026-07-11T12:41:14.000Z</time></trkpt><trkpt lat="42.563922" lon="44.57007"><ele>2762.904951</ele><time>2026-07-11T12:41:22.000Z</time></trkpt><trkpt lat="42.563931" lon="44.570056"><ele>2762.581514</ele><time>2026-07-11T12:41:35.000Z</time></trkpt><trkpt lat="42.563929" lon="44.570075"><ele>2762.247454</ele><time>2026-07-11T12:41:42.000Z</time></trkpt><trkpt lat="42.563955" lon="44.570086"><ele>2761.603892</ele><time>2026-07-11T12:41:47.000Z</time></trkpt><trkpt lat="42.563979" lon="44.570087"><ele>2761.036466</ele><time>2026-07-11T12:41:51.000Z</time></trkpt><trkpt lat="42.563998" lon="44.570087"><ele>2760.587465</ele><time>2026-07-11T12:41:57.000Z</time></trkpt><trkpt lat="42.563999" lon="44.570082"><ele>2760.497287</ele><time>2026-07-11T12:42:04.000Z</time></trkpt><trkpt lat="42.564046" lon="44.57012"><ele>2759.204586</ele><time>2026-07-11T12:42:10.000Z</time></trkpt><trkpt lat="42.564061" lon="44.570154"><ele>2758.514766</ele><time>2026-07-11T12:42:16.000Z</time></trkpt><trkpt lat="42.564095" lon="44.570208"><ele>2757.278258</ele><time>2026-07-11T12:42:23.000Z</time></trkpt><trkpt lat="42.564116" lon="44.570236"><ele>2756.582712</ele><time>2026-07-11T12:42:26.000Z</time></trkpt><trkpt lat="42.564118" lon="44.570267"><ele>2756.041085</ele><time>2026-07-11T12:42:31.000Z</time></trkpt><trkpt lat="42.564118" lon="44.570272"><ele>2755.954059</ele><time>2026-07-11T12:42:33.000Z</time></trkpt><trkpt lat="42.564118" lon="44.570272"><ele>2755.954059</ele><time>2026-07-11T12:42:38.000Z</time></trkpt><trkpt lat="42.564121" lon="44.570283"><ele>2755.749897</ele><time>2026-07-11T12:42:49.000Z</time></trkpt><trkpt lat="42.564121" lon="44.570288"><ele>2755.662871</ele><time>2026-07-11T12:42:50.000Z</time></trkpt><trkpt lat="42.564117" lon="44.570298"><ele>2755.464807</ele><time>2026-07-11T12:42:53.000Z</time></trkpt><trkpt lat="42.564109" lon="44.570316"><ele>2755.098892</ele><time>2026-07-11T12:43:00.000Z</time></trkpt><trkpt lat="42.564111" lon="44.570317"><ele>2755.048526</ele><time>2026-07-11T12:43:01.000Z</time></trkpt><trkpt lat="42.564117" lon="44.570339"><ele>2754.640202</ele><time>2026-07-11T12:43:06.000Z</time></trkpt><trkpt lat="42.56412" lon="44.570352"><ele>2754.403088</ele><time>2026-07-11T12:43:09.000Z</time></trkpt><trkpt lat="42.564122" lon="44.570366"><ele>2754.154874</ele><time>2026-07-11T12:43:13.000Z</time></trkpt><trkpt lat="42.564123" lon="44.570372"><ele>2754.047803</ele><time>2026-07-11T12:43:15.000Z</time></trkpt><trkpt lat="42.564125" lon="44.570385"><ele>2753.816651</ele><time>2026-07-11T12:43:17.000Z</time></trkpt><trkpt lat="42.564127" lon="44.570429"><ele>2753.049366</ele><time>2026-07-11T12:43:25.000Z</time></trkpt><trkpt lat="42.564125" lon="44.570443"><ele>2752.801152</ele><time>2026-07-11T12:43:27.000Z</time></trkpt><trkpt lat="42.564139" lon="44.570472"><ele>2752.197637</ele><time>2026-07-11T12:43:32.000Z</time></trkpt><trkpt lat="42.56414" lon="44.570478"><ele>2752.090565</ele><time>2026-07-11T12:43:33.000Z</time></trkpt><trkpt lat="42.564145" lon="44.570531"><ele>2751.160553</ele><time>2026-07-11T12:43:38.000Z</time></trkpt><trkpt lat="42.564141" lon="44.570562"><ele>2750.612775</ele><time>2026-07-11T12:43:43.000Z</time></trkpt><trkpt lat="42.564138" lon="44.570591"><ele>2750.10307</ele><time>2026-07-11T12:43:47.000Z</time></trkpt><trkpt lat="42.564137" lon="44.570606"><ele>2749.840924</ele><time>2026-07-11T12:43:49.000Z</time></trkpt><trkpt lat="42.564135" lon="44.57062"><ele>2749.59271</ele><time>2026-07-11T12:43:55.000Z</time></trkpt><trkpt lat="42.564147" lon="44.57062"><ele>2749.309131</ele><time>2026-07-11T12:44:04.000Z</time></trkpt><trkpt lat="42.564143" lon="44.570662"><ele>2748.572026</ele><time>2026-07-11T12:44:13.000Z</time></trkpt><trkpt lat="42.564147" lon="44.570677"><ele>2748.294363</ele><time>2026-07-11T12:44:17.000Z</time></trkpt><trkpt lat="42.56415" lon="44.570684"><ele>2748.153401</ele><time>2026-07-11T12:44:20.000Z</time></trkpt><trkpt lat="42.564149" lon="44.570692"><ele>2748.012169</ele><time>2026-07-11T12:44:22.000Z</time></trkpt><trkpt lat="42.564153" lon="44.57073"><ele>2747.344051</ele><time>2026-07-11T12:44:29.000Z</time></trkpt><trkpt lat="42.564151" lon="44.570737"><ele>2747.213368</ele><time>2026-07-11T12:44:30.000Z</time></trkpt><trkpt lat="42.564145" lon="44.570776"><ele>2746.519915</ele><time>2026-07-11T12:44:37.000Z</time></trkpt><trkpt lat="42.564142" lon="44.57078"><ele>2746.420551</ele><time>2026-07-11T12:44:38.000Z</time></trkpt><trkpt lat="42.564137" lon="44.570793"><ele>2746.16529</ele><time>2026-07-11T12:44:44.000Z</time></trkpt><trkpt lat="42.564128" lon="44.570834"><ele>2745.420657</ele><time>2026-07-11T12:44:51.000Z</time></trkpt><trkpt lat="42.564128" lon="44.57084"><ele>2745.316226</ele><time>2026-07-11T12:44:52.000Z</time></trkpt><trkpt lat="42.56412" lon="44.570846"><ele>2745.100247</ele><time>2026-07-11T12:44:58.000Z</time></trkpt><trkpt lat="42.56408" lon="44.570807"><ele>2743.936502</ele><time>2026-07-11T12:45:07.000Z</time></trkpt><trkpt lat="42.564076" lon="44.570804"><ele>2743.828513</ele><time>2026-07-11T12:45:08.000Z</time></trkpt><trkpt lat="42.564054" lon="44.570787"><ele>2743.230314</ele><time>2026-07-11T12:45:13.000Z</time></trkpt><trkpt lat="42.56404" lon="44.570782"><ele>2742.888216</ele><time>2026-07-11T12:45:16.000Z</time></trkpt><trkpt lat="42.564019" lon="44.570767"><ele>2742.327466</ele><time>2026-07-11T12:45:21.000Z</time></trkpt><trkpt lat="42.563993" lon="44.570749"><ele>2741.637779</ele><time>2026-07-11T12:45:28.000Z</time></trkpt><trkpt lat="42.563969" lon="44.570733"><ele>2741.005938</ele><time>2026-07-11T12:45:33.000Z</time></trkpt><trkpt lat="42.563958" lon="44.570728"><ele>2740.731809</ele><time>2026-07-11T12:45:35.000Z</time></trkpt><trkpt lat="42.563934" lon="44.570715"><ele>2740.121181</ele><time>2026-07-11T12:45:40.000Z</time></trkpt><trkpt lat="42.563931" lon="44.570722"><ele>2739.980219</ele><time>2026-07-11T12:45:43.000Z</time></trkpt><trkpt lat="42.563929" lon="44.570732"><ele>2739.799863</ele><time>2026-07-11T12:45:44.000Z</time></trkpt><trkpt lat="42.563929" lon="44.570746"><ele>2739.55619</ele><time>2026-07-11T12:45:46.000Z</time></trkpt><trkpt lat="42.563924" lon="44.570775"><ele>2739.037792</ele><time>2026-07-11T12:45:50.000Z</time></trkpt><trkpt lat="42.563923" lon="44.570781"><ele>2738.93072</ele><time>2026-07-11T12:45:52.000Z</time></trkpt><trkpt lat="42.563917" lon="44.57079"><ele>2738.719432</ele><time>2026-07-11T12:45:57.000Z</time></trkpt><trkpt lat="42.563916" lon="44.570798"><ele>2738.578198</ele><time>2026-07-11T12:45:59.000Z</time></trkpt><trkpt lat="42.563914" lon="44.570825"><ele>2738.105886</ele><time>2026-07-11T12:46:05.000Z</time></trkpt><trkpt lat="42.563915" lon="44.570831"><ele>2737.998814</ele><time>2026-07-11T12:46:07.000Z</time></trkpt><trkpt lat="42.563907" lon="44.570874"><ele>2737.226879</ele><time>2026-07-11T12:46:13.000Z</time></trkpt><trkpt lat="42.563906" lon="44.570885"><ele>2737.033969</ele><time>2026-07-11T12:46:15.000Z</time></trkpt><trkpt lat="42.563916" lon="44.570877"><ele>2736.759681</ele><time>2026-07-11T12:46:24.000Z</time></trkpt><trkpt lat="42.563895" lon="44.57087"><ele>2736.248679</ele><time>2026-07-11T12:46:34.000Z</time></trkpt><trkpt lat="42.563897" lon="44.57087"><ele>2736.201416</ele><time>2026-07-11T12:46:35.000Z</time></trkpt><trkpt lat="42.563899" lon="44.570921"><ele>2735.31249</ele><time>2026-07-11T12:46:42.000Z</time></trkpt><trkpt lat="42.563899" lon="44.570945"><ele>2734.894764</ele><time>2026-07-11T12:46:45.000Z</time></trkpt><trkpt lat="42.563892" lon="44.570959"><ele>2734.600245</ele><time>2026-07-11T12:46:48.000Z</time></trkpt><trkpt lat="42.56389" lon="44.570947"><ele>2734.386101</ele><time>2026-07-11T12:46:50.000Z</time></trkpt><trkpt lat="42.563874" lon="44.57094"><ele>2733.98885</ele><time>2026-07-11T12:46:53.000Z</time></trkpt><trkpt lat="42.563857" lon="44.570925"><ele>2733.50973</ele><time>2026-07-11T12:46:56.000Z</time></trkpt><trkpt lat="42.563846" lon="44.570925"><ele>2733.249782</ele><time>2026-07-11T12:46:58.000Z</time></trkpt><trkpt lat="42.563821" lon="44.570924"><ele>2732.658735</ele><time>2026-07-11T12:47:02.000Z</time></trkpt><trkpt lat="42.563801" lon="44.570913"><ele>2732.148796</ele><time>2026-07-11T12:47:06.000Z</time></trkpt><trkpt lat="42.563789" lon="44.570908"><ele>2731.852163</ele><time>2026-07-11T12:47:12.000Z</time></trkpt><trkpt lat="42.563787" lon="44.570906"><ele>2731.793463</ele><time>2026-07-11T12:47:14.000Z</time></trkpt><trkpt lat="42.563773" lon="44.570901"><ele>2731.451366</ele><time>2026-07-11T12:47:18.000Z</time></trkpt><trkpt lat="42.563761" lon="44.570906"><ele>2731.154733</ele><time>2026-07-11T12:47:22.000Z</time></trkpt><trkpt lat="42.563761" lon="44.570905"><ele>2731.137328</ele><time>2026-07-11T12:47:24.000Z</time></trkpt><trkpt lat="42.563776" lon="44.570899"><ele>2730.76779</ele><time>2026-07-11T12:47:39.000Z</time></trkpt><trkpt lat="42.563755" lon="44.570907"><ele>2730.252361</ele><time>2026-07-11T12:47:47.000Z</time></trkpt><trkpt lat="42.563753" lon="44.570909"><ele>2730.193662</ele><time>2026-07-11T12:47:48.000Z</time></trkpt><trkpt lat="42.563755" lon="44.570914"><ele>2730.094629</ele><time>2026-07-11T12:47:58.000Z</time></trkpt><trkpt lat="42.563749" lon="44.570911"><ele>2729.94353</ele><time>2026-07-11T12:48:07.000Z</time></trkpt><trkpt lat="42.563761" lon="44.570905"><ele>2729.641333</ele><time>2026-07-11T12:48:17.000Z</time></trkpt><trkpt lat="42.563761" lon="44.570905"><ele>2729.641333</ele><time>2026-07-11T12:48:19.000Z</time></trkpt><trkpt lat="42.563761" lon="44.570905"><ele>2729.641333</ele><time>2026-07-11T12:48:25.000Z</time></trkpt><trkpt lat="42.563754" lon="44.570905"><ele>2729.475911</ele><time>2026-07-11T12:48:40.000Z</time></trkpt><trkpt lat="42.563735" lon="44.570889"><ele>2728.947559</ele><time>2026-07-11T12:48:51.000Z</time></trkpt><trkpt lat="42.563735" lon="44.570888"><ele>2728.930154</ele><time>2026-07-11T12:48:52.000Z</time></trkpt><trkpt lat="42.563745" lon="44.570887"><ele>2728.693197</ele><time>2026-07-11T12:48:59.000Z</time></trkpt><trkpt lat="42.563747" lon="44.570889"><ele>2728.634498</ele><time>2026-07-11T12:49:00.000Z</time></trkpt><trkpt lat="42.56375" lon="44.570891"><ele>2728.555518</ele><time>2026-07-11T12:49:04.000Z</time></trkpt><trkpt lat="42.56375" lon="44.570894"><ele>2728.503302</ele><time>2026-07-11T12:49:12.000Z</time></trkpt><trkpt lat="42.563736" lon="44.570884"><ele>2728.129468</ele><time>2026-07-11T12:49:19.000Z</time></trkpt><trkpt lat="42.563712" lon="44.570889"><ele>2727.555671</ele><time>2026-07-11T12:49:28.000Z</time></trkpt><trkpt lat="42.563703" lon="44.570888"><ele>2727.342275</ele><time>2026-07-11T12:49:31.000Z</time></trkpt><trkpt lat="42.563691" lon="44.570888"><ele>2727.058695</ele><time>2026-07-11T12:49:36.000Z</time></trkpt><trkpt lat="42.563703" lon="44.5709"><ele>2726.7065</ele><time>2026-07-11T12:49:44.000Z</time></trkpt><trkpt lat="42.563702" lon="44.570902"><ele>2726.664426</ele><time>2026-07-11T12:49:45.000Z</time></trkpt><trkpt lat="42.563704" lon="44.570913"><ele>2726.46722</ele><time>2026-07-11T12:49:47.000Z</time></trkpt><trkpt lat="42.563686" lon="44.570926"><ele>2725.985414</ele><time>2026-07-11T12:49:52.000Z</time></trkpt><trkpt lat="42.563684" lon="44.570925"><ele>2725.935047</ele><time>2026-07-11T12:49:53.000Z</time></trkpt><trkpt lat="42.563665" lon="44.570918"><ele>2725.469809</ele><time>2026-07-11T12:50:00.000Z</time></trkpt><trkpt lat="42.563671" lon="44.570928"><ele>2725.245312</ele><time>2026-07-11T12:50:08.000Z</time></trkpt><trkpt lat="42.56367" lon="44.570939"><ele>2725.052401</ele><time>2026-07-11T12:50:12.000Z</time></trkpt><trkpt lat="42.563669" lon="44.57095"><ele>2724.859489</ele><time>2026-07-11T12:50:15.000Z</time></trkpt><trkpt lat="42.563668" lon="44.570974"><ele>2724.441094</ele><time>2026-07-11T12:50:19.000Z</time></trkpt><trkpt lat="42.563669" lon="44.570983"><ele>2724.249304</ele><time>2026-07-11T12:50:20.000Z</time></trkpt><trkpt lat="42.563669" lon="44.571021"><ele>2723.136396</ele><time>2026-07-11T12:50:26.000Z</time></trkpt><trkpt lat="42.563669" lon="44.571029"><ele>2722.9021</ele><time>2026-07-11T12:50:27.000Z</time></trkpt><trkpt lat="42.563673" lon="44.571075"><ele>2721.545538</ele><time>2026-07-11T12:50:33.000Z</time></trkpt><trkpt lat="42.563675" lon="44.571082"><ele>2721.325644</ele><time>2026-07-11T12:50:34.000Z</time></trkpt><trkpt lat="42.563682" lon="44.571116"><ele>2720.291713</ele><time>2026-07-11T12:50:39.000Z</time></trkpt><trkpt lat="42.563679" lon="44.571113"><ele>2720.143558</ele><time>2026-07-11T12:50:42.000Z</time></trkpt><trkpt lat="42.563676" lon="44.571105"><ele>2719.880641</ele><time>2026-07-11T12:50:49.000Z</time></trkpt><trkpt lat="42.563676" lon="44.571105"><ele>2719.880641</ele><time>2026-07-11T12:50:50.000Z</time></trkpt><trkpt lat="42.563675" lon="44.571105"><ele>2719.840877</ele><time>2026-07-11T12:50:52.000Z</time></trkpt><trkpt lat="42.563674" lon="44.571105"><ele>2719.801113</ele><time>2026-07-11T12:50:56.000Z</time></trkpt><trkpt lat="42.563672" lon="44.571117"><ele>2719.440783</ele><time>2026-07-11T12:51:09.000Z</time></trkpt><trkpt lat="42.563672" lon="44.571133"><ele>2718.97219</ele><time>2026-07-11T12:51:17.000Z</time></trkpt><trkpt lat="42.563655" lon="44.571126"><ele>2718.265803</ele><time>2026-07-11T12:51:22.000Z</time></trkpt><trkpt lat="42.563649" lon="44.571119"><ele>2717.951239</ele><time>2026-07-11T12:51:23.000Z</time></trkpt><trkpt lat="42.56364" lon="44.571109"><ele>2717.488803</ele><time>2026-07-11T12:51:25.000Z</time></trkpt><trkpt lat="42.563625" lon="44.571104"><ele>2716.874634</ele><time>2026-07-11T12:51:28.000Z</time></trkpt><trkpt lat="42.563623" lon="44.571107"><ele>2716.756125</ele><time>2026-07-11T12:51:29.000Z</time></trkpt><trkpt lat="42.563616" lon="44.571121"><ele>2716.260553</ele><time>2026-07-11T12:51:32.000Z</time></trkpt><trkpt lat="42.563613" lon="44.571135"><ele>2715.833533</ele><time>2026-07-11T12:51:34.000Z</time></trkpt><trkpt lat="42.563607" lon="44.571133"><ele>2715.587865</ele><time>2026-07-11T12:51:36.000Z</time></trkpt><trkpt lat="42.563588" lon="44.571136"><ele>2714.827262</ele><time>2026-07-11T12:51:40.000Z</time></trkpt><trkpt lat="42.563594" lon="44.571144"><ele>2714.492872</ele><time>2026-07-11T12:51:42.000Z</time></trkpt><trkpt lat="42.563586" lon="44.571148"><ele>2714.153877</ele><time>2026-07-11T12:51:46.000Z</time></trkpt><trkpt lat="42.563572" lon="44.571163"><ele>2713.444724</ele><time>2026-07-11T12:51:49.000Z</time></trkpt><trkpt lat="42.563569" lon="44.571179"><ele>2712.961185</ele><time>2026-07-11T12:51:52.000Z</time></trkpt><trkpt lat="42.563568" lon="44.571198"><ele>2712.403311</ele><time>2026-07-11T12:51:56.000Z</time></trkpt><trkpt lat="42.563559" lon="44.571201"><ele>2712.03481</ele><time>2026-07-11T12:51:57.000Z</time></trkpt><trkpt lat="42.563556" lon="44.571201"><ele>2711.915518</ele><time>2026-07-11T12:51:59.000Z</time></trkpt><trkpt lat="42.563532" lon="44.571212"><ele>2710.908278</ele><time>2026-07-11T12:52:04.000Z</time></trkpt><trkpt lat="42.563522" lon="44.571224"><ele>2710.377591</ele><time>2026-07-11T12:52:08.000Z</time></trkpt><trkpt lat="42.563524" lon="44.571238"><ele>2709.959929</ele><time>2026-07-11T12:52:10.000Z</time></trkpt><trkpt lat="42.563527" lon="44.571241"><ele>2709.811774</ele><time>2026-07-11T12:52:11.000Z</time></trkpt><trkpt lat="42.563518" lon="44.571264"><ele>2709.049006</ele><time>2026-07-11T12:52:17.000Z</time></trkpt><trkpt lat="42.563521" lon="44.571271"><ele>2708.811815</ele><time>2026-07-11T12:52:18.000Z</time></trkpt><trkpt lat="42.563532" lon="44.571313"><ele>2707.506301</ele><time>2026-07-11T12:52:25.000Z</time></trkpt><trkpt lat="42.563534" lon="44.571326"><ele>2707.117352</ele><time>2026-07-11T12:52:27.000Z</time></trkpt><trkpt lat="42.563535" lon="44.57134"><ele>2706.705408</ele><time>2026-07-11T12:52:30.000Z</time></trkpt><trkpt lat="42.563535" lon="44.571364"><ele>2706.002518</ele><time>2026-07-11T12:52:36.000Z</time></trkpt><trkpt lat="42.563535" lon="44.571385"><ele>2705.387488</ele><time>2026-07-11T12:52:39.000Z</time></trkpt><trkpt lat="42.563532" lon="44.571407"><ele>2704.732222</ele><time>2026-07-11T12:52:44.000Z</time></trkpt><trkpt lat="42.563528" lon="44.57142"><ele>2704.319601</ele><time>2026-07-11T12:52:46.000Z</time></trkpt><trkpt lat="42.563529" lon="44.571424"><ele>2704.195888</ele><time>2026-07-11T12:52:51.000Z</time></trkpt><trkpt lat="42.563517" lon="44.571419"><ele>2703.696759</ele><time>2026-07-11T12:52:54.000Z</time></trkpt><trkpt lat="42.563497" lon="44.571418"><ele>2702.900944</ele><time>2026-07-11T12:52:57.000Z</time></trkpt><trkpt lat="42.563492" lon="44.571428"><ele>2702.546963</ele><time>2026-07-11T12:52:59.000Z</time></trkpt><trkpt lat="42.563493" lon="44.571435"><ele>2702.338133</ele><time>2026-07-11T12:53:00.000Z</time></trkpt><trkpt lat="42.563494" lon="44.571442"><ele>2702.129302</ele><time>2026-07-11T12:53:01.000Z</time></trkpt><trkpt lat="42.563487" lon="44.571447"><ele>2701.814786</ele><time>2026-07-11T12:53:05.000Z</time></trkpt><trkpt lat="42.563483" lon="44.571449"><ele>2701.645289</ele><time>2026-07-11T12:53:07.000Z</time></trkpt><trkpt lat="42.563472" lon="44.571453"><ele>2701.192471</ele><time>2026-07-11T12:53:09.000Z</time></trkpt><trkpt lat="42.563442" lon="44.571487"><ele>2699.638577</ele><time>2026-07-11T12:53:14.000Z</time></trkpt><trkpt lat="42.563452" lon="44.571503"><ele>2699.024007</ele><time>2026-07-11T12:53:18.000Z</time></trkpt><trkpt lat="42.563456" lon="44.571509"><ele>2698.78699</ele><time>2026-07-11T12:53:20.000Z</time></trkpt><trkpt lat="42.563463" lon="44.571533"><ele>2698.030992</ele><time>2026-07-11T12:53:24.000Z</time></trkpt><trkpt lat="42.563459" lon="44.571559"><ele>2697.253092</ele><time>2026-07-11T12:53:28.000Z</time></trkpt><trkpt lat="42.563451" lon="44.57157"><ele>2696.800344</ele><time>2026-07-11T12:53:31.000Z</time></trkpt><trkpt lat="42.563441" lon="44.571561"><ele>2696.323278</ele><time>2026-07-11T12:53:34.000Z</time></trkpt><trkpt lat="42.563429" lon="44.571568"><ele>2695.803936</ele><time>2026-07-11T12:53:36.000Z</time></trkpt><trkpt lat="42.563428" lon="44.571592"><ele>2695.09992</ele><time>2026-07-11T12:53:40.000Z</time></trkpt><trkpt lat="42.563435" lon="44.571604"><ele>2694.6516</ele><time>2026-07-11T12:53:42.000Z</time></trkpt><trkpt lat="42.563451" lon="44.571626"><ele>2693.746105</ele><time>2026-07-11T12:53:47.000Z</time></trkpt><trkpt lat="42.563452" lon="44.571635"><ele>2693.479538</ele><time>2026-07-11T12:53:48.000Z</time></trkpt><trkpt lat="42.56343" lon="44.571634"><ele>2692.604245</ele><time>2026-07-11T12:53:52.000Z</time></trkpt><trkpt lat="42.563425" lon="44.571635"><ele>2692.403281</ele><time>2026-07-11T12:53:53.000Z</time></trkpt><trkpt lat="42.563398" lon="44.571651"><ele>2691.231852</ele><time>2026-07-11T12:53:58.000Z</time></trkpt><trkpt lat="42.563387" lon="44.571667"><ele>2690.590837</ele><time>2026-07-11T12:54:00.000Z</time></trkpt><trkpt lat="42.563387" lon="44.571684"><ele>2690.092954</ele><time>2026-07-11T12:54:03.000Z</time></trkpt><trkpt lat="42.563394" lon="44.571705"><ele>2689.417869</ele><time>2026-07-11T12:54:07.000Z</time></trkpt><trkpt lat="42.563395" lon="44.571711"><ele>2689.237704</ele><time>2026-07-11T12:54:08.000Z</time></trkpt><trkpt lat="42.563403" lon="44.571751"><ele>2688.023794</ele><time>2026-07-11T12:54:15.000Z</time></trkpt><trkpt lat="42.563405" lon="44.571751"><ele>2687.944266</ele><time>2026-07-11T12:54:16.000Z</time></trkpt><trkpt lat="42.5634" lon="44.571764"><ele>2687.514747</ele><time>2026-07-11T12:54:22.000Z</time></trkpt><trkpt lat="42.563396" lon="44.571765"><ele>2687.353018</ele><time>2026-07-11T12:54:23.000Z</time></trkpt><trkpt lat="42.563374" lon="44.571766"><ele>2686.477725</ele><time>2026-07-11T12:54:29.000Z</time></trkpt><trkpt lat="42.563371" lon="44.571765"><ele>2686.354891</ele><time>2026-07-11T12:54:30.000Z</time></trkpt><trkpt lat="42.563338" lon="44.571743"><ele>2684.893034</ele><time>2026-07-11T12:54:39.000Z</time></trkpt><trkpt lat="42.563337" lon="44.571745"><ele>2684.822238</ele><time>2026-07-11T12:54:40.000Z</time></trkpt><trkpt lat="42.563316" lon="44.571752"><ele>2683.962401</ele><time>2026-07-11T12:54:44.000Z</time></trkpt><trkpt lat="42.563312" lon="44.571758"><ele>2683.725384</ele><time>2026-07-11T12:54:46.000Z</time></trkpt><trkpt lat="42.563305" lon="44.571779"><ele>2683.050298</ele><time>2026-07-11T12:54:51.000Z</time></trkpt><trkpt lat="42.563303" lon="44.571783"><ele>2682.908705</ele><time>2026-07-11T12:54:52.000Z</time></trkpt><trkpt lat="42.563307" lon="44.571776"><ele>2682.649229</ele><time>2026-07-11T12:55:02.000Z</time></trkpt><trkpt lat="42.563305" lon="44.571771"><ele>2682.482591</ele><time>2026-07-11T12:55:05.000Z</time></trkpt><trkpt lat="42.563297" lon="44.571782"><ele>2682.029843</ele><time>2026-07-11T12:55:12.000Z</time></trkpt><trkpt lat="42.563307" lon="44.571803"><ele>2681.297464</ele><time>2026-07-11T12:55:20.000Z</time></trkpt><trkpt lat="42.563303" lon="44.571826"><ele>2680.605334</ele><time>2026-07-11T12:55:26.000Z</time></trkpt><trkpt lat="42.563302" lon="44.571835"><ele>2680.338767</ele><time>2026-07-11T12:55:28.000Z</time></trkpt><trkpt lat="42.5633" lon="44.571853"><ele>2679.805632</ele><time>2026-07-11T12:55:31.000Z</time></trkpt><trkpt lat="42.563292" lon="44.571847"><ele>2679.442213</ele><time>2026-07-11T12:55:36.000Z</time></trkpt><trkpt lat="42.563272" lon="44.571877"><ele>2678.257127</ele><time>2026-07-11T12:55:43.000Z</time></trkpt><trkpt lat="42.563268" lon="44.57188"><ele>2678.075418</ele><time>2026-07-11T12:55:44.000Z</time></trkpt><trkpt lat="42.563264" lon="44.571894"><ele>2677.635627</ele><time>2026-07-11T12:55:48.000Z</time></trkpt><trkpt lat="42.563271" lon="44.571898"><ele>2677.333632</ele><time>2026-07-11T12:55:50.000Z</time></trkpt><trkpt lat="42.563278" lon="44.571908"><ele>2676.929589</ele><time>2026-07-11T12:55:56.000Z</time></trkpt><trkpt lat="42.563265" lon="44.571917"><ele>2676.349337</ele><time>2026-07-11T12:55:59.000Z</time></trkpt><trkpt lat="42.563244" lon="44.571939"><ele>2675.294615</ele><time>2026-07-11T12:56:03.000Z</time></trkpt><trkpt lat="42.563235" lon="44.57195"><ele>2674.813096</ele><time>2026-07-11T12:56:08.000Z</time></trkpt><trkpt lat="42.563228" lon="44.571951"><ele>2674.533213</ele><time>2026-07-11T12:56:09.000Z</time></trkpt><trkpt lat="42.563215" lon="44.571974"><ele>2673.684118</ele><time>2026-07-11T12:56:14.000Z</time></trkpt><trkpt lat="42.563214" lon="44.571975"><ele>2673.634733</ele><time>2026-07-11T12:56:15.000Z</time></trkpt><trkpt lat="42.5632" lon="44.571997"><ele>2672.783231</ele><time>2026-07-11T12:56:21.000Z</time></trkpt><trkpt lat="42.563195" lon="44.571999"><ele>2672.575964</ele><time>2026-07-11T12:56:22.000Z</time></trkpt><trkpt lat="42.563184" lon="44.57201"><ele>2672.032726</ele><time>2026-07-11T12:56:27.000Z</time></trkpt><trkpt lat="42.563184" lon="44.572013"><ele>2671.944864</ele><time>2026-07-11T12:56:29.000Z</time></trkpt><trkpt lat="42.563186" lon="44.572032"><ele>2671.382752</ele><time>2026-07-11T12:56:34.000Z</time></trkpt><trkpt lat="42.563188" lon="44.572039"><ele>2671.162856</ele><time>2026-07-11T12:56:36.000Z</time></trkpt><trkpt lat="42.563205" lon="44.572054"><ele>2670.356663</ele><time>2026-07-11T12:56:41.000Z</time></trkpt><trkpt lat="42.563214" lon="44.572066"><ele>2669.855077</ele><time>2026-07-11T12:56:43.000Z</time></trkpt><trkpt lat="42.563229" lon="44.572101"><ele>2668.669119</ele><time>2026-07-11T12:56:50.000Z</time></trkpt><trkpt lat="42.563229" lon="44.572096"><ele>2668.522683</ele><time>2026-07-11T12:56:52.000Z</time></trkpt><trkpt lat="42.563221" lon="44.572115"><ele>2667.881715</ele><time>2026-07-11T12:56:56.000Z</time></trkpt><trkpt lat="42.563221" lon="44.572121"><ele>2667.705991</ele><time>2026-07-11T12:57:00.000Z</time></trkpt><trkpt lat="42.563223" lon="44.572122"><ele>2667.621242</ele><time>2026-07-11T12:57:03.000Z</time></trkpt><trkpt lat="42.563227" lon="44.572148"><ele>2666.843339</ele><time>2026-07-11T12:57:10.000Z</time></trkpt><trkpt lat="42.563225" lon="44.572151"><ele>2666.724831</ele><time>2026-07-11T12:57:11.000Z</time></trkpt><trkpt lat="42.563223" lon="44.572147"><ele>2666.583238</ele><time>2026-07-11T12:57:13.000Z</time></trkpt><trkpt lat="42.56322" lon="44.572148"><ele>2666.460404</ele><time>2026-07-11T12:57:17.000Z</time></trkpt><trkpt lat="42.563201" lon="44.57215"><ele>2665.702625</ele><time>2026-07-11T12:57:25.000Z</time></trkpt><trkpt lat="42.563204" lon="44.57215"><ele>2665.583334</ele><time>2026-07-11T12:57:26.000Z</time></trkpt><trkpt lat="42.563201" lon="44.572144"><ele>2665.370945</ele><time>2026-07-11T12:57:36.000Z</time></trkpt><trkpt lat="42.563204" lon="44.572147"><ele>2665.222789</ele><time>2026-07-11T12:57:43.000Z</time></trkpt><trkpt lat="42.563207" lon="44.57217"><ele>2664.5387</ele><time>2026-07-11T12:57:53.000Z</time></trkpt><trkpt lat="42.563205" lon="44.572173"><ele>2664.420192</ele><time>2026-07-11T12:57:57.000Z</time></trkpt><trkpt lat="42.563207" lon="44.572194"><ele>2663.800038</ele><time>2026-07-11T12:58:02.000Z</time></trkpt><trkpt lat="42.563207" lon="44.5722"><ele>2663.624315</ele><time>2026-07-11T12:58:03.000Z</time></trkpt><trkpt lat="42.563197" lon="44.572208"><ele>2663.162783</ele><time>2026-07-11T12:58:08.000Z</time></trkpt><trkpt lat="42.563199" lon="44.572209"><ele>2663.078034</ele><time>2026-07-11T12:58:09.000Z</time></trkpt><trkpt lat="42.563201" lon="44.572226"><ele>2662.573839</ele><time>2026-07-11T12:58:12.000Z</time></trkpt><trkpt lat="42.563198" lon="44.572241"><ele>2662.118622</ele><time>2026-07-11T12:58:14.000Z</time></trkpt><trkpt lat="42.563197" lon="44.572244"><ele>2662.022181</ele><time>2026-07-11T12:58:15.000Z</time></trkpt><trkpt lat="42.56319" lon="44.572259"><ele>2661.502114</ele><time>2026-07-11T12:58:20.000Z</time></trkpt><trkpt lat="42.563193" lon="44.572262"><ele>2661.353959</ele><time>2026-07-11T12:58:21.000Z</time></trkpt><trkpt lat="42.56319" lon="44.572284"><ele>2660.698689</ele><time>2026-07-11T12:58:28.000Z</time></trkpt><trkpt lat="42.56319" lon="44.572284"><ele>2660.698689</ele><time>2026-07-11T12:58:35.000Z</time></trkpt><trkpt lat="42.563186" lon="44.572277"><ele>2660.439212</ele><time>2026-07-11T12:58:37.000Z</time></trkpt><trkpt lat="42.563176" lon="44.572283"><ele>2660.004477</ele><time>2026-07-11T12:58:39.000Z</time></trkpt><trkpt lat="42.563161" lon="44.572296"><ele>2659.296862</ele><time>2026-07-11T12:58:44.000Z</time></trkpt><trkpt lat="42.563157" lon="44.572305"><ele>2658.989005</ele><time>2026-07-11T12:58:45.000Z</time></trkpt><trkpt lat="42.563151" lon="44.572325"><ele>2658.356534</ele><time>2026-07-11T12:58:50.000Z</time></trkpt><trkpt lat="42.563151" lon="44.572323"><ele>2658.297959</ele><time>2026-07-11T12:58:51.000Z</time></trkpt><trkpt lat="42.563147" lon="44.572316"><ele>2658.038483</ele><time>2026-07-11T12:58:56.000Z</time></trkpt><trkpt lat="42.563148" lon="44.572312"><ele>2657.914769</ele><time>2026-07-11T12:58:57.000Z</time></trkpt><trkpt lat="42.563125" lon="44.572335"><ele>2656.778908</ele><time>2026-07-11T12:59:09.000Z</time></trkpt><trkpt lat="42.56311" lon="44.572367"><ele>2655.668011</ele><time>2026-07-11T12:59:16.000Z</time></trkpt><trkpt lat="42.563106" lon="44.572375"><ele>2655.384825</ele><time>2026-07-11T12:59:17.000Z</time></trkpt><trkpt lat="42.5631" lon="44.572403"><ele>2654.530778</ele><time>2026-07-11T12:59:21.000Z</time></trkpt><trkpt lat="42.5631" lon="44.572415"><ele>2654.179331</ele><time>2026-07-11T12:59:23.000Z</time></trkpt><trkpt lat="42.563094" lon="44.572421"><ele>2653.883019</ele><time>2026-07-11T12:59:26.000Z</time></trkpt><trkpt lat="42.563082" lon="44.572431"><ele>2653.323143</ele><time>2026-07-11T12:59:29.000Z</time></trkpt><trkpt lat="42.563075" lon="44.572439"><ele>2652.959312</ele><time>2026-07-11T12:59:30.000Z</time></trkpt><trkpt lat="42.563055" lon="44.572455"><ele>2651.938624</ele><time>2026-07-11T12:59:34.000Z</time></trkpt><trkpt lat="42.563046" lon="44.572459"><ele>2651.514597</ele><time>2026-07-11T12:59:36.000Z</time></trkpt><trkpt lat="42.563038" lon="44.572478"><ele>2650.792832</ele><time>2026-07-11T12:59:39.000Z</time></trkpt><trkpt lat="42.563033" lon="44.572509"><ele>2649.746253</ele><time>2026-07-11T12:59:42.000Z</time></trkpt><trkpt lat="42.563032" lon="44.572517"><ele>2649.478648</ele><time>2026-07-11T12:59:43.000Z</time></trkpt><trkpt lat="42.563018" lon="44.572509"><ele>2648.798524</ele><time>2026-07-11T12:59:48.000Z</time></trkpt><trkpt lat="42.563012" lon="44.57251"><ele>2648.527851</ele><time>2026-07-11T12:59:49.000Z</time></trkpt><trkpt lat="42.562988" lon="44.572538"><ele>2647.110982</ele><time>2026-07-11T12:59:54.000Z</time></trkpt><trkpt lat="42.562976" lon="44.572553"><ele>2646.380626</ele><time>2026-07-11T12:59:57.000Z</time></trkpt><trkpt lat="42.562974" lon="44.572564"><ele>2646.006965</ele><time>2026-07-11T12:59:59.000Z</time></trkpt><trkpt lat="42.56297" lon="44.572586"><ele>2645.259645</ele><time>2026-07-11T13:00:04.000Z</time></trkpt><trkpt lat="42.562963" lon="44.572598"><ele>2644.75481</ele><time>2026-07-11T13:00:08.000Z</time></trkpt><trkpt lat="42.562953" lon="44.572601"><ele>2644.296249</ele><time>2026-07-11T13:00:10.000Z</time></trkpt><trkpt lat="42.562942" lon="44.57261"><ele>2643.721192</ele><time>2026-07-11T13:00:14.000Z</time></trkpt><trkpt lat="42.562941" lon="44.572608"><ele>2643.641471</ele><time>2026-07-11T13:00:19.000Z</time></trkpt><trkpt lat="42.562936" lon="44.572617"><ele>2643.269692</ele><time>2026-07-11T13:00:26.000Z</time></trkpt><trkpt lat="42.562942" lon="44.572615"><ele>2642.993057</ele><time>2026-07-11T13:00:30.000Z</time></trkpt><trkpt lat="42.562936" lon="44.57262"><ele>2642.677831</ele><time>2026-07-11T13:00:37.000Z</time></trkpt><trkpt lat="42.562924" lon="44.572634"><ele>2641.969396</ele><time>2026-07-11T13:00:39.000Z</time></trkpt><trkpt lat="42.562906" lon="44.572642"><ele>2641.121343</ele><time>2026-07-11T13:00:43.000Z</time></trkpt><trkpt lat="42.562901" lon="44.572651"><ele>2640.749563</ele><time>2026-07-11T13:00:44.000Z</time></trkpt><trkpt lat="42.562895" lon="44.572671"><ele>2640.037364</ele><time>2026-07-11T13:00:47.000Z</time></trkpt><trkpt lat="42.562888" lon="44.572694"><ele>2639.216636</ele><time>2026-07-11T13:00:51.000Z</time></trkpt><trkpt lat="42.562882" lon="44.572701"><ele>2638.862419</ele><time>2026-07-11T13:00:53.000Z</time></trkpt><trkpt lat="42.562865" lon="44.572721"><ele>2637.855212</ele><time>2026-07-11T13:00:58.000Z</time></trkpt><trkpt lat="42.562861" lon="44.572732"><ele>2637.450636</ele><time>2026-07-11T13:00:59.000Z</time></trkpt><trkpt lat="42.562853" lon="44.57276"><ele>2636.460175</ele><time>2026-07-11T13:01:04.000Z</time></trkpt><trkpt lat="42.56285" lon="44.572765"><ele>2636.24749</ele><time>2026-07-11T13:01:06.000Z</time></trkpt><trkpt lat="42.562842" lon="44.57278"><ele>2635.636729</ele><time>2026-07-11T13:01:09.000Z</time></trkpt><trkpt lat="42.56283" lon="44.57281"><ele>2634.510864</ele><time>2026-07-11T13:01:14.000Z</time></trkpt><trkpt lat="42.562827" lon="44.572817"><ele>2634.243772</ele><time>2026-07-11T13:01:15.000Z</time></trkpt><trkpt lat="42.562821" lon="44.572857"><ele>2632.897525</ele><time>2026-07-11T13:01:19.000Z</time></trkpt><trkpt lat="42.562825" lon="44.572872"><ele>2632.371412</ele><time>2026-07-11T13:01:21.000Z</time></trkpt><trkpt lat="42.562827" lon="44.572882"><ele>2632.029678</ele><time>2026-07-11T13:01:23.000Z</time></trkpt><trkpt lat="42.562829" lon="44.572902"><ele>2631.364042</ele><time>2026-07-11T13:01:27.000Z</time></trkpt><trkpt lat="42.56282" lon="44.572913"><ele>2630.821824</ele><time>2026-07-11T13:01:30.000Z</time></trkpt><trkpt lat="42.562813" lon="44.572926"><ele>2630.290741</ele><time>2026-07-11T13:01:32.000Z</time></trkpt><trkpt lat="42.562807" lon="44.572944"><ele>2629.639152</ele><time>2026-07-11T13:01:37.000Z</time></trkpt><trkpt lat="42.562802" lon="44.572962"><ele>2629.004712</ele><time>2026-07-11T13:01:39.000Z</time></trkpt><trkpt lat="42.56279" lon="44.572982"><ele>2628.153973</ele><time>2026-07-11T13:01:42.000Z</time></trkpt><trkpt lat="42.562782" lon="44.572994"><ele>2627.620182</ele><time>2026-07-11T13:01:48.000Z</time></trkpt><trkpt lat="42.562782" lon="44.573013"><ele>2626.993577</ele><time>2026-07-11T13:01:51.000Z</time></trkpt><trkpt lat="42.56278" lon="44.573017"><ele>2626.834135</ele><time>2026-07-11T13:01:52.000Z</time></trkpt><trkpt lat="42.562776" lon="44.573022"><ele>2626.590682</ele><time>2026-07-11T13:01:53.000Z</time></trkpt><trkpt lat="42.562775" lon="44.573031"><ele>2626.290511</ele><time>2026-07-11T13:01:54.000Z</time></trkpt><trkpt lat="42.562777" lon="44.573046"><ele>2625.787782</ele><time>2026-07-11T13:01:57.000Z</time></trkpt><trkpt lat="42.56279" lon="44.573076"><ele>2624.639873</ele><time>2026-07-11T13:02:02.000Z</time></trkpt><trkpt lat="42.5628" lon="44.573105"><ele>2623.583849</ele><time>2026-07-11T13:02:07.000Z</time></trkpt><trkpt lat="42.5628" lon="44.573105"><ele>2623.583849</ele><time>2026-07-11T13:02:08.000Z</time></trkpt><trkpt lat="42.562797" lon="44.573126"><ele>2622.878379</ele><time>2026-07-11T13:02:11.000Z</time></trkpt><trkpt lat="42.562788" lon="44.57315"><ele>2621.990194</ele><time>2026-07-11T13:02:14.000Z</time></trkpt><trkpt lat="42.562787" lon="44.573152"><ele>2621.910473</ele><time>2026-07-11T13:02:15.000Z</time></trkpt><trkpt lat="42.562778" lon="44.573181"><ele>2620.872642</ele><time>2026-07-11T13:02:20.000Z</time></trkpt><trkpt lat="42.562785" lon="44.57319"><ele>2620.440973</ele><time>2026-07-11T13:02:22.000Z</time></trkpt><trkpt lat="42.56278" lon="44.5732"><ele>2620.042369</ele><time>2026-07-11T13:02:26.000Z</time></trkpt><trkpt lat="42.562773" lon="44.573207"><ele>2619.653095</ele><time>2026-07-11T13:02:27.000Z</time></trkpt><trkpt lat="42.562761" lon="44.573225"><ele>2618.852409</ele><time>2026-07-11T13:02:32.000Z</time></trkpt><trkpt lat="42.562766" lon="44.573232"><ele>2618.530825</ele><time>2026-07-11T13:02:36.000Z</time></trkpt><trkpt lat="42.56279" lon="44.573275"><ele>2616.751541</ele><time>2026-07-11T13:02:43.000Z</time></trkpt><trkpt lat="42.562792" lon="44.573309"><ele>2615.626677</ele><time>2026-07-11T13:02:47.000Z</time></trkpt><trkpt lat="42.562795" lon="44.573331"><ele>2614.888804</ele><time>2026-07-11T13:02:51.000Z</time></trkpt><trkpt lat="42.562792" lon="44.57334"><ele>2614.563009</ele><time>2026-07-11T13:02:53.000Z</time></trkpt><trkpt lat="42.562784" lon="44.573369"><ele>2613.541731</ele><time>2026-07-11T13:02:58.000Z</time></trkpt><trkpt lat="42.562781" lon="44.573385"><ele>2612.997233</ele><time>2026-07-11T13:03:03.000Z</time></trkpt><trkpt lat="42.562773" lon="44.573383"><ele>2612.633002</ele><time>2026-07-11T13:03:06.000Z</time></trkpt><trkpt lat="42.56276" lon="44.573389"><ele>2612.0182</ele><time>2026-07-11T13:03:12.000Z</time></trkpt><trkpt lat="42.562772" lon="44.573389"><ele>2611.480886</ele><time>2026-07-11T13:03:20.000Z</time></trkpt><trkpt lat="42.562767" lon="44.573396"><ele>2611.159302</ele><time>2026-07-11T13:03:30.000Z</time></trkpt><trkpt lat="42.562756" lon="44.573404"><ele>2610.600553</ele><time>2026-07-11T13:03:34.000Z</time></trkpt><trkpt lat="42.562751" lon="44.573422"><ele>2609.966112</ele><time>2026-07-11T13:03:38.000Z</time></trkpt><trkpt lat="42.56275" lon="44.57343"><ele>2609.698505</ele><time>2026-07-11T13:03:40.000Z</time></trkpt><trkpt lat="42.562749" lon="44.573462"><ele>2608.64222</ele><time>2026-07-11T13:03:45.000Z</time></trkpt><trkpt lat="42.562748" lon="44.573471"><ele>2608.342048</ele><time>2026-07-11T13:03:46.000Z</time></trkpt><trkpt lat="42.562736" lon="44.573478"><ele>2607.757241</ele><time>2026-07-11T13:03:51.000Z</time></trkpt><trkpt lat="42.56273" lon="44.573489"><ele>2607.305821</ele><time>2026-07-11T13:03:54.000Z</time></trkpt><trkpt lat="42.562711" lon="44.573515"><ele>2606.097927</ele><time>2026-07-11T13:03:59.000Z</time></trkpt><trkpt lat="42.562711" lon="44.573547"><ele>2605.04259</ele><time>2026-07-11T13:04:04.000Z</time></trkpt><trkpt lat="42.562709" lon="44.573556"><ele>2604.732562</ele><time>2026-07-11T13:04:05.000Z</time></trkpt><trkpt lat="42.562707" lon="44.573579"><ele>2603.96877</ele><time>2026-07-11T13:04:08.000Z</time></trkpt><trkpt lat="42.562702" lon="44.5736"><ele>2603.240918</ele><time>2026-07-11T13:04:11.000Z</time></trkpt><trkpt lat="42.562695" lon="44.573606"><ele>2602.87025</ele><time>2026-07-11T13:04:13.000Z</time></trkpt><trkpt lat="42.562703" lon="44.573609"><ele>2602.498629</ele><time>2026-07-11T13:04:15.000Z</time></trkpt><trkpt lat="42.562695" lon="44.573635"><ele>2601.569353</ele><time>2026-07-11T13:04:19.000Z</time></trkpt><trkpt lat="42.562691" lon="44.573644"><ele>2601.222688</ele><time>2026-07-11T13:04:20.000Z</time></trkpt><trkpt lat="42.562678" lon="44.573645"><ele>2600.639665</ele><time>2026-07-11T13:04:22.000Z</time></trkpt><trkpt lat="42.562671" lon="44.573657"><ele>2600.134829</ele><time>2026-07-11T13:04:24.000Z</time></trkpt><trkpt lat="42.562662" lon="44.57367"><ele>2599.546436</ele><time>2026-07-11T13:04:27.000Z</time></trkpt><trkpt lat="42.562647" lon="44.573688"><ele>2598.650056</ele><time>2026-07-11T13:04:31.000Z</time></trkpt><trkpt lat="42.562647" lon="44.573706"><ele>2598.056429</ele><time>2026-07-11T13:04:34.000Z</time></trkpt><trkpt lat="42.562646" lon="44.573723"><ele>2597.493996</ele><time>2026-07-11T13:04:36.000Z</time></trkpt><trkpt lat="42.562639" lon="44.573729"><ele>2597.123327</ele><time>2026-07-11T13:04:39.000Z</time></trkpt><trkpt lat="42.562628" lon="44.573739"><ele>2596.530574</ele><time>2026-07-11T13:04:42.000Z</time></trkpt><trkpt lat="42.562621" lon="44.573753"><ele>2595.972527</ele><time>2026-07-11T13:04:44.000Z</time></trkpt><trkpt lat="42.56261" lon="44.573784"><ele>2594.837709</ele><time>2026-07-11T13:04:49.000Z</time></trkpt><trkpt lat="42.562615" lon="44.573817"><ele>2593.726603</ele><time>2026-07-11T13:04:54.000Z</time></trkpt><trkpt lat="42.562618" lon="44.573836"><ele>2593.085759</ele><time>2026-07-11T13:04:57.000Z</time></trkpt><trkpt lat="42.562617" lon="44.573836"><ele>2593.040983</ele><time>2026-07-11T13:04:58.000Z</time></trkpt><trkpt lat="42.562612" lon="44.573868"><ele>2591.962159</ele><time>2026-07-11T13:05:02.000Z</time></trkpt><trkpt lat="42.562613" lon="44.573886"><ele>2591.366845</ele><time>2026-07-11T13:05:06.000Z</time></trkpt><trkpt lat="42.562615" lon="44.573885"><ele>2591.271413</ele><time>2026-07-11T13:05:07.000Z</time></trkpt><trkpt lat="42.562626" lon="44.573912"><ele>2590.253828</ele><time>2026-07-11T13:05:12.000Z</time></trkpt><trkpt lat="42.562622" lon="44.573912"><ele>2590.074723</ele><time>2026-07-11T13:05:13.000Z</time></trkpt><trkpt lat="42.562618" lon="44.573891"><ele>2589.359373</ele><time>2026-07-11T13:05:17.000Z</time></trkpt><trkpt lat="42.562602" lon="44.573942"><ele>2587.531206</ele><time>2026-07-11T13:05:24.000Z</time></trkpt><trkpt lat="42.5626" lon="44.573955"><ele>2587.093222</ele><time>2026-07-11T13:05:26.000Z</time></trkpt><trkpt lat="42.562602" lon="44.57397"><ele>2586.590492</ele><time>2026-07-11T13:05:28.000Z</time></trkpt><trkpt lat="42.562603" lon="44.573997"><ele>2585.698924</ele><time>2026-07-11T13:05:32.000Z</time></trkpt><trkpt lat="42.562603" lon="44.573998"><ele>2585.665945</ele><time>2026-07-11T13:05:33.000Z</time></trkpt><trkpt lat="42.562606" lon="44.57402"><ele>2584.92807</ele><time>2026-07-11T13:05:36.000Z</time></trkpt><trkpt lat="42.562601" lon="44.574043"><ele>2584.137196</ele><time>2026-07-11T13:05:40.000Z</time></trkpt><trkpt lat="42.562586" lon="44.574078"><ele>2582.801734</ele><time>2026-07-11T13:05:45.000Z</time></trkpt><trkpt lat="42.562596" lon="44.574071"><ele>2582.297964</ele><time>2026-07-11T13:05:48.000Z</time></trkpt><trkpt lat="42.562588" lon="44.574095"><ele>2581.429176</ele><time>2026-07-11T13:05:55.000Z</time></trkpt><trkpt lat="42.562582" lon="44.574121"><ele>2580.530611</ele><time>2026-07-11T13:05:59.000Z</time></trkpt><trkpt lat="42.562579" lon="44.574149"><ele>2579.597471</ele><time>2026-07-11T13:06:02.000Z</time></trkpt><trkpt lat="42.562576" lon="44.574166"><ele>2579.020954</ele><time>2026-07-11T13:06:04.000Z</time></trkpt><trkpt lat="42.562579" lon="44.574193"><ele>2578.120437</ele><time>2026-07-11T13:06:08.000Z</time></trkpt><trkpt lat="42.562577" lon="44.574211"><ele>2577.520092</ele><time>2026-07-11T13:06:10.000Z</time></trkpt><trkpt lat="42.562576" lon="44.57422"><ele>2577.219919</ele><time>2026-07-11T13:06:12.000Z</time></trkpt><trkpt lat="42.56257" lon="44.574244"><ele>2576.384063</ele><time>2026-07-11T13:06:16.000Z</time></trkpt><trkpt lat="42.562567" lon="44.574252"><ele>2576.088001</ele><time>2026-07-11T13:06:18.000Z</time></trkpt><trkpt lat="42.562564" lon="44.574269"><ele>2575.511484</ele><time>2026-07-11T13:06:21.000Z</time></trkpt><trkpt lat="42.562559" lon="44.574297"><ele>2574.561311</ele><time>2026-07-11T13:06:25.000Z</time></trkpt><trkpt lat="42.562557" lon="44.574306"><ele>2574.251281</ele><time>2026-07-11T13:06:26.000Z</time></trkpt><trkpt lat="42.562553" lon="44.57433"><ele>2573.439765</ele><time>2026-07-11T13:06:29.000Z</time></trkpt><trkpt lat="42.56255" lon="44.574353"><ele>2572.669438</ele><time>2026-07-11T13:06:32.000Z</time></trkpt><trkpt lat="42.562549" lon="44.574359"><ele>2572.466559</ele><time>2026-07-11T13:06:33.000Z</time></trkpt><trkpt lat="42.562541" lon="44.574366"><ele>2572.075052</ele><time>2026-07-11T13:06:37.000Z</time></trkpt><trkpt lat="42.56254" lon="44.574422"><ele>2570.50109</ele><time>2026-07-11T13:06:44.000Z</time></trkpt><trkpt lat="42.562529" lon="44.57443"><ele>2570.025038</ele><time>2026-07-11T13:06:46.000Z</time></trkpt><trkpt lat="42.562523" lon="44.574436"><ele>2569.740759</ele><time>2026-07-11T13:06:47.000Z</time></trkpt><trkpt lat="42.562523" lon="44.574469"><ele>2568.813518</ele><time>2026-07-11T13:06:52.000Z</time></trkpt><trkpt lat="42.562532" lon="44.574484"><ele>2568.269898</ele><time>2026-07-11T13:06:54.000Z</time></trkpt><trkpt lat="42.562532" lon="44.574502"><ele>2567.76413</ele><time>2026-07-11T13:06:58.000Z</time></trkpt><trkpt lat="42.562534" lon="44.574516"><ele>2567.363425</ele><time>2026-07-11T13:07:01.000Z</time></trkpt><trkpt lat="42.562539" lon="44.574525"><ele>2567.046669</ele><time>2026-07-11T13:07:03.000Z</time></trkpt><trkpt lat="42.562528" lon="44.574534"><ele>2566.556724</ele><time>2026-07-11T13:07:06.000Z</time></trkpt><trkpt lat="42.562525" lon="44.574535"><ele>2566.438878</ele><time>2026-07-11T13:07:07.000Z</time></trkpt><trkpt lat="42.562523" lon="44.574555"><ele>2565.871758</ele><time>2026-07-11T13:07:10.000Z</time></trkpt><trkpt lat="42.562522" lon="44.574572"><ele>2565.392567</ele><time>2026-07-11T13:07:13.000Z</time></trkpt><trkpt lat="42.562515" lon="44.574587"><ele>2564.893617</ele><time>2026-07-11T13:07:15.000Z</time></trkpt><trkpt lat="42.562517" lon="44.574632"><ele>2563.626897</ele><time>2026-07-11T13:07:21.000Z</time></trkpt><trkpt lat="42.562509" lon="44.574638"><ele>2563.278237</ele><time>2026-07-11T13:07:25.000Z</time></trkpt><trkpt lat="42.562495" lon="44.57465"><ele>2562.646622</ele><time>2026-07-11T13:07:28.000Z</time></trkpt><trkpt lat="42.562493" lon="44.574658"><ele>2562.409241</ele><time>2026-07-11T13:07:36.000Z</time></trkpt><trkpt lat="42.562515" lon="44.574652"><ele>2561.553199</ele><time>2026-07-11T13:07:45.000Z</time></trkpt><trkpt lat="42.562518" lon="44.574667"><ele>2561.116463</ele><time>2026-07-11T13:07:50.000Z</time></trkpt><trkpt lat="42.562523" lon="44.574674"><ele>2560.842475</ele><time>2026-07-11T13:07:56.000Z</time></trkpt><trkpt lat="42.56253" lon="44.574676"><ele>2560.569584</ele><time>2026-07-11T13:08:00.000Z</time></trkpt><trkpt lat="42.562524" lon="44.57468"><ele>2560.314585</ele><time>2026-07-11T13:08:09.000Z</time></trkpt><trkpt lat="42.562499" lon="44.574676"><ele>2559.354261</ele><time>2026-07-11T13:08:18.000Z</time></trkpt><trkpt lat="42.562483" lon="44.574692"><ele>2558.596183</ele><time>2026-07-11T13:08:23.000Z</time></trkpt><trkpt lat="42.56248" lon="44.574698"><ele>2558.392417</ele><time>2026-07-11T13:08:24.000Z</time></trkpt><trkpt lat="42.562471" lon="44.574719"><ele>2557.709734</ele><time>2026-07-11T13:08:28.000Z</time></trkpt><trkpt lat="42.562469" lon="44.574738"><ele>2557.170443</ele><time>2026-07-11T13:08:32.000Z</time></trkpt><trkpt lat="42.562467" lon="44.574748"><ele>2556.879286</ele><time>2026-07-11T13:08:35.000Z</time></trkpt><trkpt lat="42.562459" lon="44.574756"><ele>2556.500247</ele><time>2026-07-11T13:08:39.000Z</time></trkpt><trkpt lat="42.562457" lon="44.574756"><ele>2556.423949</ele><time>2026-07-11T13:08:40.000Z</time></trkpt><trkpt lat="42.562444" lon="44.574805"><ele>2554.960538</ele><time>2026-07-11T13:08:47.000Z</time></trkpt><trkpt lat="42.562428" lon="44.57482"><ele>2554.218778</ele><time>2026-07-11T13:08:55.000Z</time></trkpt><trkpt lat="42.56243" lon="44.574812"><ele>2553.981396</ele><time>2026-07-11T13:08:57.000Z</time></trkpt><trkpt lat="42.562427" lon="44.574831"><ele>2553.4354</ele><time>2026-07-11T13:09:09.000Z</time></trkpt><trkpt lat="42.562428" lon="44.574832"><ele>2553.38802</ele><time>2026-07-11T13:09:10.000Z</time></trkpt><trkpt lat="42.56242" lon="44.57488"><ele>2552.005205</ele><time>2026-07-11T13:09:18.000Z</time></trkpt><trkpt lat="42.562422" lon="44.574903"><ele>2551.354457</ele><time>2026-07-11T13:09:22.000Z</time></trkpt><trkpt lat="42.562424" lon="44.574922"><ele>2550.815165</ele><time>2026-07-11T13:09:26.000Z</time></trkpt><trkpt lat="42.562424" lon="44.574939"><ele>2550.337495</ele><time>2026-07-11T13:09:28.000Z</time></trkpt><trkpt lat="42.562418" lon="44.574975"><ele>2549.300383</ele><time>2026-07-11T13:09:32.000Z</time></trkpt><trkpt lat="42.562418" lon="44.574982"><ele>2549.103696</ele><time>2026-07-11T13:09:33.000Z</time></trkpt><trkpt lat="42.562417" lon="44.575008"><ele>2548.372145</ele><time>2026-07-11T13:09:36.000Z</time></trkpt><trkpt lat="42.562404" lon="44.575035"><ele>2547.465775</ele><time>2026-07-11T13:09:40.000Z</time></trkpt><trkpt lat="42.562397" lon="44.575053"><ele>2546.893836</ele><time>2026-07-11T13:09:42.000Z</time></trkpt><trkpt lat="42.562394" lon="44.575078"><ele>2546.182117</ele><time>2026-07-11T13:09:45.000Z</time></trkpt><trkpt lat="42.562412" lon="44.575086"><ele>2545.45958</ele><time>2026-07-11T13:09:49.000Z</time></trkpt><trkpt lat="42.56242" lon="44.575098"><ele>2545.004793</ele><time>2026-07-11T13:09:51.000Z</time></trkpt><trkpt lat="42.562411" lon="44.575129"><ele>2544.068522</ele><time>2026-07-11T13:09:56.000Z</time></trkpt><trkpt lat="42.5624" lon="44.575147"><ele>2543.411332</ele><time>2026-07-11T13:10:01.000Z</time></trkpt><trkpt lat="42.562404" lon="44.575144"><ele>2543.237001</ele><time>2026-07-11T13:10:03.000Z</time></trkpt><trkpt lat="42.562395" lon="44.575148"><ele>2542.875733</ele><time>2026-07-11T13:10:10.000Z</time></trkpt><trkpt lat="42.562399" lon="44.575146"><ele>2542.713118</ele><time>2026-07-11T13:10:15.000Z</time></trkpt><trkpt lat="42.562399" lon="44.575143"><ele>2542.628823</ele><time>2026-07-11T13:10:19.000Z</time></trkpt><trkpt lat="42.562393" lon="44.575136"><ele>2542.327031</ele><time>2026-07-11T13:10:23.000Z</time></trkpt><trkpt lat="42.56238" lon="44.57512"><ele>2541.657652</ele><time>2026-07-11T13:10:29.000Z</time></trkpt><trkpt lat="42.562383" lon="44.575138"><ele>2541.139096</ele><time>2026-07-11T13:10:39.000Z</time></trkpt><trkpt lat="42.56237" lon="44.575125"><ele>2540.523157</ele><time>2026-07-11T13:10:48.000Z</time></trkpt><trkpt lat="42.562382" lon="44.575155"><ele>2539.563923</ele><time>2026-07-11T13:10:58.000Z</time></trkpt><trkpt lat="42.562381" lon="44.57516"><ele>2539.418344</ele><time>2026-07-11T13:11:00.000Z</time></trkpt><trkpt lat="42.562368" lon="44.575193"><ele>2538.366806</ele><time>2026-07-11T13:11:06.000Z</time></trkpt><trkpt lat="42.562367" lon="44.5752"><ele>2538.166452</ele><time>2026-07-11T13:11:07.000Z</time></trkpt><trkpt lat="42.562359" lon="44.575223"><ele>2537.451753</ele><time>2026-07-11T13:11:12.000Z</time></trkpt><trkpt lat="42.562361" lon="44.575225"><ele>2537.356993</ele><time>2026-07-11T13:11:13.000Z</time></trkpt><trkpt lat="42.562351" lon="44.575238"><ele>2536.828825</ele><time>2026-07-11T13:11:19.000Z</time></trkpt><trkpt lat="42.562353" lon="44.575232"><ele>2536.643774</ele><time>2026-07-11T13:11:21.000Z</time></trkpt><trkpt lat="42.56235" lon="44.575238"><ele>2536.440008</ele><time>2026-07-11T13:11:29.000Z</time></trkpt><trkpt lat="42.562361" lon="44.575271"><ele>2535.422227</ele><time>2026-07-11T13:11:36.000Z</time></trkpt><trkpt lat="42.562359" lon="44.575285"><ele>2535.02152</ele><time>2026-07-11T13:11:37.000Z</time></trkpt><trkpt lat="42.562353" lon="44.575291"><ele>2534.737241</ele><time>2026-07-11T13:11:39.000Z</time></trkpt><trkpt lat="42.562354" lon="44.57529"><ele>2534.689861</ele><time>2026-07-11T13:11:41.000Z</time></trkpt><trkpt lat="42.562342" lon="44.575297"><ele>2534.191608</ele><time>2026-07-11T13:11:49.000Z</time></trkpt><trkpt lat="42.562339" lon="44.575296"><ele>2534.073763</ele><time>2026-07-11T13:11:54.000Z</time></trkpt><trkpt lat="42.56234" lon="44.575292"><ele>2533.955072</ele><time>2026-07-11T13:12:01.000Z</time></trkpt><trkpt lat="42.562338" lon="44.575295"><ele>2533.841375</ele><time>2026-07-11T13:12:02.000Z</time></trkpt><trkpt lat="42.562321" lon="44.575322"><ele>2532.843302</ele><time>2026-07-11T13:12:08.000Z</time></trkpt><trkpt lat="42.562316" lon="44.575328"><ele>2532.588731</ele><time>2026-07-11T13:12:09.000Z</time></trkpt><trkpt lat="42.562301" lon="44.575367"><ele>2531.352485</ele><time>2026-07-11T13:12:14.000Z</time></trkpt><trkpt lat="42.562298" lon="44.575389"><ele>2530.723817</ele><time>2026-07-11T13:12:17.000Z</time></trkpt><trkpt lat="42.562297" lon="44.575396"><ele>2530.523463</ele><time>2026-07-11T13:12:18.000Z</time></trkpt><trkpt lat="42.562293" lon="44.575406"><ele>2530.203718</ele><time>2026-07-11T13:12:24.000Z</time></trkpt><trkpt lat="42.562289" lon="44.57541"><ele>2530.014198</ele><time>2026-07-11T13:12:25.000Z</time></trkpt><trkpt lat="42.562266" lon="44.57547"><ele>2528.113637</ele><time>2026-07-11T13:12:32.000Z</time></trkpt><trkpt lat="42.562258" lon="44.575496"><ele>2527.321895</ele><time>2026-07-11T13:12:40.000Z</time></trkpt><trkpt lat="42.562258" lon="44.575503"><ele>2527.125207</ele><time>2026-07-11T13:12:41.000Z</time></trkpt><trkpt lat="42.562254" lon="44.575533"><ele>2526.268556</ele><time>2026-07-11T13:12:46.000Z</time></trkpt><trkpt lat="42.562257" lon="44.57554"><ele>2526.040995</ele><time>2026-07-11T13:12:47.000Z</time></trkpt><trkpt lat="42.562264" lon="44.575573"><ele>2525.076062</ele><time>2026-07-11T13:12:52.000Z</time></trkpt><trkpt lat="42.562267" lon="44.575574"><ele>2524.958216</ele><time>2026-07-11T13:12:53.000Z</time></trkpt><trkpt lat="42.562266" lon="44.575588"><ele>2524.562994</ele><time>2026-07-11T13:13:00.000Z</time></trkpt><trkpt lat="42.562263" lon="44.575587"><ele>2524.445149</ele><time>2026-07-11T13:13:01.000Z</time></trkpt><trkpt lat="42.562259" lon="44.575592"><ele>2524.237728</ele><time>2026-07-11T13:13:02.000Z</time></trkpt><trkpt lat="42.562259" lon="44.57562"><ele>2523.450974</ele><time>2026-07-11T13:13:07.000Z</time></trkpt><trkpt lat="42.56226" lon="44.575631"><ele>2523.139547</ele><time>2026-07-11T13:13:09.000Z</time></trkpt><trkpt lat="42.562252" lon="44.575657"><ele>2522.347806</ele><time>2026-07-11T13:13:12.000Z</time></trkpt><trkpt lat="42.562239" lon="44.575679"><ele>2521.555291</ele><time>2026-07-11T13:13:16.000Z</time></trkpt><trkpt lat="42.562236" lon="44.575683"><ele>2521.394884</ele><time>2026-07-11T13:13:17.000Z</time></trkpt><trkpt lat="42.56223" lon="44.575716"><ele>2520.439805</ele><time>2026-07-11T13:13:23.000Z</time></trkpt><trkpt lat="42.56223" lon="44.575724"><ele>2520.215018</ele><time>2026-07-11T13:13:24.000Z</time></trkpt><trkpt lat="42.562233" lon="44.575728"><ele>2520.054612</ele><time>2026-07-11T13:13:29.000Z</time></trkpt><trkpt lat="42.562232" lon="44.575737"><ele>2519.798865</ele><time>2026-07-11T13:13:37.000Z</time></trkpt><trkpt lat="42.562227" lon="44.575742"><ele>2519.561966</ele><time>2026-07-11T13:13:38.000Z</time></trkpt><trkpt lat="42.562213" lon="44.575785"><ele>2518.240957</ele><time>2026-07-11T13:13:43.000Z</time></trkpt><trkpt lat="42.56221" lon="44.575803"><ele>2517.722399</ele><time>2026-07-11T13:13:46.000Z</time></trkpt><trkpt lat="42.562205" lon="44.575821"><ele>2517.181856</ele><time>2026-07-11T13:13:49.000Z</time></trkpt><trkpt lat="42.562204" lon="44.575845"><ele>2516.506417</ele><time>2026-07-11T13:13:53.000Z</time></trkpt><trkpt lat="42.562189" lon="44.575883"><ele>2515.295006</ele><time>2026-07-11T13:13:57.000Z</time></trkpt><trkpt lat="42.562186" lon="44.575896"><ele>2514.912218</ele><time>2026-07-11T13:14:00.000Z</time></trkpt><trkpt lat="42.562184" lon="44.575912"><ele>2514.456216</ele><time>2026-07-11T13:14:02.000Z</time></trkpt><trkpt lat="42.562178" lon="44.57595"><ele>2513.364219</ele><time>2026-07-11T13:14:06.000Z</time></trkpt><trkpt lat="42.562177" lon="44.575965"><ele>2512.941021</ele><time>2026-07-11T13:14:08.000Z</time></trkpt><trkpt lat="42.562173" lon="44.575967"><ele>2512.778406</ele><time>2026-07-11T13:14:10.000Z</time></trkpt><trkpt lat="42.562151" lon="44.575993"><ele>2511.665706</ele><time>2026-07-11T13:14:15.000Z</time></trkpt><trkpt lat="42.562133" lon="44.575993"><ele>2510.979025</ele><time>2026-07-11T13:14:22.000Z</time></trkpt><trkpt lat="42.56212" lon="44.575995"><ele>2510.479915</ele><time>2026-07-11T13:14:25.000Z</time></trkpt><trkpt lat="42.562128" lon="44.575996"><ele>2510.173433</ele><time>2026-07-11T13:14:28.000Z</time></trkpt><trkpt lat="42.562138" lon="44.575997"><ele>2509.79091</ele><time>2026-07-11T13:14:33.000Z</time></trkpt><trkpt lat="42.562174" lon="44.576005"><ele>2508.399273</ele><time>2026-07-11T13:14:39.000Z</time></trkpt><trkpt lat="42.562187" lon="44.576009"><ele>2507.890761</ele><time>2026-07-11T13:14:44.000Z</time></trkpt><trkpt lat="42.562184" lon="44.576"><ele>2507.613183</ele><time>2026-07-11T13:14:50.000Z</time></trkpt><trkpt lat="42.56218" lon="44.576"><ele>2507.460588</ele><time>2026-07-11T13:14:51.000Z</time></trkpt><trkpt lat="42.562178" lon="44.576011"><ele>2507.142228</ele><time>2026-07-11T13:14:59.000Z</time></trkpt><trkpt lat="42.562174" lon="44.576038"><ele>2506.368377</ele><time>2026-07-11T13:15:03.000Z</time></trkpt><trkpt lat="42.562176" lon="44.57606"><ele>2505.745522</ele><time>2026-07-11T13:15:05.000Z</time></trkpt><trkpt lat="42.562165" lon="44.576073"><ele>2505.189173</ele><time>2026-07-11T13:15:07.000Z</time></trkpt><trkpt lat="42.56216" lon="44.576091"><ele>2504.648629</ele><time>2026-07-11T13:15:11.000Z</time></trkpt><trkpt lat="42.562156" lon="44.576139"><ele>2503.367731</ele><time>2026-07-11T13:15:18.000Z</time></trkpt><trkpt lat="42.562156" lon="44.57616"><ele>2502.900598</ele><time>2026-07-11T13:15:22.000Z</time></trkpt><trkpt lat="42.56216" lon="44.576175"><ele>2502.545737</ele><time>2026-07-11T13:15:24.000Z</time></trkpt><trkpt lat="42.562162" lon="44.576186"><ele>2502.293704</ele><time>2026-07-11T13:15:30.000Z</time></trkpt><trkpt lat="42.562161" lon="44.576191"><ele>2502.178454</ele><time>2026-07-11T13:15:31.000Z</time></trkpt><trkpt lat="42.562158" lon="44.576222"><ele>2501.482951</ele><time>2026-07-11T13:15:35.000Z</time></trkpt><trkpt lat="42.562164" lon="44.576239"><ele>2501.063622</ele><time>2026-07-11T13:15:40.000Z</time></trkpt><trkpt lat="42.56215" lon="44.576254"><ele>2500.525008</ele><time>2026-07-11T13:15:44.000Z</time></trkpt><trkpt lat="42.562142" lon="44.576267"><ele>2500.148182</ele><time>2026-07-11T13:15:46.000Z</time></trkpt><trkpt lat="42.562135" lon="44.57628"><ele>2499.789969</ele><time>2026-07-11T13:15:49.000Z</time></trkpt><trkpt lat="42.562124" lon="44.576319"><ele>2498.861004</ele><time>2026-07-11T13:15:54.000Z</time></trkpt><trkpt lat="42.562124" lon="44.576325"><ele>2498.727537</ele><time>2026-07-11T13:15:55.000Z</time></trkpt><trkpt lat="42.562119" lon="44.576347"><ele>2498.215392</ele><time>2026-07-11T13:15:59.000Z</time></trkpt><trkpt lat="42.562119" lon="44.576363"><ele>2497.859482</ele><time>2026-07-11T13:16:01.000Z</time></trkpt><trkpt lat="42.562117" lon="44.576379"><ele>2497.498482</ele><time>2026-07-11T13:16:03.000Z</time></trkpt><trkpt lat="42.562113" lon="44.576394"><ele>2497.143621</ele><time>2026-07-11T13:16:06.000Z</time></trkpt><trkpt lat="42.562116" lon="44.57643"><ele>2496.337713</ele><time>2026-07-11T13:16:10.000Z</time></trkpt><trkpt lat="42.562117" lon="44.576437"><ele>2496.1791</ele><time>2026-07-11T13:16:11.000Z</time></trkpt><trkpt lat="42.562103" lon="44.576492"><ele>2494.884656</ele><time>2026-07-11T13:16:16.000Z</time></trkpt><trkpt lat="42.5621" lon="44.576502"><ele>2494.644468</ele><time>2026-07-11T13:16:18.000Z</time></trkpt><trkpt lat="42.562097" lon="44.576528"><ele>2494.05906</ele><time>2026-07-11T13:16:21.000Z</time></trkpt><trkpt lat="42.562093" lon="44.576576"><ele>2492.984515</ele><time>2026-07-11T13:16:25.000Z</time></trkpt><trkpt lat="42.562092" lon="44.576608"><ele>2492.272053</ele><time>2026-07-11T13:16:29.000Z</time></trkpt><trkpt lat="42.562096" lon="44.576631"><ele>2491.746363</ele><time>2026-07-11T13:16:31.000Z</time></trkpt><trkpt lat="42.562118" lon="44.576674"><ele>2490.581731</ele><time>2026-07-11T13:16:35.000Z</time></trkpt><trkpt lat="42.56212" lon="44.576703"><ele>2489.933821</ele><time>2026-07-11T13:16:37.000Z</time></trkpt><trkpt lat="42.562127" lon="44.57673"><ele>2489.297101</ele><time>2026-07-11T13:16:40.000Z</time></trkpt><trkpt lat="42.562139" lon="44.576777"><ele>2488.190581</ele><time>2026-07-11T13:16:44.000Z</time></trkpt><trkpt lat="42.562143" lon="44.576783"><ele>2488.010562</ele><time>2026-07-11T13:16:45.000Z</time></trkpt><trkpt lat="42.56215" lon="44.576806"><ele>2487.456983</ele><time>2026-07-11T13:16:48.000Z</time></trkpt><trkpt lat="42.562159" lon="44.576839"><ele>2486.674211</ele><time>2026-07-11T13:16:52.000Z</time></trkpt><trkpt lat="42.562162" lon="44.576849"><ele>2486.434023</ele><time>2026-07-11T13:16:53.000Z</time></trkpt><trkpt lat="42.562169" lon="44.576901"><ele>2485.258155</ele><time>2026-07-11T13:16:58.000Z</time></trkpt><trkpt lat="42.56217" lon="44.576909"><ele>2485.077655</ele><time>2026-07-11T13:16:59.000Z</time></trkpt><trkpt lat="42.56217" lon="44.576927"><ele>2484.677256</ele><time>2026-07-11T13:17:02.000Z</time></trkpt><trkpt lat="42.56217" lon="44.576936"><ele>2484.477056</ele><time>2026-07-11T13:17:03.000Z</time></trkpt><trkpt lat="42.562174" lon="44.576953"><ele>2484.080074</ele><time>2026-07-11T13:17:05.000Z</time></trkpt><trkpt lat="42.562182" lon="44.57699"><ele>2483.222302</ele><time>2026-07-11T13:17:08.000Z</time></trkpt><trkpt lat="42.562172" lon="44.577032"><ele>2482.240436</ele><time>2026-07-11T13:17:11.000Z</time></trkpt><trkpt lat="42.562177" lon="44.577048"><ele>2481.853817</ele><time>2026-07-11T13:17:13.000Z</time></trkpt><trkpt lat="42.562185" lon="44.577056"><ele>2481.553746</ele><time>2026-07-11T13:17:14.000Z</time></trkpt><trkpt lat="42.562205" lon="44.577092"><ele>2480.550691</ele><time>2026-07-11T13:17:17.000Z</time></trkpt><trkpt lat="42.56221" lon="44.577102"><ele>2480.281835</ele><time>2026-07-11T13:17:18.000Z</time></trkpt><trkpt lat="42.562237" lon="44.577155"><ele>2478.84836</ele><time>2026-07-11T13:17:24.000Z</time></trkpt><trkpt lat="42.562246" lon="44.5772"><ele>2477.811116</ele><time>2026-07-11T13:17:29.000Z</time></trkpt><trkpt lat="42.562252" lon="44.57723"><ele>2477.119621</ele><time>2026-07-11T13:17:32.000Z</time></trkpt><trkpt lat="42.562252" lon="44.577244"><ele>2476.8082</ele><time>2026-07-11T13:17:34.000Z</time></trkpt><trkpt lat="42.562255" lon="44.577288"><ele>2475.825263</ele><time>2026-07-11T13:17:38.000Z</time></trkpt><trkpt lat="42.562256" lon="44.577297"><ele>2475.622799</ele><time>2026-07-11T13:17:39.000Z</time></trkpt><trkpt lat="42.562277" lon="44.577363"><ele>2474.023537</ele><time>2026-07-11T13:17:45.000Z</time></trkpt><trkpt lat="42.562276" lon="44.577387"><ele>2473.488819</ele><time>2026-07-11T13:17:47.000Z</time></trkpt><trkpt lat="42.562272" lon="44.5774"><ele>2473.175424</ele><time>2026-07-11T13:17:49.000Z</time></trkpt><trkpt lat="42.562288" lon="44.57744"><ele>2472.162904</ele><time>2026-07-11T13:17:54.000Z</time></trkpt><trkpt lat="42.562292" lon="44.577493"><ele>2470.97778</ele><time>2026-07-11T13:17:58.000Z</time></trkpt><trkpt lat="42.562292" lon="44.577527"><ele>2470.221472</ele><time>2026-07-11T13:18:01.000Z</time></trkpt><trkpt lat="42.562293" lon="44.57754"><ele>2469.930723</ele><time>2026-07-11T13:18:02.000Z</time></trkpt><trkpt lat="42.562292" lon="44.577601"><ele>2468.573482</ele><time>2026-07-11T13:18:07.000Z</time></trkpt><trkpt lat="42.562296" lon="44.577624"><ele>2468.047793</ele><time>2026-07-11T13:18:09.000Z</time></trkpt><trkpt lat="42.562302" lon="44.577638"><ele>2467.68749</ele><time>2026-07-11T13:18:11.000Z</time></trkpt><trkpt lat="42.56232" lon="44.57769"><ele>2466.409409</ele><time>2026-07-11T13:18:16.000Z</time></trkpt><trkpt lat="42.562321" lon="44.577702"><ele>2466.140774</ele><time>2026-07-11T13:18:17.000Z</time></trkpt><trkpt lat="42.562323" lon="44.577746"><ele>2465.160161</ele><time>2026-07-11T13:18:21.000Z</time></trkpt><trkpt lat="42.562312" lon="44.577792"><ele>2464.084343</ele><time>2026-07-11T13:18:25.000Z</time></trkpt><trkpt lat="42.562307" lon="44.577802"><ele>2463.815487</ele><time>2026-07-11T13:18:26.000Z</time></trkpt><trkpt lat="42.562307" lon="44.577847"><ele>2462.814492</ele><time>2026-07-11T13:18:30.000Z</time></trkpt><trkpt lat="42.562314" lon="44.577872"><ele>2462.219555</ele><time>2026-07-11T13:18:32.000Z</time></trkpt><trkpt lat="42.562318" lon="44.577915"><ele>2461.25545</ele><time>2026-07-11T13:18:36.000Z</time></trkpt><trkpt lat="42.562328" lon="44.577929"><ele>2460.821637</ele><time>2026-07-11T13:18:39.000Z</time></trkpt><trkpt lat="42.562333" lon="44.577944"><ele>2460.455393</ele><time>2026-07-11T13:18:40.000Z</time></trkpt><trkpt lat="42.562333" lon="44.577976"><ele>2459.743574</ele><time>2026-07-11T13:18:42.000Z</time></trkpt><trkpt lat="42.562335" lon="44.577997"><ele>2459.272554</ele><time>2026-07-11T13:18:44.000Z</time></trkpt><trkpt lat="42.56234" lon="44.578047"><ele>2458.150134</ele><time>2026-07-11T13:18:48.000Z</time></trkpt><trkpt lat="42.562343" lon="44.578058"><ele>2457.88921</ele><time>2026-07-11T13:18:49.000Z</time></trkpt><trkpt lat="42.562351" lon="44.578125"><ele>2456.379383</ele><time>2026-07-11T13:18:55.000Z</time></trkpt><trkpt lat="42.562347" lon="44.578145"><ele>2455.918387</ele><time>2026-07-11T13:18:57.000Z</time></trkpt><trkpt lat="42.562347" lon="44.578189"><ele>2454.939636</ele><time>2026-07-11T13:19:00.000Z</time></trkpt><trkpt lat="42.562365" lon="44.578253"><ele>2453.415739</ele><time>2026-07-11T13:19:06.000Z</time></trkpt><trkpt lat="42.562379" lon="44.578295"><ele>2452.390255</ele><time>2026-07-11T13:19:11.000Z</time></trkpt><trkpt lat="42.56238" lon="44.578313"><ele>2451.98872</ele><time>2026-07-11T13:19:13.000Z</time></trkpt><trkpt lat="42.562376" lon="44.578335"><ele>2451.484655</ele><time>2026-07-11T13:19:16.000Z</time></trkpt><trkpt lat="42.562362" lon="44.578375"><ele>2450.499532</ele><time>2026-07-11T13:19:20.000Z</time></trkpt><trkpt lat="42.562361" lon="44.578387"><ele>2450.230897</ele><time>2026-07-11T13:19:21.000Z</time></trkpt><trkpt lat="42.56235" lon="44.578453"><ele>2448.915239</ele><time>2026-07-11T13:19:27.000Z</time></trkpt><trkpt lat="42.562338" lon="44.578478"><ele>2448.457223</ele><time>2026-07-11T13:19:30.000Z</time></trkpt><trkpt lat="42.562339" lon="44.578489"><ele>2448.287104</ele><time>2026-07-11T13:19:31.000Z</time></trkpt><trkpt lat="42.562337" lon="44.578527"><ele>2447.702357</ele><time>2026-07-11T13:19:35.000Z</time></trkpt><trkpt lat="42.562333" lon="44.578564"><ele>2447.128362</ele><time>2026-07-11T13:19:38.000Z</time></trkpt><trkpt lat="42.562339" lon="44.578589"><ele>2446.724782</ele><time>2026-07-11T13:19:42.000Z</time></trkpt><trkpt lat="42.562339" lon="44.578599"><ele>2446.571292</ele><time>2026-07-11T13:19:43.000Z</time></trkpt><trkpt lat="42.562349" lon="44.57865"><ele>2445.761233</ele><time>2026-07-11T13:19:48.000Z</time></trkpt><trkpt lat="42.562352" lon="44.578647"><ele>2445.683588</ele><time>2026-07-11T13:19:50.000Z</time></trkpt><trkpt lat="42.562362" lon="44.578708"><ele>2444.724393</ele><time>2026-07-11T13:19:56.000Z</time></trkpt><trkpt lat="42.562364" lon="44.578707"><ele>2444.679978</ele><time>2026-07-11T13:19:57.000Z</time></trkpt><trkpt lat="42.562385" lon="44.57874"><ele>2444.010597</ele><time>2026-07-11T13:20:01.000Z</time></trkpt><trkpt lat="42.562391" lon="44.578765"><ele>2443.607017</ele><time>2026-07-11T13:20:03.000Z</time></trkpt><trkpt lat="42.56241" lon="44.578791"><ele>2443.044851</ele><time>2026-07-11T13:20:06.000Z</time></trkpt><trkpt lat="42.562425" lon="44.578804"><ele>2442.674007</ele><time>2026-07-11T13:20:09.000Z</time></trkpt><trkpt lat="42.562426" lon="44.578817"><ele>2442.473386</ele><time>2026-07-11T13:20:12.000Z</time></trkpt><trkpt lat="42.562446" lon="44.578882"><ele>2441.39215</ele><time>2026-07-11T13:20:17.000Z</time></trkpt><trkpt lat="42.562448" lon="44.578912"><ele>2440.9298</ele><time>2026-07-11T13:20:21.000Z</time></trkpt><trkpt lat="42.562451" lon="44.578922"><ele>2440.764068</ele><time>2026-07-11T13:20:23.000Z</time></trkpt><trkpt lat="42.56246" lon="44.57896"><ele>2440.151396</ele><time>2026-07-11T13:20:27.000Z</time></trkpt><trkpt lat="42.562465" lon="44.578968"><ele>2439.990355</ele><time>2026-07-11T13:20:29.000Z</time></trkpt><trkpt lat="42.562468" lon="44.579003"><ele>2439.449518</ele><time>2026-07-11T13:20:32.000Z</time></trkpt><trkpt lat="42.562462" lon="44.579043"><ele>2438.822959</ele><time>2026-07-11T13:20:36.000Z</time></trkpt><trkpt lat="42.562464" lon="44.57905"><ele>2438.707716</ele><time>2026-07-11T13:20:37.000Z</time></trkpt><trkpt lat="42.562467" lon="44.579101"><ele>2437.92243</ele><time>2026-07-11T13:20:42.000Z</time></trkpt><trkpt lat="42.562476" lon="44.579117"><ele>2437.613421</ele><time>2026-07-11T13:20:44.000Z</time></trkpt><trkpt lat="42.562493" lon="44.579133"><ele>2437.182358</ele><time>2026-07-11T13:20:47.000Z</time></trkpt><trkpt lat="42.562511" lon="44.57918"><ele>2436.369266</ele><time>2026-07-11T13:20:51.000Z</time></trkpt><trkpt lat="42.562507" lon="44.579192"><ele>2436.167095</ele><time>2026-07-11T13:20:53.000Z</time></trkpt><trkpt lat="42.562504" lon="44.579194"><ele>2436.097447</ele><time>2026-07-11T13:20:58.000Z</time></trkpt><trkpt lat="42.562502" lon="44.579194"><ele>2436.055769</ele><time>2026-07-11T13:20:59.000Z</time></trkpt><trkpt lat="42.562494" lon="44.57922"><ele>2435.623275</ele><time>2026-07-11T13:21:09.000Z</time></trkpt><trkpt lat="42.562485" lon="44.579229"><ele>2435.39034</ele><time>2026-07-11T13:21:17.000Z</time></trkpt><trkpt lat="42.562514" lon="44.579227"><ele>2434.785224</ele><time>2026-07-11T13:21:27.000Z</time></trkpt><trkpt lat="42.562497" lon="44.579204"><ele>2434.285094</ele><time>2026-07-11T13:21:37.000Z</time></trkpt><trkpt lat="42.562505" lon="44.579266"><ele>2433.31897</ele><time>2026-07-11T13:21:45.000Z</time></trkpt><trkpt lat="42.562494" lon="44.579313"><ele>2432.562028</ele><time>2026-07-11T13:21:49.000Z</time></trkpt><trkpt lat="42.562489" lon="44.579328"><ele>2432.309314</ele><time>2026-07-11T13:21:50.000Z</time></trkpt><trkpt lat="42.562482" lon="44.579387"><ele>2431.392056</ele><time>2026-07-11T13:21:56.000Z</time></trkpt><trkpt lat="42.562477" lon="44.579409"><ele>2431.03867</ele><time>2026-07-11T13:21:58.000Z</time></trkpt><trkpt lat="42.562469" lon="44.579391"><ele>2430.715987</ele><time>2026-07-11T13:22:05.000Z</time></trkpt><trkpt lat="42.562469" lon="44.579388"><ele>2430.66994</ele><time>2026-07-11T13:22:06.000Z</time></trkpt><trkpt lat="42.56245" lon="44.579439"><ele>2429.792707</ele><time>2026-07-11T13:22:12.000Z</time></trkpt><trkpt lat="42.56249" lon="44.579449"><ele>2428.945126</ele><time>2026-07-11T13:22:21.000Z</time></trkpt><trkpt lat="42.562481" lon="44.579485"><ele>2428.361604</ele><time>2026-07-11T13:22:29.000Z</time></trkpt><trkpt lat="42.562459" lon="44.579522"><ele>2427.631735</ele><time>2026-07-11T13:22:33.000Z</time></trkpt><trkpt lat="42.562444" lon="44.579569"><ele>2426.845525</ele><time>2026-07-11T13:22:38.000Z</time></trkpt><trkpt lat="42.562447" lon="44.579586"><ele>2426.577208</ele><time>2026-07-11T13:22:40.000Z</time></trkpt><trkpt lat="42.562473" lon="44.579629"><ele>2425.723293</ele><time>2026-07-11T13:22:46.000Z</time></trkpt><trkpt lat="42.562473" lon="44.579643"><ele>2425.508409</ele><time>2026-07-11T13:22:47.000Z</time></trkpt><trkpt lat="42.562491" lon="44.57967"><ele>2424.949438</ele><time>2026-07-11T13:22:50.000Z</time></trkpt><trkpt lat="42.562497" lon="44.579674"><ele>2424.810143</ele><time>2026-07-11T13:22:51.000Z</time></trkpt><trkpt lat="42.5625" lon="44.579676"><ele>2424.740495</ele><time>2026-07-11T13:22:53.000Z</time></trkpt><trkpt lat="42.562479" lon="44.579723"><ele>2423.896737</ele><time>2026-07-11T13:22:57.000Z</time></trkpt><trkpt lat="42.56248" lon="44.579749"><ele>2423.497122</ele><time>2026-07-11T13:23:00.000Z</time></trkpt><trkpt lat="42.562475" lon="44.579772"><ele>2423.129041</ele><time>2026-07-11T13:23:03.000Z</time></trkpt><trkpt lat="42.562474" lon="44.579782"><ele>2422.974144</ele><time>2026-07-11T13:23:04.000Z</time></trkpt><trkpt lat="42.562479" lon="44.579809"><ele>2422.546826</ele><time>2026-07-11T13:23:08.000Z</time></trkpt><trkpt lat="42.562489" lon="44.579817"><ele>2422.304948</ele><time>2026-07-11T13:23:09.000Z</time></trkpt><trkpt lat="42.562534" lon="44.579889"><ele>2420.855573</ele><time>2026-07-11T13:23:16.000Z</time></trkpt><trkpt lat="42.562538" lon="44.579898"><ele>2420.694231</ele><time>2026-07-11T13:23:17.000Z</time></trkpt><trkpt lat="42.562544" lon="44.579977"><ele>2419.47524</ele><time>2026-07-11T13:23:22.000Z</time></trkpt><trkpt lat="42.562549" lon="44.579982"><ele>2419.345832</ele><time>2026-07-11T13:23:23.000Z</time></trkpt><trkpt lat="42.562571" lon="44.58"><ele>2418.810558</ele><time>2026-07-11T13:23:27.000Z</time></trkpt><trkpt lat="42.562561" lon="44.580073"><ele>2417.670876</ele><time>2026-07-11T13:23:32.000Z</time></trkpt><trkpt lat="42.562561" lon="44.580082"><ele>2417.532737</ele><time>2026-07-11T13:23:33.000Z</time></trkpt><trkpt lat="42.562574" lon="44.580143"><ele>2416.55805</ele><time>2026-07-11T13:23:38.000Z</time></trkpt><trkpt lat="42.562589" lon="44.580191"><ele>2415.757734</ele><time>2026-07-11T13:23:41.000Z</time></trkpt><trkpt lat="42.562591" lon="44.580217"><ele>2415.356493</ele><time>2026-07-11T13:23:44.000Z</time></trkpt><trkpt lat="42.562588" lon="44.580276"><ele>2414.448754</ele><time>2026-07-11T13:23:48.000Z</time></trkpt><trkpt lat="42.562592" lon="44.58029"><ele>2414.218269</ele><time>2026-07-11T13:23:50.000Z</time></trkpt><trkpt lat="42.562589" lon="44.580346"><ele>2413.356462</ele><time>2026-07-11T13:23:54.000Z</time></trkpt><trkpt lat="42.562595" lon="44.580383"><ele>2412.774952</ele><time>2026-07-11T13:23:59.000Z</time></trkpt><trkpt lat="42.5626" lon="44.580398"><ele>2412.522239</ele><time>2026-07-11T13:24:00.000Z</time></trkpt><trkpt lat="42.562607" lon="44.580495"><ele>2411.213677</ele><time>2026-07-11T13:24:09.000Z</time></trkpt><trkpt lat="42.562601" lon="44.580526"><ele>2410.832961</ele><time>2026-07-11T13:24:12.000Z</time></trkpt><trkpt lat="42.562592" lon="44.58059"><ele>2410.059044</ele><time>2026-07-11T13:24:18.000Z</time></trkpt><trkpt lat="42.562596" lon="44.580604"><ele>2409.88068</ele><time>2026-07-11T13:24:19.000Z</time></trkpt><trkpt lat="42.562599" lon="44.58066"><ele>2409.213761</ele><time>2026-07-11T13:24:23.000Z</time></trkpt><trkpt lat="42.562609" lon="44.58069"><ele>2408.82263</ele><time>2026-07-11T13:24:26.000Z</time></trkpt><trkpt lat="42.562608" lon="44.580694"><ele>2408.772457</ele><time>2026-07-11T13:24:27.000Z</time></trkpt><trkpt lat="42.562609" lon="44.580707"><ele>2408.617204</ele><time>2026-07-11T13:24:29.000Z</time></trkpt><trkpt lat="42.562609" lon="44.580717"><ele>2408.498425</ele><time>2026-07-11T13:24:30.000Z</time></trkpt><trkpt lat="42.56261" lon="44.580735"><ele>2408.284016</ele><time>2026-07-11T13:24:32.000Z</time></trkpt><trkpt lat="42.5626" lon="44.580784"><ele>2407.68007</ele><time>2026-07-11T13:24:36.000Z</time></trkpt><trkpt lat="42.562591" lon="44.580814"><ele>2407.295308</ele><time>2026-07-11T13:24:38.000Z</time></trkpt><trkpt lat="42.562587" lon="44.580836"><ele>2407.02615</ele><time>2026-07-11T13:24:43.000Z</time></trkpt><trkpt lat="42.562602" lon="44.580826"><ele>2406.756662</ele><time>2026-07-11T13:24:55.000Z</time></trkpt><trkpt lat="42.562603" lon="44.580822"><ele>2406.706488</ele><time>2026-07-11T13:25:02.000Z</time></trkpt><trkpt lat="42.56258" lon="44.580839"><ele>2406.284173</ele><time>2026-07-11T13:25:12.000Z</time></trkpt><trkpt lat="42.562573" lon="44.580863"><ele>2405.977566</ele><time>2026-07-11T13:25:17.000Z</time></trkpt><trkpt lat="42.56257" lon="44.580876"><ele>2405.815751</ele><time>2026-07-11T13:25:19.000Z</time></trkpt><trkpt lat="42.562554" lon="44.580945"><ele>2404.956518</ele><time>2026-07-11T13:25:26.000Z</time></trkpt><trkpt lat="42.562551" lon="44.580959"><ele>2404.783333</ele><time>2026-07-11T13:25:27.000Z</time></trkpt><trkpt lat="42.562546" lon="44.581006"><ele>2404.219278</ele><time>2026-07-11T13:25:35.000Z</time></trkpt><trkpt lat="42.56255" lon="44.581019"><ele>2404.051933</ele><time>2026-07-11T13:25:42.000Z</time></trkpt><trkpt lat="42.562538" lon="44.581081"><ele>2403.2905</ele><time>2026-07-11T13:25:45.000Z</time></trkpt><trkpt lat="42.562538" lon="44.581096"><ele>2403.112331</ele><time>2026-07-11T13:25:46.000Z</time></trkpt><trkpt lat="42.562534" lon="44.581122"><ele>2402.796841</ele><time>2026-07-11T13:25:49.000Z</time></trkpt><trkpt lat="42.562527" lon="44.581161"><ele>2402.320046</ele><time>2026-07-11T13:25:53.000Z</time></trkpt><trkpt lat="42.562522" lon="44.581185"><ele>2402.023792</ele><time>2026-07-11T13:25:55.000Z</time></trkpt><trkpt lat="42.562518" lon="44.581259"><ele>2401.142462</ele><time>2026-07-11T13:26:01.000Z</time></trkpt><trkpt lat="42.562519" lon="44.581258"><ele>2401.122433</ele><time>2026-07-11T13:26:02.000Z</time></trkpt><trkpt lat="42.562524" lon="44.581271"><ele>2400.948235</ele><time>2026-07-11T13:26:03.000Z</time></trkpt><trkpt lat="42.562521" lon="44.5813"><ele>2400.600394</ele><time>2026-07-11T13:26:06.000Z</time></trkpt><trkpt lat="42.562513" lon="44.581366"><ele>2399.805907</ele><time>2026-07-11T13:26:11.000Z</time></trkpt><trkpt lat="42.562509" lon="44.581398"><ele>2399.420379</ele><time>2026-07-11T13:26:14.000Z</time></trkpt><trkpt lat="42.562505" lon="44.581426"><ele>2399.081599</ele><time>2026-07-11T13:26:16.000Z</time></trkpt><trkpt lat="42.562495" lon="44.581503"><ele>2398.152891</ele><time>2026-07-11T13:26:23.000Z</time></trkpt><trkpt lat="42.56248" lon="44.581563"><ele>2397.400281</ele><time>2026-07-11T13:26:28.000Z</time></trkpt><trkpt lat="42.562459" lon="44.581605"><ele>2396.797318</ele><time>2026-07-11T13:26:32.000Z</time></trkpt><trkpt lat="42.562451" lon="44.581612"><ele>2396.643833</ele><time>2026-07-11T13:26:33.000Z</time></trkpt><trkpt lat="42.562415" lon="44.581705"><ele>2395.395917</ele><time>2026-07-11T13:26:39.000Z</time></trkpt><trkpt lat="42.562413" lon="44.581711"><ele>2395.317691</ele><time>2026-07-11T13:26:40.000Z</time></trkpt><trkpt lat="42.562408" lon="44.581729"><ele>2395.089188</ele><time>2026-07-11T13:26:43.000Z</time></trkpt><trkpt lat="42.562385" lon="44.581789"><ele>2394.285768</ele><time>2026-07-11T13:26:48.000Z</time></trkpt><trkpt lat="42.562379" lon="44.581801"><ele>2394.113493</ele><time>2026-07-11T13:26:49.000Z</time></trkpt><trkpt lat="42.562362" lon="44.581892"><ele>2392.998375</ele><time>2026-07-11T13:26:55.000Z</time></trkpt><trkpt lat="42.562359" lon="44.581907"><ele>2392.813754</ele><time>2026-07-11T13:26:56.000Z</time></trkpt><trkpt lat="42.562349" lon="44.581962"><ele>2392.140856</ele><time>2026-07-11T13:27:00.000Z</time></trkpt><trkpt lat="42.562342" lon="44.582001"><ele>2391.66406</ele><time>2026-07-11T13:27:03.000Z</time></trkpt><trkpt lat="42.562333" lon="44.58205"><ele>2391.064217</ele><time>2026-07-11T13:27:06.000Z</time></trkpt><trkpt lat="42.562318" lon="44.582112"><ele>2390.289072</ele><time>2026-07-11T13:27:11.000Z</time></trkpt><trkpt lat="42.562318" lon="44.582128"><ele>2390.099025</ele><time>2026-07-11T13:27:12.000Z</time></trkpt><trkpt lat="42.562322" lon="44.582189"><ele>2389.371604</ele><time>2026-07-11T13:27:17.000Z</time></trkpt><trkpt lat="42.562326" lon="44.582231"><ele>2388.868577</ele><time>2026-07-11T13:27:20.000Z</time></trkpt><trkpt lat="42.56233" lon="44.582275"><ele>2388.341981</ele><time>2026-07-11T13:27:23.000Z</time></trkpt><trkpt lat="42.562339" lon="44.582339"><ele>2387.568061</ele><time>2026-07-11T13:27:27.000Z</time></trkpt><trkpt lat="42.562357" lon="44.582379"><ele>2387.011285</ele><time>2026-07-11T13:27:31.000Z</time></trkpt><trkpt lat="42.562354" lon="44.582411"><ele>2386.628124</ele><time>2026-07-11T13:27:34.000Z</time></trkpt><trkpt lat="42.562345" lon="44.582418"><ele>2386.460856</ele><time>2026-07-11T13:27:35.000Z</time></trkpt><trkpt lat="42.562339" lon="44.582419"><ele>2386.36337</ele><time>2026-07-11T13:27:37.000Z</time></trkpt><trkpt lat="42.562329" lon="44.58245"><ele>2385.961387</ele><time>2026-07-11T13:27:41.000Z</time></trkpt><trkpt lat="42.562329" lon="44.582473"><ele>2385.688194</ele><time>2026-07-11T13:27:44.000Z</time></trkpt><trkpt lat="42.562339" lon="44.58245"><ele>2385.370954</ele><time>2026-07-11T13:27:51.000Z</time></trkpt><trkpt lat="42.562341" lon="44.582389"><ele>2384.645682</ele><time>2026-07-11T13:27:56.000Z</time></trkpt><trkpt lat="42.562336" lon="44.582383"><ele>2384.538067</ele><time>2026-07-11T13:27:57.000Z</time></trkpt><trkpt lat="42.562298" lon="44.582348"><ele>2383.797548</ele><time>2026-07-11T13:28:04.000Z</time></trkpt><trkpt lat="42.562293" lon="44.582375"><ele>2383.466862</ele><time>2026-07-11T13:28:06.000Z</time></trkpt><trkpt lat="42.562278" lon="44.582441"><ele>2382.690508</ele><time>2026-07-11T13:28:12.000Z</time></trkpt><trkpt lat="42.562253" lon="44.582492"><ele>2382.121196</ele><time>2026-07-11T13:28:18.000Z</time></trkpt><trkpt lat="42.562236" lon="44.582521"><ele>2381.776762</ele><time>2026-07-11T13:28:21.000Z</time></trkpt><trkpt lat="42.562226" lon="44.582553"><ele>2381.453727</ele><time>2026-07-11T13:28:25.000Z</time></trkpt><trkpt lat="42.562224" lon="44.582553"><ele>2381.428493</ele><time>2026-07-11T13:28:27.000Z</time></trkpt><trkpt lat="42.562211" lon="44.582587"><ele>2381.072494</ele><time>2026-07-11T13:28:33.000Z</time></trkpt><trkpt lat="42.562198" lon="44.582644"><ele>2380.51798</ele><time>2026-07-11T13:28:37.000Z</time></trkpt><trkpt lat="42.562192" lon="44.582684"><ele>2380.138629</ele><time>2026-07-11T13:28:40.000Z</time></trkpt><trkpt lat="42.56216" lon="44.582732"><ele>2379.536978</ele><time>2026-07-11T13:28:44.000Z</time></trkpt><trkpt lat="42.562132" lon="44.582778"><ele>2378.982412</ele><time>2026-07-11T13:28:49.000Z</time></trkpt><trkpt lat="42.562128" lon="44.582787"><ele>2378.884728</ele><time>2026-07-11T13:28:50.000Z</time></trkpt><trkpt lat="42.562108" lon="44.582846"><ele>2378.281158</ele><time>2026-07-11T13:28:56.000Z</time></trkpt><trkpt lat="42.562102" lon="44.582861"><ele>2378.122533</ele><time>2026-07-11T13:28:57.000Z</time></trkpt><trkpt lat="42.56207" lon="44.5829"><ele>2377.579979</ele><time>2026-07-11T13:29:02.000Z</time></trkpt><trkpt lat="42.562063" lon="44.582909"><ele>2377.458343</ele><time>2026-07-11T13:29:03.000Z</time></trkpt><trkpt lat="42.562041" lon="44.582939"><ele>2377.064931</ele><time>2026-07-11T13:29:07.000Z</time></trkpt><trkpt lat="42.562034" lon="44.582945"><ele>2376.960484</ele><time>2026-07-11T13:29:09.000Z</time></trkpt><trkpt lat="42.562008" lon="44.582961"><ele>2376.600316</ele><time>2026-07-11T13:29:14.000Z</time></trkpt><trkpt lat="42.561967" lon="44.583025"><ele>2375.81207</ele><time>2026-07-11T13:29:19.000Z</time></trkpt><trkpt lat="42.561946" lon="44.583065"><ele>2375.355584</ele><time>2026-07-11T13:29:23.000Z</time></trkpt><trkpt lat="42.561942" lon="44.583088"><ele>2375.135966</ele><time>2026-07-11T13:29:25.000Z</time></trkpt><trkpt lat="42.561925" lon="44.583124"><ele>2374.738563</ele><time>2026-07-11T13:29:30.000Z</time></trkpt><trkpt lat="42.561921" lon="44.583146"><ele>2374.527979</ele><time>2026-07-11T13:29:32.000Z</time></trkpt><trkpt lat="42.561925" lon="44.583186"><ele>2374.152846</ele><time>2026-07-11T13:29:37.000Z</time></trkpt><trkpt lat="42.561928" lon="44.583218"><ele>2373.853069</ele><time>2026-07-11T13:29:39.000Z</time></trkpt><trkpt lat="42.561967" lon="44.583291"><ele>2373.01501</ele><time>2026-07-11T13:29:46.000Z</time></trkpt><trkpt lat="42.561983" lon="44.583309"><ele>2372.752839</ele><time>2026-07-11T13:29:48.000Z</time></trkpt><trkpt lat="42.56199" lon="44.583325"><ele>2372.579898</ele><time>2026-07-11T13:29:50.000Z</time></trkpt><trkpt lat="42.561991" lon="44.583327"><ele>2372.557434</ele><time>2026-07-11T13:29:51.000Z</time></trkpt><trkpt lat="42.561987" lon="44.583312"><ele>2372.409183</ele><time>2026-07-11T13:29:59.000Z</time></trkpt><trkpt lat="42.561973" lon="44.583353"><ele>2371.989215</ele><time>2026-07-11T13:30:05.000Z</time></trkpt><trkpt lat="42.561969" lon="44.583365"><ele>2371.86681</ele><time>2026-07-11T13:30:06.000Z</time></trkpt><trkpt lat="42.561952" lon="44.583442"><ele>2371.11979</ele><time>2026-07-11T13:30:12.000Z</time></trkpt><trkpt lat="42.56195" lon="44.583473"><ele>2370.830603</ele><time>2026-07-11T13:30:14.000Z</time></trkpt><trkpt lat="42.561958" lon="44.583511"><ele>2370.463325</ele><time>2026-07-11T13:30:17.000Z</time></trkpt><trkpt lat="42.561955" lon="44.583539"><ele>2370.200381</ele><time>2026-07-11T13:30:20.000Z</time></trkpt><trkpt lat="42.561944" lon="44.583594"><ele>2369.670755</ele><time>2026-07-11T13:30:25.000Z</time></trkpt><trkpt lat="42.561975" lon="44.583658"><ele>2368.958916</ele><time>2026-07-11T13:30:31.000Z</time></trkpt><trkpt lat="42.56201" lon="44.583702"><ele>2368.357084</ele><time>2026-07-11T13:30:36.000Z</time></trkpt><trkpt lat="42.562036" lon="44.583729"><ele>2367.944084</ele><time>2026-07-11T13:30:39.000Z</time></trkpt><trkpt lat="42.562048" lon="44.583741"><ele>2367.756043</ele><time>2026-07-11T13:30:40.000Z</time></trkpt><trkpt lat="42.562079" lon="44.583766"><ele>2367.301118</ele><time>2026-07-11T13:30:44.000Z</time></trkpt><trkpt lat="42.562071" lon="44.583797"><ele>2366.995863</ele><time>2026-07-11T13:30:51.000Z</time></trkpt><trkpt lat="42.562067" lon="44.583812"><ele>2366.847613</ele><time>2026-07-11T13:30:53.000Z</time></trkpt><trkpt lat="42.562061" lon="44.583822"><ele>2366.727751</ele><time>2026-07-11T13:30:59.000Z</time></trkpt><trkpt lat="42.562069" lon="44.583819"><ele>2366.623035</ele><time>2026-07-11T13:31:05.000Z</time></trkpt><trkpt lat="42.562089" lon="44.583825"><ele>2366.364607</ele><time>2026-07-11T13:31:07.000Z</time></trkpt><trkpt lat="42.562097" lon="44.583836"><ele>2366.220949</ele><time>2026-07-11T13:31:08.000Z</time></trkpt><trkpt lat="42.56215" lon="44.583856"><ele>2365.526896</ele><time>2026-07-11T13:31:12.000Z</time></trkpt><trkpt lat="42.56218" lon="44.583858"><ele>2365.147929</ele><time>2026-07-11T13:31:14.000Z</time></trkpt><trkpt lat="42.562223" lon="44.583873"><ele>2364.587774</ele><time>2026-07-11T13:31:18.000Z</time></trkpt><trkpt lat="42.562263" lon="44.583899"><ele>2364.028235</ele><time>2026-07-11T13:31:22.000Z</time></trkpt><trkpt lat="42.562281" lon="44.583922"><ele>2363.716367</ele><time>2026-07-11T13:31:24.000Z</time></trkpt><trkpt lat="42.562337" lon="44.583957"><ele>2362.938542</ele><time>2026-07-11T13:31:29.000Z</time></trkpt><trkpt lat="42.562376" lon="44.584003"><ele>2362.286726</ele><time>2026-07-11T13:31:34.000Z</time></trkpt><trkpt lat="42.562384" lon="44.584016"><ele>2362.1293</ele><time>2026-07-11T13:31:35.000Z</time></trkpt><trkpt lat="42.562422" lon="44.584056"><ele>2361.522632</ele><time>2026-07-11T13:31:40.000Z</time></trkpt><trkpt lat="42.562417" lon="44.584065"><ele>2361.417871</ele><time>2026-07-11T13:31:43.000Z</time></trkpt><trkpt lat="42.562417" lon="44.584061"><ele>2361.380699</ele><time>2026-07-11T13:31:46.000Z</time></trkpt><trkpt lat="42.562431" lon="44.584129"><ele>2360.724554</ele><time>2026-07-11T13:31:56.000Z</time></trkpt><trkpt lat="42.562502" lon="44.584173"><ele>2359.953925</ele><time>2026-07-11T13:32:02.000Z</time></trkpt><trkpt lat="42.562563" lon="44.584243"><ele>2359.465434</ele><time>2026-07-11T13:32:09.000Z</time></trkpt><trkpt lat="42.562591" lon="44.584305"><ele>2359.13782</ele><time>2026-07-11T13:32:15.000Z</time></trkpt><trkpt lat="42.562591" lon="44.584374"><ele>2358.826993</ele><time>2026-07-11T13:32:20.000Z</time></trkpt><trkpt lat="42.562596" lon="44.584399"><ele>2358.710297</ele><time>2026-07-11T13:32:22.000Z</time></trkpt><trkpt lat="42.562604" lon="44.584436"><ele>2358.536588</ele><time>2026-07-11T13:32:26.000Z</time></trkpt><trkpt lat="42.562603" lon="44.584462"><ele>2358.419306</ele><time>2026-07-11T13:32:28.000Z</time></trkpt><trkpt lat="42.562607" lon="44.584482"><ele>2358.325949</ele><time>2026-07-11T13:32:30.000Z</time></trkpt><trkpt lat="42.56261" lon="44.584531"><ele>2358.104456</ele><time>2026-07-11T13:32:35.000Z</time></trkpt><trkpt lat="42.562608" lon="44.584537"><ele>2358.074788</ele><time>2026-07-11T13:32:36.000Z</time></trkpt><trkpt lat="42.562603" lon="44.584547"><ele>2358.020342</ele><time>2026-07-11T13:32:38.000Z</time></trkpt><trkpt lat="42.562607" lon="44.584567"><ele>2357.926985</ele><time>2026-07-11T13:32:40.000Z</time></trkpt><trkpt lat="42.562602" lon="44.584606"><ele>2357.748658</ele><time>2026-07-11T13:32:44.000Z</time></trkpt><trkpt lat="42.562602" lon="44.58461"><ele>2357.730639</ele><time>2026-07-11T13:32:47.000Z</time></trkpt><trkpt lat="42.562604" lon="44.584609"><ele>2357.717604</ele><time>2026-07-11T13:32:50.000Z</time></trkpt><trkpt lat="42.56261" lon="44.584611"><ele>2357.679818</ele><time>2026-07-11T13:32:58.000Z</time></trkpt><trkpt lat="42.562603" lon="44.584601"><ele>2357.617671</ele><time>2026-07-11T13:33:05.000Z</time></trkpt><trkpt lat="42.562602" lon="44.584599"><ele>2357.606782</ele><time>2026-07-11T13:33:18.000Z</time></trkpt><trkpt lat="42.562596" lon="44.584601"><ele>2357.568996</ele><time>2026-07-11T13:33:27.000Z</time></trkpt><trkpt lat="42.562603" lon="44.58462"><ele>2357.473296</ele><time>2026-07-11T13:33:36.000Z</time></trkpt><trkpt lat="42.562605" lon="44.584619"><ele>2357.46026</ele><time>2026-07-11T13:33:37.000Z</time></trkpt><trkpt lat="42.562606" lon="44.584618"><ele>2357.452664</ele><time>2026-07-11T13:33:38.000Z</time></trkpt><trkpt lat="42.562611" lon="44.584613"><ele>2357.414684</ele><time>2026-07-11T13:33:39.000Z</time></trkpt><trkpt lat="42.562621" lon="44.584609"><ele>2357.350924</ele><time>2026-07-11T13:33:43.000Z</time></trkpt><trkpt lat="42.562621" lon="44.584609"><ele>2357.350924</ele><time>2026-07-11T13:33:45.000Z</time></trkpt><trkpt lat="42.562593" lon="44.584601"><ele>2357.175923</ele><time>2026-07-11T13:33:52.000Z</time></trkpt><trkpt lat="42.562593" lon="44.584572"><ele>2357.045286</ele><time>2026-07-11T13:33:59.000Z</time></trkpt><trkpt lat="42.562608" lon="44.58457"><ele>2356.953104</ele><time>2026-07-11T13:34:05.000Z</time></trkpt><trkpt lat="42.562607" lon="44.584578"><ele>2356.91655</ele><time>2026-07-11T13:34:10.000Z</time></trkpt><trkpt lat="42.562595" lon="44.584586"><ele>2356.834787</ele><time>2026-07-11T13:34:15.000Z</time></trkpt><trkpt lat="42.562597" lon="44.584586"><ele>2356.822555</ele><time>2026-07-11T13:34:16.000Z</time></trkpt><trkpt lat="42.562599" lon="44.584575"><ele>2356.771515</ele><time>2026-07-11T13:34:21.000Z</time></trkpt><trkpt lat="42.562602" lon="44.584581"><ele>2356.738847</ele><time>2026-07-11T13:34:26.000Z</time></trkpt><trkpt lat="42.562601" lon="44.584594"><ele>2356.679967</ele><time>2026-07-11T13:34:31.000Z</time></trkpt><trkpt lat="42.562598" lon="44.584596"><ele>2356.659527</ele><time>2026-07-11T13:34:32.000Z</time></trkpt><trkpt lat="42.562596" lon="44.5846"><ele>2356.637748</ele><time>2026-07-11T13:34:33.000Z</time></trkpt><trkpt lat="42.562588" lon="44.584605"><ele>2356.583884</ele><time>2026-07-11T13:34:36.000Z</time></trkpt><trkpt lat="42.562594" lon="44.584597"><ele>2356.532451</ele><time>2026-07-11T13:34:46.000Z</time></trkpt><trkpt lat="42.562596" lon="44.584588"><ele>2356.490103</ele><time>2026-07-11T13:34:47.000Z</time></trkpt><trkpt lat="42.562593" lon="44.58458"><ele>2356.449663</ele><time>2026-07-11T13:34:49.000Z</time></trkpt><trkpt lat="42.562589" lon="44.584573"><ele>2356.409753</ele><time>2026-07-11T13:34:54.000Z</time></trkpt><trkpt lat="42.56257" lon="44.58459"><ele>2356.270583</ele><time>2026-07-11T13:35:00.000Z</time></trkpt><trkpt lat="42.562574" lon="44.584592"><ele>2356.244512</ele><time>2026-07-11T13:35:04.000Z</time></trkpt><trkpt lat="42.562576" lon="44.584594"><ele>2356.22932</ele><time>2026-07-11T13:35:05.000Z</time></trkpt><trkpt lat="42.562595" lon="44.584601"><ele>2356.108912</ele><time>2026-07-11T13:35:11.000Z</time></trkpt><trkpt lat="42.562584" lon="44.584585"><ele>2356.010317</ele><time>2026-07-11T13:35:17.000Z</time></trkpt><trkpt lat="42.562574" lon="44.584594"><ele>2355.936939</ele><time>2026-07-11T13:35:19.000Z</time></trkpt><trkpt lat="42.562574" lon="44.584619"><ele>2355.82432</ele><time>2026-07-11T13:35:26.000Z</time></trkpt><trkpt lat="42.562572" lon="44.584604"><ele>2355.755651</ele><time>2026-07-11T13:35:27.000Z</time></trkpt><trkpt lat="42.562536" lon="44.584568"><ele>2355.482195</ele><time>2026-07-11T13:35:33.000Z</time></trkpt><trkpt lat="42.562529" lon="44.584563"><ele>2355.433819</ele><time>2026-07-11T13:35:34.000Z</time></trkpt><trkpt lat="42.562503" lon="44.584548"><ele>2355.26104</ele><time>2026-07-11T13:35:41.000Z</time></trkpt><trkpt lat="42.562492" lon="44.584537"><ele>2355.177484</ele><time>2026-07-11T13:35:46.000Z</time></trkpt><trkpt lat="42.562498" lon="44.584556"><ele>2355.084359</ele><time>2026-07-11T13:35:56.000Z</time></trkpt><trkpt lat="42.562526" lon="44.584543"><ele>2354.903373</ele><time>2026-07-11T13:36:02.000Z</time></trkpt><trkpt lat="42.562594" lon="44.584584"><ele>2354.448313</ele><time>2026-07-11T13:36:08.000Z</time></trkpt><trkpt lat="42.562626" lon="44.584575"><ele>2354.248443</ele><time>2026-07-11T13:36:14.000Z</time></trkpt><trkpt lat="42.562633" lon="44.584575"><ele>2354.205631</ele><time>2026-07-11T13:36:15.000Z</time></trkpt><trkpt lat="42.562642" lon="44.584584"><ele>2354.137267</ele><time>2026-07-11T13:36:17.000Z</time></trkpt><trkpt lat="42.562693" lon="44.584606"><ele>2353.809981</ele><time>2026-07-11T13:36:23.000Z</time></trkpt><trkpt lat="42.562702" lon="44.584614"><ele>2353.744189</ele><time>2026-07-11T13:36:24.000Z</time></trkpt><trkpt lat="42.56272" lon="44.584617"><ele>2353.633273</ele><time>2026-07-11T13:36:26.000Z</time></trkpt><trkpt lat="42.562732" lon="44.584627"><ele>2353.547158</ele><time>2026-07-11T13:36:28.000Z</time></trkpt><trkpt lat="42.562741" lon="44.584633"><ele>2353.485836</ele><time>2026-07-11T13:36:29.000Z</time></trkpt><trkpt lat="42.562781" lon="44.584651"><ele>2353.228105</ele><time>2026-07-11T13:36:35.000Z</time></trkpt><trkpt lat="42.562798" lon="44.584703"><ele>2352.971821</ele><time>2026-07-11T13:36:42.000Z</time></trkpt><trkpt lat="42.562793" lon="44.584713"><ele>2352.917375</ele><time>2026-07-11T13:36:43.000Z</time></trkpt><trkpt lat="42.562775" lon="44.584762"><ele>2352.670713</ele><time>2026-07-11T13:36:49.000Z</time></trkpt><trkpt lat="42.562769" lon="44.584775"><ele>2352.601604</ele><time>2026-07-11T13:36:50.000Z</time></trkpt><trkpt lat="42.562753" lon="44.584807"><ele>2352.427376</ele><time>2026-07-11T13:36:55.000Z</time></trkpt><trkpt lat="42.562737" lon="44.584812"><ele>2352.32696</ele><time>2026-07-11T13:37:01.000Z</time></trkpt><trkpt lat="42.562743" lon="44.584791"><ele>2352.225492</ele><time>2026-07-11T13:37:13.000Z</time></trkpt><trkpt lat="42.562752" lon="44.584792"><ele>2352.170264</ele><time>2026-07-11T13:37:19.000Z</time></trkpt><trkpt lat="42.562737" lon="44.584794"><ele>2352.078081</ele><time>2026-07-11T13:37:23.000Z</time></trkpt><trkpt lat="42.562746" lon="44.584796"><ele>2352.022304</ele><time>2026-07-11T13:37:30.000Z</time></trkpt><trkpt lat="42.562762" lon="44.584806"><ele>2351.914576</ele><time>2026-07-11T13:37:32.000Z</time></trkpt><trkpt lat="42.562797" lon="44.584828"><ele>2351.678685</ele><time>2026-07-11T13:37:35.000Z</time></trkpt><trkpt lat="42.562812" lon="44.584836"><ele>2351.58012</ele><time>2026-07-11T13:37:38.000Z</time></trkpt><trkpt lat="42.562841" lon="44.584857"><ele>2351.379103</ele><time>2026-07-11T13:37:46.000Z</time></trkpt><trkpt lat="42.56284" lon="44.584879"><ele>2351.27981</ele><time>2026-07-11T13:37:56.000Z</time></trkpt><trkpt lat="42.562854" lon="44.584888"><ele>2351.185072</ele><time>2026-07-11T13:38:04.000Z</time></trkpt><trkpt lat="42.56286" lon="44.584876"><ele>2351.119736</ele><time>2026-07-11T13:38:11.000Z</time></trkpt><trkpt lat="42.562855" lon="44.584896"><ele>2351.024594</ele><time>2026-07-11T13:38:29.000Z</time></trkpt><trkpt lat="42.562849" lon="44.584891"><ele>2350.981536</ele><time>2026-07-11T13:38:38.000Z</time></trkpt><trkpt lat="42.562848" lon="44.584888"><ele>2350.966703</ele><time>2026-07-11T13:38:47.000Z</time></trkpt><trkpt lat="42.562849" lon="44.584891"><ele>2350.951869</ele><time>2026-07-11T13:38:53.000Z</time></trkpt><trkpt lat="42.562847" lon="44.584874"><ele>2350.874318</ele><time>2026-07-11T13:38:59.000Z</time></trkpt><trkpt lat="42.562851" lon="44.584869"><ele>2350.841064</ele><time>2026-07-11T13:39:00.000Z</time></trkpt><trkpt lat="42.56286" lon="44.584867"><ele>2350.785287</ele><time>2026-07-11T13:39:04.000Z</time></trkpt><trkpt lat="42.56286" lon="44.584868"><ele>2350.780782</ele><time>2026-07-11T13:39:10.000Z</time></trkpt><trkpt lat="42.562867" lon="44.58486"><ele>2350.724821</ele><time>2026-07-11T13:39:17.000Z</time></trkpt><trkpt lat="42.562855" lon="44.584857"><ele>2350.650194</ele><time>2026-07-11T13:39:23.000Z</time></trkpt><trkpt lat="42.562866" lon="44.584861"><ele>2350.580546</ele><time>2026-07-11T13:39:31.000Z</time></trkpt><trkpt lat="42.562855" lon="44.584883"><ele>2350.460764</ele><time>2026-07-11T13:39:43.000Z</time></trkpt><trkpt lat="42.56285" lon="44.58487"><ele>2350.394699</ele><time>2026-07-11T13:39:53.000Z</time></trkpt><trkpt lat="42.562841" lon="44.584856"><ele>2350.31099</ele><time>2026-07-11T13:40:00.000Z</time></trkpt><trkpt lat="42.562843" lon="44.584855"><ele>2350.297955</ele><time>2026-07-11T13:40:01.000Z</time></trkpt><trkpt lat="42.562857" lon="44.584856"><ele>2350.212211</ele><time>2026-07-11T13:40:08.000Z</time></trkpt><trkpt lat="42.56286" lon="44.584868"><ele>2350.155126</ele><time>2026-07-11T13:40:21.000Z</time></trkpt><trkpt lat="42.56286" lon="44.584868"><ele>2350.155126</ele><time>2026-07-11T13:40:27.000Z</time></trkpt><trkpt lat="42.562885" lon="44.584859"><ele>2349.99694</ele><time>2026-07-11T13:40:35.000Z</time></trkpt><trkpt lat="42.562886" lon="44.584859"><ele>2349.990824</ele><time>2026-07-11T13:40:45.000Z</time></trkpt><trkpt lat="42.562886" lon="44.584859"><ele>2349.990824</ele><time>2026-07-11T13:40:46.000Z</time></trkpt><trkpt lat="42.562886" lon="44.584859"><ele>2349.990824</ele><time>2026-07-11T13:40:47.000Z</time></trkpt><trkpt lat="42.562873" lon="44.584852"><ele>2349.90529</ele><time>2026-07-11T13:40:55.000Z</time></trkpt><trkpt lat="42.562872" lon="44.584852"><ele>2349.899174</ele><time>2026-07-11T13:41:05.000Z</time></trkpt><trkpt lat="42.562881" lon="44.584855"><ele>2349.842495</ele><time>2026-07-11T13:41:37.000Z</time></trkpt><trkpt lat="42.562889" lon="44.584846"><ele>2349.778952</ele><time>2026-07-11T13:41:45.000Z</time></trkpt><trkpt lat="42.562896" lon="44.584856"><ele>2349.716805</ele><time>2026-07-11T13:41:56.000Z</time></trkpt><trkpt lat="42.56289" lon="44.584852"><ele>2349.675924</ele><time>2026-07-11T13:42:03.000Z</time></trkpt><trkpt lat="42.562879" lon="44.584825"><ele>2349.53693</ele><time>2026-07-11T13:42:13.000Z</time></trkpt><trkpt lat="42.562862" lon="44.584796"><ele>2349.369967</ele><time>2026-07-11T13:42:17.000Z</time></trkpt><trkpt lat="42.56286" lon="44.584802"><ele>2349.3403</ele><time>2026-07-11T13:42:19.000Z</time></trkpt><trkpt lat="42.562862" lon="44.584805"><ele>2349.322072</ele><time>2026-07-11T13:42:26.000Z</time></trkpt><trkpt lat="42.562862" lon="44.584805"><ele>2349.322072</ele><time>2026-07-11T13:42:41.000Z</time></trkpt><trkpt lat="42.562862" lon="44.584805"><ele>2349.322072</ele><time>2026-07-11T13:42:43.000Z</time></trkpt><trkpt lat="42.562862" lon="44.584805"><ele>2349.322072</ele><time>2026-07-11T13:42:52.000Z</time></trkpt><trkpt lat="42.562886" lon="44.584805"><ele>2349.175286</ele><time>2026-07-11T13:43:26.000Z</time></trkpt><trkpt lat="42.562892" lon="44.584804"><ele>2349.125333</ele><time>2026-07-11T13:43:30.000Z</time></trkpt><trkpt lat="42.562892" lon="44.584804"><ele>2349.125333</ele><time>2026-07-11T13:43:35.000Z</time></trkpt><trkpt lat="42.562883" lon="44.584804"><ele>2349.026655</ele><time>2026-07-11T13:43:44.000Z</time></trkpt><trkpt lat="42.562892" lon="44.584804"><ele>2348.927976</ele><time>2026-07-11T13:43:54.000Z</time></trkpt><trkpt lat="42.562879" lon="44.584809"><ele>2348.779832</ele><time>2026-07-11T13:44:00.000Z</time></trkpt><trkpt lat="42.562875" lon="44.584814"><ele>2348.720218</ele><time>2026-07-11T13:44:08.000Z</time></trkpt><trkpt lat="42.562879" lon="44.584817"><ele>2348.670114</ele><time>2026-07-11T13:44:12.000Z</time></trkpt><trkpt lat="42.562875" lon="44.584814"><ele>2348.620011</ele><time>2026-07-11T13:44:18.000Z</time></trkpt><trkpt lat="42.562875" lon="44.584807"><ele>2348.563482</ele><time>2026-07-11T13:44:29.000Z</time></trkpt><trkpt lat="42.562878" lon="44.584804"><ele>2348.52263</ele><time>2026-07-11T13:44:33.000Z</time></trkpt><trkpt lat="42.562863" lon="44.584815"><ele>2348.335709</ele><time>2026-07-11T13:44:41.000Z</time></trkpt><trkpt lat="42.562853" lon="44.58483"><ele>2348.172324</ele><time>2026-07-11T13:44:48.000Z</time></trkpt><trkpt lat="42.562846" lon="44.584817"><ele>2348.042278</ele><time>2026-07-11T13:45:01.000Z</time></trkpt><trkpt lat="42.562849" lon="44.584823"><ele>2347.983715</ele><time>2026-07-11T13:45:09.000Z</time></trkpt><trkpt lat="42.562852" lon="44.584821"><ele>2347.94707</ele><time>2026-07-11T13:45:16.000Z</time></trkpt><trkpt lat="42.562852" lon="44.584846"><ele>2347.745181</ele><time>2026-07-11T13:45:22.000Z</time></trkpt><trkpt lat="42.562852" lon="44.584852"><ele>2347.696728</ele><time>2026-07-11T13:45:23.000Z</time></trkpt><trkpt lat="42.562855" lon="44.584854"><ele>2347.660083</ele><time>2026-07-11T13:45:30.000Z</time></trkpt><trkpt lat="42.562855" lon="44.584853"><ele>2347.652008</ele><time>2026-07-11T13:45:31.000Z</time></trkpt><trkpt lat="42.562862" lon="44.584851"><ele>2347.573577</ele><time>2026-07-11T13:45:36.000Z</time></trkpt><trkpt lat="42.562864" lon="44.584854"><ele>2347.5409</ele><time>2026-07-11T13:45:38.000Z</time></trkpt><trkpt lat="42.562864" lon="44.584856"><ele>2347.524749</ele><time>2026-07-11T13:45:48.000Z</time></trkpt><trkpt lat="42.562846" lon="44.584872"><ele>2347.288857</ele><time>2026-07-11T13:45:54.000Z</time></trkpt><trkpt lat="42.562849" lon="44.584875"><ele>2347.248006</ele><time>2026-07-11T13:46:02.000Z</time></trkpt><trkpt lat="42.562851" lon="44.584881"><ele>2347.194821</ele><time>2026-07-11T13:46:15.000Z</time></trkpt><trkpt lat="42.562849" lon="44.584875"><ele>2347.141637</ele><time>2026-07-11T13:46:23.000Z</time></trkpt><trkpt lat="42.562849" lon="44.584875"><ele>2347.141637</ele><time>2026-07-11T13:46:35.000Z</time></trkpt><trkpt lat="42.562849" lon="44.584875"><ele>2347.141637</ele><time>2026-07-11T13:47:02.000Z</time></trkpt><trkpt lat="42.562844" lon="44.584877"><ele>2347.084486</ele><time>2026-07-11T13:47:08.000Z</time></trkpt><trkpt lat="42.562843" lon="44.584864"><ele>2346.978932</ele><time>2026-07-11T13:47:13.000Z</time></trkpt><trkpt lat="42.562835" lon="44.584859"><ele>2346.882371</ele><time>2026-07-11T13:47:16.000Z</time></trkpt><trkpt lat="42.562829" lon="44.584861"><ele>2346.814631</ele><time>2026-07-11T13:47:19.000Z</time></trkpt><trkpt lat="42.56283" lon="44.584861"><ele>2346.803667</ele><time>2026-07-11T13:47:20.000Z</time></trkpt><trkpt lat="42.562835" lon="44.584865"><ele>2346.740037</ele><time>2026-07-11T13:47:23.000Z</time></trkpt><trkpt lat="42.56284" lon="44.584867"><ele>2346.682886</ele><time>2026-07-11T13:47:27.000Z</time></trkpt><trkpt lat="42.562861" lon="44.584869"><ele>2346.45207</ele><time>2026-07-11T13:47:35.000Z</time></trkpt><trkpt lat="42.562864" lon="44.584869"><ele>2346.419178</ele><time>2026-07-11T13:47:44.000Z</time></trkpt><trkpt lat="42.56287" lon="44.584871"><ele>2346.351438</ele><time>2026-07-11T13:47:50.000Z</time></trkpt><trkpt lat="42.562895" lon="44.58489"><ele>2346.037309</ele><time>2026-07-11T13:47:53.000Z</time></trkpt><trkpt lat="42.562952" lon="44.584937"><ele>2345.30612</ele><time>2026-07-11T13:48:00.000Z</time></trkpt><trkpt lat="42.56298" lon="44.584964"><ele>2344.92957</ele><time>2026-07-11T13:48:04.000Z</time></trkpt><trkpt lat="42.56301" lon="44.585004"><ele>2344.468552</ele><time>2026-07-11T13:48:08.000Z</time></trkpt><trkpt lat="42.563014" lon="44.585018"><ele>2344.347286</ele><time>2026-07-11T13:48:09.000Z</time></trkpt><trkpt lat="42.563041" lon="44.585089"><ele>2343.702008</ele><time>2026-07-11T13:48:14.000Z</time></trkpt><trkpt lat="42.563046" lon="44.585102"><ele>2343.583574</ele><time>2026-07-11T13:48:15.000Z</time></trkpt><trkpt lat="42.563052" lon="44.585158"><ele>2343.126584</ele><time>2026-07-11T13:48:19.000Z</time></trkpt><trkpt lat="42.563061" lon="44.585196"><ele>2342.804238</ele><time>2026-07-11T13:48:22.000Z</time></trkpt><trkpt lat="42.563075" lon="44.585236"><ele>2342.446599</ele><time>2026-07-11T13:48:25.000Z</time></trkpt><trkpt lat="42.563114" lon="44.585282"><ele>2341.880171</ele><time>2026-07-11T13:48:30.000Z</time></trkpt><trkpt lat="42.563117" lon="44.585298"><ele>2341.746841</ele><time>2026-07-11T13:48:31.000Z</time></trkpt><trkpt lat="42.56313" lon="44.585353"><ele>2341.280376</ele><time>2026-07-11T13:48:35.000Z</time></trkpt><trkpt lat="42.563137" lon="44.585401"><ele>2340.885225</ele><time>2026-07-11T13:48:38.000Z</time></trkpt><trkpt lat="42.563139" lon="44.585421"><ele>2340.722233</ele><time>2026-07-11T13:48:39.000Z</time></trkpt><trkpt lat="42.563177" lon="44.585473"><ele>2340.130684</ele><time>2026-07-11T13:48:46.000Z</time></trkpt><trkpt lat="42.563176" lon="44.58551"><ele>2339.831688</ele><time>2026-07-11T13:48:50.000Z</time></trkpt><trkpt lat="42.563166" lon="44.585517"><ele>2339.708331</ele><time>2026-07-11T13:48:51.000Z</time></trkpt><trkpt lat="42.563159" lon="44.585523"><ele>2339.617566</ele><time>2026-07-11T13:48:52.000Z</time></trkpt><trkpt lat="42.563149" lon="44.585545"><ele>2339.408796</ele><time>2026-07-11T13:48:54.000Z</time></trkpt><trkpt lat="42.563161" lon="44.585578"><ele>2339.111593</ele><time>2026-07-11T13:48:57.000Z</time></trkpt><trkpt lat="42.56317" lon="44.585586"><ele>2338.993648</ele><time>2026-07-11T13:48:58.000Z</time></trkpt><trkpt lat="42.563183" lon="44.585644"><ele>2338.504059</ele><time>2026-07-11T13:49:02.000Z</time></trkpt><trkpt lat="42.563194" lon="44.585691"><ele>2338.105808</ele><time>2026-07-11T13:49:05.000Z</time></trkpt><trkpt lat="42.563215" lon="44.585747"><ele>2337.598337</ele><time>2026-07-11T13:49:10.000Z</time></trkpt><trkpt lat="42.563231" lon="44.585765"><ele>2337.370512</ele><time>2026-07-11T13:49:12.000Z</time></trkpt><trkpt lat="42.563253" lon="44.585807"><ele>2336.954312</ele><time>2026-07-11T13:49:16.000Z</time></trkpt><trkpt lat="42.563264" lon="44.585822"><ele>2336.783376</ele><time>2026-07-11T13:49:17.000Z</time></trkpt><trkpt lat="42.563278" lon="44.585849"><ele>2336.516724</ele><time>2026-07-11T13:49:19.000Z</time></trkpt><trkpt lat="42.563312" lon="44.585875"><ele>2336.088877</ele><time>2026-07-11T13:49:23.000Z</time></trkpt><trkpt lat="42.563333" lon="44.585868"><ele>2335.85179</ele><time>2026-07-11T13:49:25.000Z</time></trkpt><trkpt lat="42.563396" lon="44.585861"><ele>2335.158732</ele><time>2026-07-11T13:49:30.000Z</time></trkpt><trkpt lat="42.563418" lon="44.585864"><ele>2334.916305</ele><time>2026-07-11T13:49:32.000Z</time></trkpt><trkpt lat="42.563435" lon="44.585846"><ele>2334.679933</ele><time>2026-07-11T13:49:35.000Z</time></trkpt><trkpt lat="42.563434" lon="44.585836"><ele>2334.598438</ele><time>2026-07-11T13:49:37.000Z</time></trkpt><trkpt lat="42.563456" lon="44.585781"><ele>2334.093012</ele><time>2026-07-11T13:49:43.000Z</time></trkpt><trkpt lat="42.563501" lon="44.585773"><ele>2333.595408</ele><time>2026-07-11T13:49:48.000Z</time></trkpt><trkpt lat="42.563518" lon="44.585771"><ele>2333.408317</ele><time>2026-07-11T13:49:50.000Z</time></trkpt><trkpt lat="42.563529" lon="44.585762"><ele>2333.267504</ele><time>2026-07-11T13:49:52.000Z</time></trkpt><trkpt lat="42.563543" lon="44.585757"><ele>2333.108783</ele><time>2026-07-11T13:49:55.000Z</time></trkpt><trkpt lat="42.563558" lon="44.585743"><ele>2332.909208</ele><time>2026-07-11T13:49:57.000Z</time></trkpt><trkpt lat="42.563609" lon="44.585746"><ele>2332.349505</ele><time>2026-07-11T13:50:03.000Z</time></trkpt><trkpt lat="42.563683" lon="44.585786"><ele>2331.476213</ele><time>2026-07-11T13:50:12.000Z</time></trkpt><trkpt lat="42.563721" lon="44.585817"><ele>2330.990147</ele><time>2026-07-11T13:50:16.000Z</time></trkpt><trkpt lat="42.56373" lon="44.585815"><ele>2330.890156</ele><time>2026-07-11T13:50:17.000Z</time></trkpt><trkpt lat="42.563743" lon="44.585821"><ele>2330.73961</ele><time>2026-07-11T13:50:19.000Z</time></trkpt><trkpt lat="42.56375" lon="44.585825"><ele>2330.65634</ele><time>2026-07-11T13:50:20.000Z</time></trkpt><trkpt lat="42.563804" lon="44.58586"><ele>2330.000266</ele><time>2026-07-11T13:50:27.000Z</time></trkpt><trkpt lat="42.563816" lon="44.585891"><ele>2329.717457</ele><time>2026-07-11T13:50:31.000Z</time></trkpt><trkpt lat="42.563812" lon="44.585898"><ele>2329.645911</ele><time>2026-07-11T13:50:32.000Z</time></trkpt><trkpt lat="42.563823" lon="44.585955"><ele>2329.077795</ele><time>2026-07-11T13:50:37.000Z</time></trkpt><trkpt lat="42.563829" lon="44.585965"><ele>2328.937204</ele><time>2026-07-11T13:50:38.000Z</time></trkpt><trkpt lat="42.56385" lon="44.586005"><ele>2328.401774</ele><time>2026-07-11T13:50:44.000Z</time></trkpt><trkpt lat="42.563849" lon="44.58601"><ele>2328.3453</ele><time>2026-07-11T13:50:45.000Z</time></trkpt><trkpt lat="42.56388" lon="44.586049"><ele>2327.719849</ele><time>2026-07-11T13:50:50.000Z</time></trkpt><trkpt lat="42.563938" lon="44.58607"><ele>2326.831492</ele><time>2026-07-11T13:50:57.000Z</time></trkpt><trkpt lat="42.563978" lon="44.586123"><ele>2326.004346</ele><time>2026-07-11T13:51:02.000Z</time></trkpt><trkpt lat="42.563983" lon="44.586111"><ele>2325.854066</ele><time>2026-07-11T13:51:04.000Z</time></trkpt><trkpt lat="42.563983" lon="44.586106"><ele>2325.799566</ele><time>2026-07-11T13:51:06.000Z</time></trkpt><trkpt lat="42.563986" lon="44.586105"><ele>2325.75385</ele><time>2026-07-11T13:51:07.000Z</time></trkpt><trkpt lat="42.563985" lon="44.586105"><ele>2325.73905</ele><time>2026-07-11T13:51:11.000Z</time></trkpt><trkpt lat="42.563982" lon="44.586111"><ele>2325.660004</ele><time>2026-07-11T13:51:12.000Z</time></trkpt><trkpt lat="42.563978" lon="44.586113"><ele>2325.59692</ele><time>2026-07-11T13:51:13.000Z</time></trkpt><trkpt lat="42.56397" lon="44.586119"><ele>2325.461663</ele><time>2026-07-11T13:51:27.000Z</time></trkpt><trkpt lat="42.56397" lon="44.586119"><ele>2325.461663</ele><time>2026-07-11T13:51:38.000Z</time></trkpt><trkpt lat="42.563969" lon="44.586116"><ele>2325.42577</ele><time>2026-07-11T13:51:39.000Z</time></trkpt><trkpt lat="42.563966" lon="44.586118"><ele>2325.376309</ele><time>2026-07-11T13:51:42.000Z</time></trkpt><trkpt lat="42.563974" lon="44.58612"><ele>2325.255924</ele><time>2026-07-11T13:51:45.000Z</time></trkpt><trkpt lat="42.563971" lon="44.586123"><ele>2325.200783</ele><time>2026-07-11T13:51:46.000Z</time></trkpt><trkpt lat="42.563979" lon="44.586126"><ele>2325.077956</ele><time>2026-07-11T13:51:53.000Z</time></trkpt><trkpt lat="42.563974" lon="44.586123"><ele>2324.997056</ele><time>2026-07-11T13:52:02.000Z</time></trkpt><trkpt lat="42.563974" lon="44.586123"><ele>2324.997056</ele><time>2026-07-11T13:52:09.000Z</time></trkpt><trkpt lat="42.563963" lon="44.586123"><ele>2324.834264</ele><time>2026-07-11T13:52:16.000Z</time></trkpt><trkpt lat="42.563968" lon="44.586119"><ele>2324.748378</ele><time>2026-07-11T13:52:18.000Z</time></trkpt><trkpt lat="42.563972" lon="44.58613"><ele>2324.61466</ele><time>2026-07-11T13:52:22.000Z</time></trkpt><trkpt lat="42.563991" lon="44.586171"><ele>2324.086658</ele><time>2026-07-11T13:52:28.000Z</time></trkpt><trkpt lat="42.564003" lon="44.586183"><ele>2323.866096</ele><time>2026-07-11T13:52:30.000Z</time></trkpt><trkpt lat="42.564026" lon="44.586203"><ele>2323.461886</ele><time>2026-07-11T13:52:33.000Z</time></trkpt><trkpt lat="42.564047" lon="44.586237"><ele>2322.978221</ele><time>2026-07-11T13:52:35.000Z</time></trkpt><trkpt lat="42.56405" lon="44.586285"><ele>2322.45314</ele><time>2026-07-11T13:52:40.000Z</time></trkpt><trkpt lat="42.564061" lon="44.586286"><ele>2322.289983</ele><time>2026-07-11T13:52:41.000Z</time></trkpt><trkpt lat="42.564109" lon="44.586309"><ele>2321.536676</ele><time>2026-07-11T13:52:46.000Z</time></trkpt><trkpt lat="42.564122" lon="44.586343"><ele>2321.119113</ele><time>2026-07-11T13:52:49.000Z</time></trkpt><trkpt lat="42.564119" lon="44.586356"><ele>2320.97062</ele><time>2026-07-11T13:52:50.000Z</time></trkpt><trkpt lat="42.56413" lon="44.586378"><ele>2320.680783</ele><time>2026-07-11T13:52:52.000Z</time></trkpt><trkpt lat="42.564158" lon="44.586391"><ele>2320.242845</ele><time>2026-07-11T13:52:55.000Z</time></trkpt><trkpt lat="42.564185" lon="44.586408"><ele>2319.802389</ele><time>2026-07-11T13:52:58.000Z</time></trkpt><trkpt lat="42.5642" lon="44.586432"><ele>2319.459294</ele><time>2026-07-11T13:53:00.000Z</time></trkpt><trkpt lat="42.564224" lon="44.586472"><ele>2318.896933</ele><time>2026-07-11T13:53:03.000Z</time></trkpt><trkpt lat="42.564242" lon="44.586499"><ele>2318.499976</ele><time>2026-07-11T13:53:06.000Z</time></trkpt><trkpt lat="42.564283" lon="44.586536"><ele>2317.771401</ele><time>2026-07-11T13:53:10.000Z</time></trkpt><trkpt lat="42.564279" lon="44.586535"><ele>2317.711209</ele><time>2026-07-11T13:53:12.000Z</time></trkpt><trkpt lat="42.564311" lon="44.586573"><ele>2317.082053</ele><time>2026-07-11T13:53:22.000Z</time></trkpt><trkpt lat="42.564342" lon="44.586597"><ele>2316.553932</ele><time>2026-07-11T13:53:24.000Z</time></trkpt><trkpt lat="42.564389" lon="44.586635"><ele>2315.74438</ele><time>2026-07-11T13:53:28.000Z</time></trkpt><trkpt lat="42.564399" lon="44.586643"><ele>2315.572608</ele><time>2026-07-11T13:53:29.000Z</time></trkpt><trkpt lat="42.564449" lon="44.586678"><ele>2314.740087</ele><time>2026-07-11T13:53:34.000Z</time></trkpt><trkpt lat="42.564469" lon="44.586689"><ele>2314.420739</ele><time>2026-07-11T13:53:36.000Z</time></trkpt><trkpt lat="42.564493" lon="44.586694"><ele>2314.061398</ele><time>2026-07-11T13:53:38.000Z</time></trkpt><trkpt lat="42.564532" lon="44.586734"><ele>2313.338057</ele><time>2026-07-11T13:53:42.000Z</time></trkpt><trkpt lat="42.564546" lon="44.586775"><ele>2312.845467</ele><time>2026-07-11T13:53:45.000Z</time></trkpt><trkpt lat="42.56456" lon="44.586789"><ele>2312.588146</ele><time>2026-07-11T13:53:47.000Z</time></trkpt><trkpt lat="42.56457" lon="44.586797"><ele>2312.416374</ele><time>2026-07-11T13:53:48.000Z</time></trkpt><trkpt lat="42.56458" lon="44.586806"><ele>2312.23882</ele><time>2026-07-11T13:53:49.000Z</time></trkpt><trkpt lat="42.564645" lon="44.586857"><ele>2311.127794</ele><time>2026-07-11T13:53:55.000Z</time></trkpt><trkpt lat="42.564675" lon="44.586878"><ele>2310.628283</ele><time>2026-07-11T13:53:58.000Z</time></trkpt><trkpt lat="42.564716" lon="44.586905"><ele>2309.953907</ele><time>2026-07-11T13:54:02.000Z</time></trkpt><trkpt lat="42.564749" lon="44.586933"><ele>2309.37801</ele><time>2026-07-11T13:54:06.000Z</time></trkpt><trkpt lat="42.564759" lon="44.586941"><ele>2309.206238</ele><time>2026-07-11T13:54:07.000Z</time></trkpt><trkpt lat="42.564839" lon="44.586995"><ele>2307.884055</ele><time>2026-07-11T13:54:14.000Z</time></trkpt><trkpt lat="42.564869" lon="44.587054"><ele>2307.102591</ele><time>2026-07-11T13:54:19.000Z</time></trkpt><trkpt lat="42.56487" lon="44.587066"><ele>2306.970958</ele><time>2026-07-11T13:54:20.000Z</time></trkpt><trkpt lat="42.564899" lon="44.587102"><ele>2306.389435</ele><time>2026-07-11T13:54:23.000Z</time></trkpt><trkpt lat="42.56492" lon="44.587145"><ele>2305.827063</ele><time>2026-07-11T13:54:26.000Z</time></trkpt><trkpt lat="42.564951" lon="44.587202"><ele>2305.054741</ele><time>2026-07-11T13:54:30.000Z</time></trkpt><trkpt lat="42.564972" lon="44.587236"><ele>2304.57108</ele><time>2026-07-11T13:54:33.000Z</time></trkpt><trkpt lat="42.564979" lon="44.587266"><ele>2304.228067</ele><time>2026-07-11T13:54:35.000Z</time></trkpt><trkpt lat="42.564998" lon="44.587295"><ele>2303.805004</ele><time>2026-07-11T13:54:38.000Z</time></trkpt><trkpt lat="42.565009" lon="44.587304"><ele>2303.614939</ele><time>2026-07-11T13:54:39.000Z</time></trkpt><trkpt lat="42.56502" lon="44.587317"><ele>2303.399115</ele><time>2026-07-11T13:54:40.000Z</time></trkpt><trkpt lat="42.565023" lon="44.587335"><ele>2303.197958</ele><time>2026-07-11T13:54:41.000Z</time></trkpt><trkpt lat="42.56505" lon="44.58736"><ele>2302.719795</ele><time>2026-07-11T13:54:44.000Z</time></trkpt><trkpt lat="42.565062" lon="44.587359"><ele>2302.55155</ele><time>2026-07-11T13:54:45.000Z</time></trkpt><trkpt lat="42.565097" lon="44.587367"><ele>2302.054862</ele><time>2026-07-11T13:54:48.000Z</time></trkpt><trkpt lat="42.565118" lon="44.587389"><ele>2301.683676</ele><time>2026-07-11T13:54:50.000Z</time></trkpt><trkpt lat="42.565145" lon="44.587421"><ele>2301.182134</ele><time>2026-07-11T13:54:53.000Z</time></trkpt><trkpt lat="42.56519" lon="44.587481"><ele>2300.299525</ele><time>2026-07-11T13:54:58.000Z</time></trkpt><trkpt lat="42.565198" lon="44.587509"><ele>2299.98998</ele><time>2026-07-11T13:55:00.000Z</time></trkpt><trkpt lat="42.565217" lon="44.587572"><ele>2299.288322</ele><time>2026-07-11T13:55:04.000Z</time></trkpt><trkpt lat="42.565232" lon="44.587606"><ele>2298.879831</ele><time>2026-07-11T13:55:06.000Z</time></trkpt><trkpt lat="42.565258" lon="44.58762"><ele>2298.488415</ele><time>2026-07-11T13:55:10.000Z</time></trkpt><trkpt lat="42.565269" lon="44.587643"><ele>2298.205763</ele><time>2026-07-11T13:55:13.000Z</time></trkpt><trkpt lat="42.565303" lon="44.587696"><ele>2297.481342</ele><time>2026-07-11T13:55:18.000Z</time></trkpt><trkpt lat="42.565354" lon="44.587735"><ele>2296.662229</ele><time>2026-07-11T13:55:23.000Z</time></trkpt><trkpt lat="42.565365" lon="44.587758"><ele>2296.379578</ele><time>2026-07-11T13:55:25.000Z</time></trkpt><trkpt lat="42.565391" lon="44.587794"><ele>2295.859906</ele><time>2026-07-11T13:55:29.000Z</time></trkpt><trkpt lat="42.565418" lon="44.587799"><ele>2295.478566</ele><time>2026-07-11T13:55:33.000Z</time></trkpt><trkpt lat="42.565421" lon="44.5878"><ele>2295.435336</ele><time>2026-07-11T13:55:34.000Z</time></trkpt><trkpt lat="42.565432" lon="44.587811"><ele>2295.244156</ele><time>2026-07-11T13:55:36.000Z</time></trkpt><trkpt lat="42.565444" lon="44.587825"><ele>2295.022748</ele><time>2026-07-11T13:55:39.000Z</time></trkpt><trkpt lat="42.565468" lon="44.587838"><ele>2294.661148</ele><time>2026-07-11T13:55:42.000Z</time></trkpt><trkpt lat="42.565503" lon="44.587855"><ele>2294.140956</ele><time>2026-07-11T13:55:46.000Z</time></trkpt><trkpt lat="42.565559" lon="44.587892"><ele>2293.269423</ele><time>2026-07-11T13:55:52.000Z</time></trkpt><trkpt lat="42.565566" lon="44.587899"><ele>2293.147763</ele><time>2026-07-11T13:55:53.000Z</time></trkpt><trkpt lat="42.565588" lon="44.587917"><ele>2292.788315</ele><time>2026-07-11T13:55:56.000Z</time></trkpt><trkpt lat="42.565624" lon="44.58793"><ele>2292.267012</ele><time>2026-07-11T13:56:00.000Z</time></trkpt><trkpt lat="42.56565" lon="44.587951"><ele>2291.843654</ele><time>2026-07-11T13:56:03.000Z</time></trkpt><trkpt lat="42.565685" lon="44.587989"><ele>2291.216523</ele><time>2026-07-11T13:56:07.000Z</time></trkpt><trkpt lat="42.565729" lon="44.588016"><ele>2290.540816</ele><time>2026-07-11T13:56:11.000Z</time></trkpt><trkpt lat="42.565761" lon="44.588036"><ele>2290.047838</ele><time>2026-07-11T13:56:14.000Z</time></trkpt><trkpt lat="42.565794" lon="44.588052"><ele>2289.557471</ele><time>2026-07-11T13:56:18.000Z</time></trkpt><trkpt lat="42.565802" lon="44.588064"><ele>2289.390646</ele><time>2026-07-11T13:56:19.000Z</time></trkpt><trkpt lat="42.565853" lon="44.588128"><ele>2288.418802</ele><time>2026-07-11T13:56:27.000Z</time></trkpt><trkpt lat="42.565872" lon="44.588138"><ele>2288.133636</ele><time>2026-07-11T13:56:30.000Z</time></trkpt><trkpt lat="42.565916" lon="44.588175"><ele>2287.409368</ele><time>2026-07-11T13:56:34.000Z</time></trkpt><trkpt lat="42.565924" lon="44.588182"><ele>2287.276181</ele><time>2026-07-11T13:56:35.000Z</time></trkpt><trkpt lat="42.565984" lon="44.588224"><ele>2286.331514</ele><time>2026-07-11T13:56:41.000Z</time></trkpt><trkpt lat="42.566001" lon="44.588249"><ele>2285.980816</ele><time>2026-07-11T13:56:43.000Z</time></trkpt><trkpt lat="42.566026" lon="44.588296"><ele>2285.383276</ele><time>2026-07-11T13:56:49.000Z</time></trkpt><trkpt lat="42.566034" lon="44.588305"><ele>2285.237887</ele><time>2026-07-11T13:56:50.000Z</time></trkpt><trkpt lat="42.566064" lon="44.588345"><ele>2284.649486</ele><time>2026-07-11T13:56:54.000Z</time></trkpt><trkpt lat="42.566107" lon="44.588373"><ele>2283.982115</ele><time>2026-07-11T13:56:58.000Z</time></trkpt><trkpt lat="42.566179" lon="44.588407"><ele>2282.915338</ele><time>2026-07-11T13:57:05.000Z</time></trkpt><trkpt lat="42.566203" lon="44.588423"><ele>2282.541178</ele><time>2026-07-11T13:57:08.000Z</time></trkpt><trkpt lat="42.566283" lon="44.588449"><ele>2281.390021</ele><time>2026-07-11T13:57:15.000Z</time></trkpt><trkpt lat="42.566345" lon="44.588476"><ele>2280.47885</ele><time>2026-07-11T13:57:21.000Z</time></trkpt><trkpt lat="42.566363" lon="44.588487"><ele>2280.202617</ele><time>2026-07-11T13:57:23.000Z</time></trkpt><trkpt lat="42.566389" lon="44.588499"><ele>2279.818323</ele><time>2026-07-11T13:57:26.000Z</time></trkpt><trkpt lat="42.566421" lon="44.588495"><ele>2279.368617</ele><time>2026-07-11T13:57:29.000Z</time></trkpt><trkpt lat="42.566461" lon="44.588528"><ele>2278.713622</ele><time>2026-07-11T13:57:35.000Z</time></trkpt><trkpt lat="42.566462" lon="44.588541"><ele>2278.578908</ele><time>2026-07-11T13:57:36.000Z</time></trkpt><trkpt lat="42.566509" lon="44.588625"><ele>2277.531592</ele><time>2026-07-11T13:57:43.000Z</time></trkpt><trkpt lat="42.566554" lon="44.588693"><ele>2276.835234</ele><time>2026-07-11T13:57:49.000Z</time></trkpt><trkpt lat="42.56659" lon="44.58873"><ele>2276.368258</ele><time>2026-07-11T13:57:53.000Z</time></trkpt><trkpt lat="42.566611" lon="44.588741"><ele>2276.13546</ele><time>2026-07-11T13:57:55.000Z</time></trkpt><trkpt lat="42.566623" lon="44.588748"><ele>2276.000379</ele><time>2026-07-11T13:57:56.000Z</time></trkpt><trkpt lat="42.566667" lon="44.58876"><ele>2275.536213</ele><time>2026-07-11T13:58:00.000Z</time></trkpt><trkpt lat="42.5667" lon="44.588763"><ele>2275.194141</ele><time>2026-07-11T13:58:04.000Z</time></trkpt><trkpt lat="42.566738" lon="44.588774"><ele>2274.792287</ele><time>2026-07-11T13:58:08.000Z</time></trkpt><trkpt lat="42.566776" lon="44.588782"><ele>2274.39457</ele><time>2026-07-11T13:58:11.000Z</time></trkpt><trkpt lat="42.566798" lon="44.588785"><ele>2274.165887</ele><time>2026-07-11T13:58:13.000Z</time></trkpt><trkpt lat="42.566807" lon="44.588786"><ele>2274.072492</ele><time>2026-07-11T13:58:14.000Z</time></trkpt><trkpt lat="42.56685" lon="44.588797"><ele>2273.619934</ele><time>2026-07-11T13:58:19.000Z</time></trkpt><trkpt lat="42.566862" lon="44.58879"><ele>2273.484853</ele><time>2026-07-11T13:58:20.000Z</time></trkpt><trkpt lat="42.566931" lon="44.588787"><ele>2272.770844</ele><time>2026-07-11T13:58:26.000Z</time></trkpt><trkpt lat="42.566991" lon="44.588809"><ele>2272.128056</ele><time>2026-07-11T13:58:32.000Z</time></trkpt><trkpt lat="42.567007" lon="44.588826"><ele>2271.91793</ele><time>2026-07-11T13:58:34.000Z</time></trkpt><trkpt lat="42.567011" lon="44.588839"><ele>2271.810611</ele><time>2026-07-11T13:58:38.000Z</time></trkpt><trkpt lat="42.567019" lon="44.58885"><ele>2271.692854</ele><time>2026-07-11T13:58:39.000Z</time></trkpt><trkpt lat="42.567047" lon="44.588884"><ele>2271.304346</ele><time>2026-07-11T13:58:43.000Z</time></trkpt><trkpt lat="42.567052" lon="44.588888"><ele>2271.244324</ele><time>2026-07-11T13:58:44.000Z</time></trkpt><trkpt lat="42.567058" lon="44.588894"><ele>2271.167254</ele><time>2026-07-11T13:58:46.000Z</time></trkpt><trkpt lat="42.567088" lon="44.588901"><ele>2270.852427</ele><time>2026-07-11T13:58:48.000Z</time></trkpt><trkpt lat="42.567117" lon="44.588899"><ele>2270.552103</ele><time>2026-07-11T13:58:52.000Z</time></trkpt><trkpt lat="42.567122" lon="44.588903"><ele>2270.492081</ele><time>2026-07-11T13:58:53.000Z</time></trkpt><trkpt lat="42.567177" lon="44.588946"><ele>2269.835675</ele><time>2026-07-11T13:58:59.000Z</time></trkpt><trkpt lat="42.567185" lon="44.588963"><ele>2269.682006</ele><time>2026-07-11T13:59:01.000Z</time></trkpt><trkpt lat="42.567183" lon="44.588974"><ele>2269.595701</ele><time>2026-07-11T13:59:02.000Z</time></trkpt><trkpt lat="42.567189" lon="44.589008"><ele>2269.329385</ele><time>2026-07-11T13:59:05.000Z</time></trkpt><trkpt lat="42.567192" lon="44.589037"><ele>2269.106317</ele><time>2026-07-11T13:59:09.000Z</time></trkpt><trkpt lat="42.567185" lon="44.58908"><ele>2268.770872</ele><time>2026-07-11T13:59:12.000Z</time></trkpt><trkpt lat="42.567203" lon="44.589092"><ele>2268.563474</ele><time>2026-07-11T13:59:15.000Z</time></trkpt><trkpt lat="42.567222" lon="44.589089"><ele>2268.36564</ele><time>2026-07-11T13:59:17.000Z</time></trkpt><trkpt lat="42.567231" lon="44.589083"><ele>2268.261941</ele><time>2026-07-11T13:59:18.000Z</time></trkpt><trkpt lat="42.567301" lon="44.5891"><ele>2267.526466</ele><time>2026-07-11T13:59:24.000Z</time></trkpt><trkpt lat="42.567309" lon="44.589107"><ele>2267.428032</ele><time>2026-07-11T13:59:25.000Z</time></trkpt><trkpt lat="42.567347" lon="44.589122"><ele>2267.01874</ele><time>2026-07-11T13:59:29.000Z</time></trkpt><trkpt lat="42.567361" lon="44.589126"><ele>2266.870772</ele><time>2026-07-11T13:59:31.000Z</time></trkpt><trkpt lat="42.567387" lon="44.589142"><ele>2266.575534</ele><time>2026-07-11T13:59:36.000Z</time></trkpt><trkpt lat="42.567398" lon="44.589148"><ele>2266.452928</ele><time>2026-07-11T13:59:37.000Z</time></trkpt><trkpt lat="42.567433" lon="44.589156"><ele>2266.085841</ele><time>2026-07-11T13:59:42.000Z</time></trkpt><trkpt lat="42.567475" lon="44.589168"><ele>2265.641937</ele><time>2026-07-11T13:59:48.000Z</time></trkpt><trkpt lat="42.567525" lon="44.589187"><ele>2265.104934</ele><time>2026-07-11T13:59:55.000Z</time></trkpt><trkpt lat="42.56756" lon="44.589205"><ele>2264.717846</ele><time>2026-07-11T14:00:02.000Z</time></trkpt><trkpt lat="42.567578" lon="44.589203"><ele>2264.531055</ele><time>2026-07-11T14:00:05.000Z</time></trkpt><trkpt lat="42.56759" lon="44.58924"><ele>2264.223103</ele><time>2026-07-11T14:00:08.000Z</time></trkpt><trkpt lat="42.567623" lon="44.589258"><ele>2263.855286</ele><time>2026-07-11T14:00:12.000Z</time></trkpt><trkpt lat="42.567635" lon="44.58925"><ele>2263.717021</ele><time>2026-07-11T14:00:14.000Z</time></trkpt><trkpt lat="42.567677" lon="44.589255"><ele>2263.280963</ele><time>2026-07-11T14:00:21.000Z</time></trkpt><trkpt lat="42.567656" lon="44.589258"><ele>2263.062568</ele><time>2026-07-11T14:00:29.000Z</time></trkpt><trkpt lat="42.567654" lon="44.589258"><ele>2263.041883</ele><time>2026-07-11T14:00:31.000Z</time></trkpt><trkpt lat="42.567662" lon="44.589253"><ele>2262.950797</ele><time>2026-07-11T14:00:35.000Z</time></trkpt><trkpt lat="42.567677" lon="44.589241"><ele>2262.770732</ele><time>2026-07-11T14:00:41.000Z</time></trkpt><trkpt lat="42.567676" lon="44.58924"><ele>2262.757887</ele><time>2026-07-11T14:00:42.000Z</time></trkpt><trkpt lat="42.567674" lon="44.589243"><ele>2262.727064</ele><time>2026-07-11T14:00:50.000Z</time></trkpt><trkpt lat="42.567644" lon="44.589254"><ele>2262.40567</ele><time>2026-07-11T14:00:59.000Z</time></trkpt><trkpt lat="42.567644" lon="44.589236"><ele>2262.268562</ele><time>2026-07-11T14:01:07.000Z</time></trkpt><trkpt lat="42.56765" lon="44.589216"><ele>2262.104064</ele><time>2026-07-11T14:01:10.000Z</time></trkpt><trkpt lat="42.567662" lon="44.589214"><ele>2261.979021</ele><time>2026-07-11T14:01:15.000Z</time></trkpt><trkpt lat="42.567665" lon="44.589221"><ele>2261.91733</ele><time>2026-07-11T14:01:17.000Z</time></trkpt><trkpt lat="42.567662" lon="44.58923"><ele>2261.842081</ele><time>2026-07-11T14:01:22.000Z</time></trkpt><trkpt lat="42.567658" lon="44.589229"><ele>2261.800015</ele><time>2026-07-11T14:01:29.000Z</time></trkpt><trkpt lat="42.567658" lon="44.589232"><ele>2261.777164</ele><time>2026-07-11T14:01:33.000Z</time></trkpt><trkpt lat="42.567663" lon="44.589249"><ele>2261.637728</ele><time>2026-07-11T14:01:41.000Z</time></trkpt><trkpt lat="42.567668" lon="44.589236"><ele>2261.526015</ele><time>2026-07-11T14:01:56.000Z</time></trkpt><trkpt lat="42.567667" lon="44.58922"><ele>2261.403702</ele><time>2026-07-11T14:02:06.000Z</time></trkpt><trkpt lat="42.567663" lon="44.589234"><ele>2261.289319</ele><time>2026-07-11T14:02:13.000Z</time></trkpt><trkpt lat="42.567668" lon="44.589215"><ele>2261.135631</ele><time>2026-07-11T14:02:22.000Z</time></trkpt><trkpt lat="42.567673" lon="44.589218"><ele>2261.079094</ele><time>2026-07-11T14:02:28.000Z</time></trkpt><trkpt lat="42.567677" lon="44.589224"><ele>2261.017448</ele><time>2026-07-11T14:02:32.000Z</time></trkpt><trkpt lat="42.567659" lon="44.589241"><ele>2260.790674</ele><time>2026-07-11T14:02:40.000Z</time></trkpt><trkpt lat="42.567636" lon="44.589298"><ele>2260.2956</ele><time>2026-07-11T14:02:46.000Z</time></trkpt><trkpt lat="42.567637" lon="44.589339"><ele>2259.983126</ele><time>2026-07-11T14:02:53.000Z</time></trkpt><trkpt lat="42.567664" lon="44.589354"><ele>2259.681404</ele><time>2026-07-11T14:02:59.000Z</time></trkpt><trkpt lat="42.56767" lon="44.589351"><ele>2259.615274</ele><time>2026-07-11T14:03:00.000Z</time></trkpt><trkpt lat="42.567686" lon="44.589346"><ele>2259.445466</ele><time>2026-07-11T14:03:06.000Z</time></trkpt><trkpt lat="42.567686" lon="44.589351"><ele>2259.40738</ele><time>2026-07-11T14:03:13.000Z</time></trkpt><trkpt lat="42.567682" lon="44.589355"><ele>2259.356</ele><time>2026-07-11T14:03:21.000Z</time></trkpt><trkpt lat="42.567706" lon="44.589321"><ele>2259.019761</ele><time>2026-07-11T14:03:29.000Z</time></trkpt><trkpt lat="42.567717" lon="44.589316"><ele>2258.960135</ele><time>2026-07-11T14:03:35.000Z</time></trkpt><trkpt lat="42.567712" lon="44.58932"><ele>2258.930305</ele><time>2026-07-11T14:03:36.000Z</time></trkpt><trkpt lat="42.567727" lon="44.589336"><ele>2258.832256</ele><time>2026-07-11T14:03:43.000Z</time></trkpt><trkpt lat="42.567725" lon="44.589347"><ele>2258.789364</ele><time>2026-07-11T14:03:49.000Z</time></trkpt><trkpt lat="42.567721" lon="44.589352"><ele>2258.761418</ele><time>2026-07-11T14:03:50.000Z</time></trkpt><trkpt lat="42.567715" lon="44.589378"><ele>2258.658273</ele><time>2026-07-11T14:03:58.000Z</time></trkpt><trkpt lat="42.567735" lon="44.589423"><ele>2258.459304</ele><time>2026-07-11T14:04:08.000Z</time></trkpt><trkpt lat="42.567724" lon="44.589411"><ele>2258.386774</ele><time>2026-07-11T14:04:11.000Z</time></trkpt><trkpt lat="42.567724" lon="44.589417"><ele>2258.36406</ele><time>2026-07-11T14:04:16.000Z</time></trkpt><trkpt lat="42.567722" lon="44.589425"><ele>2258.332078</ele><time>2026-07-11T14:04:20.000Z</time></trkpt><trkpt lat="42.567724" lon="44.589422"><ele>2258.316759</ele><time>2026-07-11T14:04:21.000Z</time></trkpt><trkpt lat="42.567724" lon="44.58942"><ele>2258.309188</ele><time>2026-07-11T14:04:28.000Z</time></trkpt><trkpt lat="42.567699" lon="44.589431"><ele>2258.174105</ele><time>2026-07-11T14:04:34.000Z</time></trkpt><trkpt lat="42.567709" lon="44.589423"><ele>2258.114445</ele><time>2026-07-11T14:04:42.000Z</time></trkpt><trkpt lat="42.567708" lon="44.589416"><ele>2258.087452</ele><time>2026-07-11T14:04:50.000Z</time></trkpt><trkpt lat="42.567709" lon="44.589424"><ele>2258.056734</ele><time>2026-07-11T14:04:57.000Z</time></trkpt><trkpt lat="42.567709" lon="44.589426"><ele>2258.049163</ele><time>2026-07-11T14:05:05.000Z</time></trkpt><trkpt lat="42.567712" lon="44.589421"><ele>2258.024748</ele><time>2026-07-11T14:05:10.000Z</time></trkpt><trkpt lat="42.567721" lon="44.58943"><ele>2257.967295</ele><time>2026-07-11T14:05:17.000Z</time></trkpt><trkpt lat="42.567725" lon="44.589423"><ele>2257.933754</ele><time>2026-07-11T14:05:25.000Z</time></trkpt><trkpt lat="42.567727" lon="44.589426"><ele>2257.918436</ele><time>2026-07-11T14:05:26.000Z</time></trkpt><trkpt lat="42.567721" lon="44.589422"><ele>2257.884078</ele><time>2026-07-11T14:05:32.000Z</time></trkpt><trkpt lat="42.567743" lon="44.589426"><ele>2257.769985</ele><time>2026-07-11T14:05:38.000Z</time></trkpt><trkpt lat="42.567737" lon="44.589429"><ele>2257.737119</ele><time>2026-07-11T14:05:48.000Z</time></trkpt><trkpt lat="42.567737" lon="44.589429"><ele>2257.737119</ele><time>2026-07-11T14:06:08.000Z</time></trkpt><trkpt lat="42.567714" lon="44.589423"><ele>2257.616733</ele><time>2026-07-11T14:06:20.000Z</time></trkpt><trkpt lat="42.567743" lon="44.589427"><ele>2257.466902</ele><time>2026-07-11T14:06:26.000Z</time></trkpt><trkpt lat="42.567814" lon="44.58943"><ele>2257.101773</ele><time>2026-07-11T14:06:34.000Z</time></trkpt><trkpt lat="42.567856" lon="44.589437"><ele>2256.884266</ele><time>2026-07-11T14:06:41.000Z</time></trkpt><trkpt lat="42.567862" lon="44.589436"><ele>2256.853194</ele><time>2026-07-11T14:06:42.000Z</time></trkpt><trkpt lat="42.567875" lon="44.58943"><ele>2256.782617</ele><time>2026-07-11T14:06:48.000Z</time></trkpt><trkpt lat="42.567877" lon="44.589408"><ele>2256.698702</ele><time>2026-07-11T14:06:54.000Z</time></trkpt><trkpt lat="42.567871" lon="44.589438"><ele>2256.58102</ele><time>2026-07-11T14:07:00.000Z</time></trkpt><trkpt lat="42.567915" lon="44.589434"><ele>2256.354347</ele><time>2026-07-11T14:07:07.000Z</time></trkpt><trkpt lat="42.56796" lon="44.589448"><ele>2256.117045</ele><time>2026-07-11T14:07:12.000Z</time></trkpt><trkpt lat="42.567973" lon="44.589456"><ele>2256.043681</ele><time>2026-07-11T14:07:14.000Z</time></trkpt><trkpt lat="42.56803" lon="44.589466"><ele>2255.748256</ele><time>2026-07-11T14:07:21.000Z</time></trkpt><trkpt lat="42.568087" lon="44.589457"><ele>2255.453292</ele><time>2026-07-11T14:07:27.000Z</time></trkpt><trkpt lat="42.568114" lon="44.589453"><ele>2255.313684</ele><time>2026-07-11T14:07:29.000Z</time></trkpt><trkpt lat="42.568194" lon="44.589412"><ele>2254.874155</ele><time>2026-07-11T14:07:38.000Z</time></trkpt><trkpt lat="42.568201" lon="44.589401"><ele>2254.819122</ele><time>2026-07-11T14:07:39.000Z</time></trkpt><trkpt lat="42.568226" lon="44.589344"><ele>2254.567977</ele><time>2026-07-11T14:07:44.000Z</time></trkpt><trkpt lat="42.568229" lon="44.58933"><ele>2254.512781</ele><time>2026-07-11T14:07:45.000Z</time></trkpt><trkpt lat="42.568234" lon="44.5893"><ele>2254.396342</ele><time>2026-07-11T14:07:51.000Z</time></trkpt><trkpt lat="42.568238" lon="44.58931"><ele>2254.353263</ele><time>2026-07-11T14:07:58.000Z</time></trkpt><trkpt lat="42.568238" lon="44.58931"><ele>2254.353263</ele><time>2026-07-11T14:08:20.000Z</time></trkpt><trkpt lat="42.568235" lon="44.589306"><ele>2254.331651</ele><time>2026-07-11T14:08:27.000Z</time></trkpt><trkpt lat="42.568231" lon="44.589313"><ele>2254.29811</ele><time>2026-07-11T14:08:34.000Z</time></trkpt><trkpt lat="42.568272" lon="44.589332"><ele>2254.075428</ele><time>2026-07-11T14:08:43.000Z</time></trkpt><trkpt lat="42.568281" lon="44.589334"><ele>2254.028551</ele><time>2026-07-11T14:08:44.000Z</time></trkpt><trkpt lat="42.568328" lon="44.58935"><ele>2253.779486</ele><time>2026-07-11T14:08:49.000Z</time></trkpt><trkpt lat="42.56839" lon="44.589322"><ele>2253.443631</ele><time>2026-07-11T14:08:56.000Z</time></trkpt><trkpt lat="42.568444" lon="44.589268"><ele>2253.098911</ele><time>2026-07-11T14:09:03.000Z</time></trkpt><trkpt lat="42.568469" lon="44.589254"><ele>2252.959907</ele><time>2026-07-11T14:09:06.000Z</time></trkpt><trkpt lat="42.568476" lon="44.589234"><ele>2252.87608</ele><time>2026-07-11T14:09:13.000Z</time></trkpt><trkpt lat="42.56843" lon="44.589237"><ele>2252.63936</ele><time>2026-07-11T14:09:19.000Z</time></trkpt><trkpt lat="42.568441" lon="44.589238"><ele>2252.582692</ele><time>2026-07-11T14:09:21.000Z</time></trkpt><trkpt lat="42.568486" lon="44.589245"><ele>2252.349872</ele><time>2026-07-11T14:09:25.000Z</time></trkpt><trkpt lat="42.568554" lon="44.589268"><ele>2251.989659</ele><time>2026-07-11T14:09:32.000Z</time></trkpt><trkpt lat="42.568567" lon="44.589285"><ele>2251.896887</ele><time>2026-07-11T14:09:34.000Z</time></trkpt><trkpt lat="42.568605" lon="44.589324"><ele>2251.652042</ele><time>2026-07-11T14:09:38.000Z</time></trkpt><trkpt lat="42.568664" lon="44.589352"><ele>2251.330783</ele><time>2026-07-11T14:09:44.000Z</time></trkpt><trkpt lat="42.568746" lon="44.58941"><ele>2250.855531</ele><time>2026-07-11T14:09:52.000Z</time></trkpt><trkpt lat="42.568806" lon="44.589442"><ele>2250.524184</ele><time>2026-07-11T14:09:57.000Z</time></trkpt><trkpt lat="42.568887" lon="44.589484"><ele>2250.078506</ele><time>2026-07-11T14:10:05.000Z</time></trkpt><trkpt lat="42.568949" lon="44.589539"><ele>2249.574845</ele><time>2026-07-11T14:10:11.000Z</time></trkpt><trkpt lat="42.568987" lon="44.589548"><ele>2249.129832</ele><time>2026-07-11T14:10:14.000Z</time></trkpt><trkpt lat="42.569038" lon="44.589554"><ele>2248.539256</ele><time>2026-07-11T14:10:18.000Z</time></trkpt><trkpt lat="42.569065" lon="44.589556"><ele>2248.227303</ele><time>2026-07-11T14:10:20.000Z</time></trkpt><trkpt lat="42.569139" lon="44.589557"><ele>2247.373546</ele><time>2026-07-11T14:10:26.000Z</time></trkpt><trkpt lat="42.569212" lon="44.589566"><ele>2246.527904</ele><time>2026-07-11T14:10:32.000Z</time></trkpt><trkpt lat="42.569249" lon="44.589568"><ele>2246.100708</ele><time>2026-07-11T14:10:35.000Z</time></trkpt><trkpt lat="42.569285" lon="44.58958"><ele>2245.673056</ele><time>2026-07-11T14:10:38.000Z</time></trkpt><trkpt lat="42.569373" lon="44.589585"><ele>2244.65694</ele><time>2026-07-11T14:10:45.000Z</time></trkpt><trkpt lat="42.569382" lon="44.589587"><ele>2244.551728</ele><time>2026-07-11T14:10:46.000Z</time></trkpt><trkpt lat="42.569434" lon="44.589591"><ele>2243.950859</ele><time>2026-07-11T14:10:51.000Z</time></trkpt><trkpt lat="42.56947" lon="44.589582"><ele>2243.528558</ele><time>2026-07-11T14:10:54.000Z</time></trkpt><trkpt lat="42.569519" lon="44.589576"><ele>2242.960966</ele><time>2026-07-11T14:10:58.000Z</time></trkpt><trkpt lat="42.569577" lon="44.589578"><ele>2242.291623</ele><time>2026-07-11T14:11:03.000Z</time></trkpt><trkpt lat="42.569592" lon="44.589584"><ele>2242.11122</ele><time>2026-07-11T14:11:04.000Z</time></trkpt><trkpt lat="42.569645" lon="44.589603"><ele>2241.478825</ele><time>2026-07-11T14:11:08.000Z</time></trkpt><trkpt lat="42.569682" lon="44.589606"><ele>2241.051208</ele><time>2026-07-11T14:11:11.000Z</time></trkpt><trkpt lat="42.569782" lon="44.589632"><ele>2239.876581</ele><time>2026-07-11T14:11:20.000Z</time></trkpt><trkpt lat="42.569845" lon="44.589654"><ele>2239.126119</ele><time>2026-07-11T14:11:27.000Z</time></trkpt><trkpt lat="42.569865" lon="44.589661"><ele>2238.887844</ele><time>2026-07-11T14:11:29.000Z</time></trkpt><trkpt lat="42.569901" lon="44.589694"><ele>2238.386743</ele><time>2026-07-11T14:11:33.000Z</time></trkpt><trkpt lat="42.569922" lon="44.589737"><ele>2237.948376</ele><time>2026-07-11T14:11:37.000Z</time></trkpt><trkpt lat="42.569943" lon="44.589768"><ele>2237.590513</ele><time>2026-07-11T14:11:40.000Z</time></trkpt><trkpt lat="42.569986" lon="44.589792"><ele>2237.054163</ele><time>2026-07-11T14:11:44.000Z</time></trkpt><trkpt lat="42.570011" lon="44.589808"><ele>2236.735315</ele><time>2026-07-11T14:11:46.000Z</time></trkpt><trkpt lat="42.570059" lon="44.589841"><ele>2236.114621</ele><time>2026-07-11T14:11:51.000Z</time></trkpt><trkpt lat="42.570121" lon="44.589861"><ele>2235.37944</ele><time>2026-07-11T14:11:56.000Z</time></trkpt><trkpt lat="42.57016" lon="44.589863"><ele>2234.929188</ele><time>2026-07-11T14:11:59.000Z</time></trkpt><trkpt lat="42.570183" lon="44.589861"><ele>2234.663301</ele><time>2026-07-11T14:12:01.000Z</time></trkpt><trkpt lat="42.570234" lon="44.589875"><ele>2234.063027</ele><time>2026-07-11T14:12:06.000Z</time></trkpt><trkpt lat="42.570304" lon="44.589898"><ele>2233.232153</ele><time>2026-07-11T14:12:12.000Z</time></trkpt><trkpt lat="42.570338" lon="44.589917"><ele>2232.807988</ele><time>2026-07-11T14:12:15.000Z</time></trkpt><trkpt lat="42.57036" lon="44.589931"><ele>2232.527691</ele><time>2026-07-11T14:12:17.000Z</time></trkpt><trkpt lat="42.570438" lon="44.589954"><ele>2231.606856</ele><time>2026-07-11T14:12:24.000Z</time></trkpt><trkpt lat="42.570465" lon="44.589958"><ele>2231.293517</ele><time>2026-07-11T14:12:26.000Z</time></trkpt><trkpt lat="42.570535" lon="44.589965"><ele>2230.483763</ele><time>2026-07-11T14:12:32.000Z</time></trkpt><trkpt lat="42.570607" lon="44.589977"><ele>2229.646888</ele><time>2026-07-11T14:12:39.000Z</time></trkpt><trkpt lat="42.570617" lon="44.589978"><ele>2229.531209</ele><time>2026-07-11T14:12:40.000Z</time></trkpt><trkpt lat="42.570662" lon="44.589983"><ele>2228.998323</ele><time>2026-07-11T14:12:44.000Z</time></trkpt><trkpt lat="42.570697" lon="44.589981"><ele>2228.459325</ele><time>2026-07-11T14:12:47.000Z</time></trkpt><trkpt lat="42.570739" lon="44.589981"><ele>2227.813101</ele><time>2026-07-11T14:12:50.000Z</time></trkpt><trkpt lat="42.57079" lon="44.59001"><ele>2226.962374</ele><time>2026-07-11T14:12:55.000Z</time></trkpt><trkpt lat="42.570805" lon="44.590029"><ele>2226.646753</ele><time>2026-07-11T14:12:57.000Z</time></trkpt><trkpt lat="42.570863" lon="44.590069"><ele>2225.645844</ele><time>2026-07-11T14:13:02.000Z</time></trkpt><trkpt lat="42.57091" lon="44.590076"><ele>2224.918351</ele><time>2026-07-11T14:13:06.000Z</time></trkpt><trkpt lat="42.57092" lon="44.590086"><ele>2224.727267</ele><time>2026-07-11T14:13:11.000Z</time></trkpt><trkpt lat="42.570924" lon="44.59009"><ele>2224.650833</ele><time>2026-07-11T14:13:13.000Z</time></trkpt><trkpt lat="42.570928" lon="44.590098"><ele>2224.541266</ele><time>2026-07-11T14:13:19.000Z</time></trkpt><trkpt lat="42.570924" lon="44.590087"><ele>2224.402257</ele><time>2026-07-11T14:13:25.000Z</time></trkpt><trkpt lat="42.570921" lon="44.590083"><ele>2224.337566</ele><time>2026-07-11T14:13:30.000Z</time></trkpt><trkpt lat="42.57092" lon="44.590084"><ele>2224.318457</ele><time>2026-07-11T14:13:33.000Z</time></trkpt><trkpt lat="42.570905" lon="44.590105"><ele>2223.986964</ele><time>2026-07-11T14:13:36.000Z</time></trkpt><trkpt lat="42.570905" lon="44.590102"><ele>2223.952971</ele><time>2026-07-11T14:13:44.000Z</time></trkpt><trkpt lat="42.570905" lon="44.590102"><ele>2223.952971</ele><time>2026-07-11T14:14:11.000Z</time></trkpt><trkpt lat="42.570901" lon="44.590108"><ele>2223.861265</ele><time>2026-07-11T14:14:24.000Z</time></trkpt><trkpt lat="42.570906" lon="44.590103"><ele>2223.765723</ele><time>2026-07-11T14:14:26.000Z</time></trkpt><trkpt lat="42.570905" lon="44.590102"><ele>2223.746614</ele><time>2026-07-11T14:14:35.000Z</time></trkpt><trkpt lat="42.570941" lon="44.590091"><ele>2223.178857</ele><time>2026-07-11T14:14:43.000Z</time></trkpt><trkpt lat="42.571021" lon="44.590092"><ele>2221.947901</ele><time>2026-07-11T14:14:50.000Z</time></trkpt><trkpt lat="42.571074" lon="44.590091"><ele>2221.132348</ele><time>2026-07-11T14:14:54.000Z</time></trkpt><trkpt lat="42.571107" lon="44.590096"><ele>2220.621449</ele><time>2026-07-11T14:14:57.000Z</time></trkpt><trkpt lat="42.571121" lon="44.590098"><ele>2220.404852</ele><time>2026-07-11T14:14:58.000Z</time></trkpt><trkpt lat="42.571135" lon="44.590097"><ele>2220.189146</ele><time>2026-07-11T14:14:59.000Z</time></trkpt><trkpt lat="42.571213" lon="44.590102"><ele>2218.987677</ele><time>2026-07-11T14:15:05.000Z</time></trkpt><trkpt lat="42.571228" lon="44.590094"><ele>2218.739719</ele><time>2026-07-11T14:15:07.000Z</time></trkpt><trkpt lat="42.571274" lon="44.590126"><ele>2217.944476</ele><time>2026-07-11T14:15:12.000Z</time></trkpt><trkpt lat="42.571338" lon="44.590143"><ele>2216.941089</ele><time>2026-07-11T14:15:18.000Z</time></trkpt><trkpt lat="42.571404" lon="44.590139"><ele>2215.924582</ele><time>2026-07-11T14:15:24.000Z</time></trkpt><trkpt lat="42.571411" lon="44.590131"><ele>2215.783808</ele><time>2026-07-11T14:15:25.000Z</time></trkpt><trkpt lat="42.571459" lon="44.590094"><ele>2214.934565</ele><time>2026-07-11T14:15:30.000Z</time></trkpt><trkpt lat="42.571522" lon="44.590104"><ele>2213.958628</ele><time>2026-07-11T14:15:35.000Z</time></trkpt><trkpt lat="42.571547" lon="44.590098"><ele>2213.568009</ele><time>2026-07-11T14:15:37.000Z</time></trkpt><trkpt lat="42.571601" lon="44.590097"><ele>2212.737071</ele><time>2026-07-11T14:15:42.000Z</time></trkpt><trkpt lat="42.57162" lon="44.59011"><ele>2212.409717</ele><time>2026-07-11T14:15:44.000Z</time></trkpt><trkpt lat="42.571661" lon="44.590129"><ele>2211.743154</ele><time>2026-07-11T14:15:48.000Z</time></trkpt><trkpt lat="42.571705" lon="44.59012"><ele>2211.058519</ele><time>2026-07-11T14:15:52.000Z</time></trkpt><trkpt lat="42.571741" lon="44.590114"><ele>2210.500456</ele><time>2026-07-11T14:15:55.000Z</time></trkpt><trkpt lat="42.571812" lon="44.590072"><ele>2209.308869</ele><time>2026-07-11T14:16:02.000Z</time></trkpt><trkpt lat="42.57185" lon="44.590068"><ele>2208.722436</ele><time>2026-07-11T14:16:06.000Z</time></trkpt><trkpt lat="42.57187" lon="44.590068"><ele>2208.41471</ele><time>2026-07-11T14:16:08.000Z</time></trkpt><trkpt lat="42.571882" lon="44.590061"><ele>2208.213759</ele><time>2026-07-11T14:16:09.000Z</time></trkpt><trkpt lat="42.571926" lon="44.590037"><ele>2207.484185</ele><time>2026-07-11T14:16:14.000Z</time></trkpt><trkpt lat="42.571951" lon="44.590044"><ele>2207.091435</ele><time>2026-07-11T14:16:16.000Z</time></trkpt><trkpt lat="42.572005" lon="44.590038"><ele>2206.257798</ele><time>2026-07-11T14:16:21.000Z</time></trkpt><trkpt lat="42.572013" lon="44.590026"><ele>2206.074387</ele><time>2026-07-11T14:16:22.000Z</time></trkpt><trkpt lat="42.572035" lon="44.590004"><ele>2205.654005</ele><time>2026-07-11T14:16:24.000Z</time></trkpt><trkpt lat="42.572057" lon="44.589999"><ele>2205.310798</ele><time>2026-07-11T14:16:26.000Z</time></trkpt><trkpt lat="42.572109" lon="44.59001"><ele>2204.50106</ele><time>2026-07-11T14:16:31.000Z</time></trkpt><trkpt lat="42.572123" lon="44.590015"><ele>2204.278326</ele><time>2026-07-11T14:16:32.000Z</time></trkpt><trkpt lat="42.572181" lon="44.590019"><ele>2203.38477</ele><time>2026-07-11T14:16:37.000Z</time></trkpt><trkpt lat="42.572192" lon="44.590015"><ele>2203.209557</ele><time>2026-07-11T14:16:38.000Z</time></trkpt><trkpt lat="42.572237" lon="44.590028"><ele>2202.501678</ele><time>2026-07-11T14:16:43.000Z</time></trkpt><trkpt lat="42.572272" lon="44.590047"><ele>2201.921719</ele><time>2026-07-11T14:16:46.000Z</time></trkpt><trkpt lat="42.572318" lon="44.590053"><ele>2201.225736</ele><time>2026-07-11T14:16:50.000Z</time></trkpt><trkpt lat="42.572363" lon="44.590051"><ele>2200.597669</ele><time>2026-07-11T14:16:54.000Z</time></trkpt><trkpt lat="42.572385" lon="44.59006"><ele>2200.277153</ele><time>2026-07-11T14:16:56.000Z</time></trkpt><trkpt lat="42.572421" lon="44.590099"><ele>2199.634734</ele><time>2026-07-11T14:17:01.000Z</time></trkpt><trkpt lat="42.57242" lon="44.590112"><ele>2199.500461</ele><time>2026-07-11T14:17:02.000Z</time></trkpt><trkpt lat="42.572434" lon="44.590136"><ele>2199.185937</ele><time>2026-07-11T14:17:04.000Z</time></trkpt><trkpt lat="42.572461" lon="44.590132"><ele>2198.807063</ele><time>2026-07-11T14:17:06.000Z</time></trkpt><trkpt lat="42.572509" lon="44.590109"><ele>2198.097019</ele><time>2026-07-11T14:17:10.000Z</time></trkpt><trkpt lat="42.572522" lon="44.590106"><ele>2197.913074</ele><time>2026-07-11T14:17:11.000Z</time></trkpt><trkpt lat="42.572575" lon="44.590094"><ele>2197.163539</ele><time>2026-07-11T14:17:16.000Z</time></trkpt><trkpt lat="42.572596" lon="44.5901"><ele>2196.864183</ele><time>2026-07-11T14:17:18.000Z</time></trkpt><trkpt lat="42.572655" lon="44.590102"><ele>2196.040901</ele><time>2026-07-11T14:17:24.000Z</time></trkpt><trkpt lat="42.572665" lon="44.590101"><ele>2195.901027</ele><time>2026-07-11T14:17:25.000Z</time></trkpt><trkpt lat="42.572727" lon="44.590099"><ele>2195.035908</ele><time>2026-07-11T14:17:31.000Z</time></trkpt><trkpt lat="42.572739" lon="44.590093"><ele>2194.857526</ele><time>2026-07-11T14:17:32.000Z</time></trkpt><trkpt lat="42.572785" lon="44.590076"><ele>2194.192505</ele><time>2026-07-11T14:17:37.000Z</time></trkpt><trkpt lat="42.572808" lon="44.590069"><ele>2193.863705</ele><time>2026-07-11T14:17:39.000Z</time></trkpt><trkpt lat="42.572847" lon="44.590083"><ele>2193.300982</ele><time>2026-07-11T14:17:43.000Z</time></trkpt><trkpt lat="42.57287" lon="44.590111"><ele>2192.870084</ele><time>2026-07-11T14:17:46.000Z</time></trkpt><trkpt lat="42.572949" lon="44.590139"><ele>2191.731146</ele><time>2026-07-11T14:17:53.000Z</time></trkpt><trkpt lat="42.573038" lon="44.59016"><ele>2190.471029</ele><time>2026-07-11T14:18:00.000Z</time></trkpt><trkpt lat="42.573062" lon="44.59016"><ele>2190.136239</ele><time>2026-07-11T14:18:02.000Z</time></trkpt><trkpt lat="42.573083" lon="44.590166"><ele>2189.836884</ele><time>2026-07-11T14:18:04.000Z</time></trkpt><trkpt lat="42.573166" lon="44.590184"><ele>2188.664395</ele><time>2026-07-11T14:18:10.000Z</time></trkpt><trkpt lat="42.573189" lon="44.590193"><ele>2188.330499</ele><time>2026-07-11T14:18:12.000Z</time></trkpt><trkpt lat="42.573222" lon="44.59019"><ele>2187.869132</ele><time>2026-07-11T14:18:15.000Z</time></trkpt><trkpt lat="42.57323" lon="44.590184"><ele>2187.741646</ele><time>2026-07-11T14:18:16.000Z</time></trkpt><trkpt lat="42.573264" lon="44.590183"><ele>2187.267248</ele><time>2026-07-11T14:18:19.000Z</time></trkpt><trkpt lat="42.573306" lon="44.590191"><ele>2186.675629</ele><time>2026-07-11T14:18:23.000Z</time></trkpt><trkpt lat="42.573323" lon="44.590197"><ele>2186.430607</ele><time>2026-07-11T14:18:24.000Z</time></trkpt><trkpt lat="42.573363" lon="44.590199"><ele>2185.872245</ele><time>2026-07-11T14:18:27.000Z</time></trkpt><trkpt lat="42.573384" lon="44.590186"><ele>2185.5503</ele><time>2026-07-11T14:18:29.000Z</time></trkpt><trkpt lat="42.573389" lon="44.590184"><ele>2185.477589</ele><time>2026-07-11T14:18:30.000Z</time></trkpt><trkpt lat="42.573418" lon="44.590183"><ele>2185.072921</ele><time>2026-07-11T14:18:33.000Z</time></trkpt><trkpt lat="42.573461" lon="44.590171"><ele>2184.460552</ele><time>2026-07-11T14:18:37.000Z</time></trkpt><trkpt lat="42.573473" lon="44.59017"><ele>2184.292842</ele><time>2026-07-11T14:18:38.000Z</time></trkpt><trkpt lat="42.5735" lon="44.590169"><ele>2183.916063</ele><time>2026-07-11T14:18:41.000Z</time></trkpt><trkpt lat="42.573533" lon="44.590196"><ele>2183.378626</ele><time>2026-07-11T14:18:45.000Z</time></trkpt><trkpt lat="42.573553" lon="44.590207"><ele>2183.077619</ele><time>2026-07-11T14:18:47.000Z</time></trkpt><trkpt lat="42.573639" lon="44.590246"><ele>2181.812826</ele><time>2026-07-11T14:18:53.000Z</time></trkpt><trkpt lat="42.573655" lon="44.590249"><ele>2181.587515</ele><time>2026-07-11T14:18:54.000Z</time></trkpt><trkpt lat="42.573703" lon="44.590247"><ele>2180.917619</ele><time>2026-07-11T14:18:58.000Z</time></trkpt><trkpt lat="42.573728" lon="44.590243"><ele>2180.566467</ele><time>2026-07-11T14:19:00.000Z</time></trkpt><trkpt lat="42.573775" lon="44.590228"><ele>2179.892972</ele><time>2026-07-11T14:19:04.000Z</time></trkpt><trkpt lat="42.573796" lon="44.590219"><ele>2179.585787</ele><time>2026-07-11T14:19:06.000Z</time></trkpt><trkpt lat="42.573856" lon="44.590206"><ele>2178.738225</ele><time>2026-07-11T14:19:11.000Z</time></trkpt><trkpt lat="42.573863" lon="44.590201"><ele>2178.627893</ele><time>2026-07-11T14:19:12.000Z</time></trkpt><trkpt lat="42.573927" lon="44.590144"><ele>2177.560233</ele><time>2026-07-11T14:19:18.000Z</time></trkpt><trkpt lat="42.573964" lon="44.59012"><ele>2176.988239</ele><time>2026-07-11T14:19:21.000Z</time></trkpt><trkpt lat="42.574016" lon="44.590085"><ele>2176.20757</ele><time>2026-07-11T14:19:26.000Z</time></trkpt><trkpt lat="42.574038" lon="44.590064"><ele>2175.937967</ele><time>2026-07-11T14:19:28.000Z</time></trkpt><trkpt lat="42.57408" lon="44.590029"><ele>2175.443927</ele><time>2026-07-11T14:19:33.000Z</time></trkpt><trkpt lat="42.574125" lon="44.59"><ele>2174.944549</ele><time>2026-07-11T14:19:37.000Z</time></trkpt><trkpt lat="42.574157" lon="44.589995"><ele>2174.621614</ele><time>2026-07-11T14:19:40.000Z</time></trkpt><trkpt lat="42.574191" lon="44.589983"><ele>2174.269418</ele><time>2026-07-11T14:19:43.000Z</time></trkpt><trkpt lat="42.574273" lon="44.589943"><ele>2173.395887</ele><time>2026-07-11T14:19:50.000Z</time></trkpt><trkpt lat="42.574284" lon="44.589935"><ele>2173.270785</ele><time>2026-07-11T14:19:51.000Z</time></trkpt><trkpt lat="42.574345" lon="44.58991"><ele>2172.631978</ele><time>2026-07-11T14:19:56.000Z</time></trkpt><trkpt lat="42.574385" lon="44.589913"><ele>2172.230343</ele><time>2026-07-11T14:19:59.000Z</time></trkpt><trkpt lat="42.574401" lon="44.589912"><ele>2172.069764</ele><time>2026-07-11T14:20:00.000Z</time></trkpt><trkpt lat="42.574449" lon="44.589888"><ele>2171.556951</ele><time>2026-07-11T14:20:04.000Z</time></trkpt><trkpt lat="42.574469" lon="44.589874"><ele>2171.331367</ele><time>2026-07-11T14:20:06.000Z</time></trkpt><trkpt lat="42.574536" lon="44.589861"><ele>2170.652829</ele><time>2026-07-11T14:20:11.000Z</time></trkpt><trkpt lat="42.574559" lon="44.589848"><ele>2170.403064</ele><time>2026-07-11T14:20:13.000Z</time></trkpt><trkpt lat="42.574608" lon="44.589835"><ele>2169.902522</ele><time>2026-07-11T14:20:17.000Z</time></trkpt><trkpt lat="42.574659" lon="44.589843"><ele>2169.387817</ele><time>2026-07-11T14:20:21.000Z</time></trkpt><trkpt lat="42.574725" lon="44.589868"><ele>2168.700867</ele><time>2026-07-11T14:20:27.000Z</time></trkpt><trkpt lat="42.574734" lon="44.589872"><ele>2168.605927</ele><time>2026-07-11T14:20:28.000Z</time></trkpt><trkpt lat="42.574781" lon="44.589913"><ele>2168.045877</ele><time>2026-07-11T14:20:33.000Z</time></trkpt><trkpt lat="42.574808" lon="44.589921"><ele>2167.768817</ele><time>2026-07-11T14:20:36.000Z</time></trkpt><trkpt lat="42.574857" lon="44.589905"><ele>2167.26356</ele><time>2026-07-11T14:20:40.000Z</time></trkpt><trkpt lat="42.574906" lon="44.589889"><ele>2166.758304</ele><time>2026-07-11T14:20:44.000Z</time></trkpt><trkpt lat="42.574956" lon="44.58986"><ele>2166.213216</ele><time>2026-07-11T14:20:49.000Z</time></trkpt><trkpt lat="42.574994" lon="44.589795"><ele>2165.600496</ele><time>2026-07-11T14:20:54.000Z</time></trkpt><trkpt lat="42.575033" lon="44.589688"><ele>2164.719071</ele><time>2026-07-11T14:21:02.000Z</time></trkpt><trkpt lat="42.575087" lon="44.589588"><ele>2163.803567</ele><time>2026-07-11T14:21:10.000Z</time></trkpt><trkpt lat="42.575121" lon="44.589531"><ele>2163.262014</ele><time>2026-07-11T14:21:14.000Z</time></trkpt><trkpt lat="42.575162" lon="44.589482"><ele>2162.714448</ele><time>2026-07-11T14:21:19.000Z</time></trkpt><trkpt lat="42.575224" lon="44.589384"><ele>2161.760594</ele><time>2026-07-11T14:21:26.000Z</time></trkpt><trkpt lat="42.575245" lon="44.589363"><ele>2161.499131</ele><time>2026-07-11T14:21:28.000Z</time></trkpt><trkpt lat="42.575278" lon="44.589313"><ele>2161.003429</ele><time>2026-07-11T14:21:32.000Z</time></trkpt><trkpt lat="42.575335" lon="44.589209"><ele>2160.046304</ele><time>2026-07-11T14:21:40.000Z</time></trkpt><trkpt lat="42.575349" lon="44.589185"><ele>2159.820261</ele><time>2026-07-11T14:21:42.000Z</time></trkpt><trkpt lat="42.5754" lon="44.589099"><ele>2159.005062</ele><time>2026-07-11T14:21:49.000Z</time></trkpt><trkpt lat="42.575407" lon="44.589091"><ele>2158.913337</ele><time>2026-07-11T14:21:50.000Z</time></trkpt><trkpt lat="42.575465" lon="44.589005"><ele>2158.017073</ele><time>2026-07-11T14:21:57.000Z</time></trkpt><trkpt lat="42.57548" lon="44.58898"><ele>2157.736239</ele><time>2026-07-11T14:21:59.000Z</time></trkpt><trkpt lat="42.57555" lon="44.588917"><ele>2156.74311</ele><time>2026-07-11T14:22:06.000Z</time></trkpt><trkpt lat="42.575569" lon="44.588897"><ele>2156.458814</ele><time>2026-07-11T14:22:08.000Z</time></trkpt><trkpt lat="42.575623" lon="44.588848"><ele>2155.690756</ele><time>2026-07-11T14:22:13.000Z</time></trkpt><trkpt lat="42.575642" lon="44.588828"><ele>2155.40646</ele><time>2026-07-11T14:22:15.000Z</time></trkpt><trkpt lat="42.575685" lon="44.588786"><ele>2154.780061</ele><time>2026-07-11T14:22:19.000Z</time></trkpt><trkpt lat="42.575707" lon="44.588765"><ele>2154.462042</ele><time>2026-07-11T14:22:21.000Z</time></trkpt><trkpt lat="42.575733" lon="44.588733"><ele>2154.047069</ele><time>2026-07-11T14:22:24.000Z</time></trkpt><trkpt lat="42.575779" lon="44.588671"><ele>2153.280608</ele><time>2026-07-11T14:22:29.000Z</time></trkpt><trkpt lat="42.575834" lon="44.588629"><ele>2152.534386</ele><time>2026-07-11T14:22:35.000Z</time></trkpt><trkpt lat="42.575857" lon="44.588615"><ele>2152.236311</ele><time>2026-07-11T14:22:37.000Z</time></trkpt><trkpt lat="42.575925" lon="44.588566"><ele>2151.325934</ele><time>2026-07-11T14:22:43.000Z</time></trkpt><trkpt lat="42.57597" lon="44.58852"><ele>2150.659837</ele><time>2026-07-11T14:22:48.000Z</time></trkpt><trkpt lat="42.576011" lon="44.588483"><ele>2150.077667</ele><time>2026-07-11T14:22:52.000Z</time></trkpt><trkpt lat="42.576085" lon="44.588431"><ele>2149.092312</ele><time>2026-07-11T14:22:59.000Z</time></trkpt><trkpt lat="42.576095" lon="44.588423"><ele>2148.955055</ele><time>2026-07-11T14:23:00.000Z</time></trkpt><trkpt lat="42.576135" lon="44.588381"><ele>2148.357101</ele><time>2026-07-11T14:23:05.000Z</time></trkpt><trkpt lat="42.57616" lon="44.588355"><ele>2147.984707</ele><time>2026-07-11T14:23:07.000Z</time></trkpt><trkpt lat="42.57623" lon="44.588274"><ele>2146.897108</ele><time>2026-07-11T14:23:14.000Z</time></trkpt><trkpt lat="42.576277" lon="44.588234"><ele>2146.241147</ele><time>2026-07-11T14:23:21.000Z</time></trkpt><trkpt lat="42.576302" lon="44.588208"><ele>2145.868754</ele><time>2026-07-11T14:23:24.000Z</time></trkpt><trkpt lat="42.576335" lon="44.588175"><ele>2145.384098</ele><time>2026-07-11T14:23:28.000Z</time></trkpt><trkpt lat="42.57638" lon="44.588127"><ele>2144.707385</ele><time>2026-07-11T14:23:33.000Z</time></trkpt><trkpt lat="42.576393" lon="44.588113"><ele>2144.511171</ele><time>2026-07-11T14:23:35.000Z</time></trkpt><trkpt lat="42.576444" lon="44.588074"><ele>2143.818988</ele><time>2026-07-11T14:23:41.000Z</time></trkpt><trkpt lat="42.576481" lon="44.588033"><ele>2143.254235</ele><time>2026-07-11T14:23:46.000Z</time></trkpt><trkpt lat="42.576491" lon="44.588029"><ele>2143.13095</ele><time>2026-07-11T14:23:47.000Z</time></trkpt><trkpt lat="42.576556" lon="44.587967"><ele>2142.191581</ele><time>2026-07-11T14:23:54.000Z</time></trkpt><trkpt lat="42.576563" lon="44.58796"><ele>2142.088776</ele><time>2026-07-11T14:23:55.000Z</time></trkpt><trkpt lat="42.576618" lon="44.587915"><ele>2141.329409</ele><time>2026-07-11T14:24:01.000Z</time></trkpt><trkpt lat="42.576685" lon="44.587871"><ele>2140.449274</ele><time>2026-07-11T14:24:09.000Z</time></trkpt><trkpt lat="42.576696" lon="44.587866"><ele>2140.312093</ele><time>2026-07-11T14:24:10.000Z</time></trkpt><trkpt lat="42.576805" lon="44.58781"><ele>2138.933882</ele><time>2026-07-11T14:24:20.000Z</time></trkpt><trkpt lat="42.576882" lon="44.587764"><ele>2137.939055</ele><time>2026-07-11T14:24:27.000Z</time></trkpt><trkpt lat="42.576919" lon="44.587745"><ele>2137.47125</ele><time>2026-07-11T14:24:31.000Z</time></trkpt><trkpt lat="42.576938" lon="44.587732"><ele>2137.219646</ele><time>2026-07-11T14:24:33.000Z</time></trkpt><trkpt lat="42.577043" lon="44.587669"><ele>2135.831105</ele><time>2026-07-11T14:24:42.000Z</time></trkpt><trkpt lat="42.577078" lon="44.587649"><ele>2135.369565</ele><time>2026-07-11T14:24:45.000Z</time></trkpt><trkpt lat="42.577136" lon="44.587636"><ele>2134.655058</ele><time>2026-07-11T14:24:51.000Z</time></trkpt><trkpt lat="42.577159" lon="44.587627"><ele>2134.364128</ele><time>2026-07-11T14:24:53.000Z</time></trkpt><trkpt lat="42.577205" lon="44.587613"><ele>2133.791145</ele><time>2026-07-11T14:24:58.000Z</time></trkpt><trkpt lat="42.577243" lon="44.587599"><ele>2133.312573</ele><time>2026-07-11T14:25:01.000Z</time></trkpt><trkpt lat="42.5773" lon="44.587586"><ele>2132.610056</ele><time>2026-07-11T14:25:06.000Z</time></trkpt><trkpt lat="42.57731" lon="44.587586"><ele>2132.48851</ele><time>2026-07-11T14:25:07.000Z</time></trkpt><trkpt lat="42.57739" lon="44.587577"><ele>2131.512807</ele><time>2026-07-11T14:25:14.000Z</time></trkpt><trkpt lat="42.577402" lon="44.587574"><ele>2131.364501</ele><time>2026-07-11T14:25:15.000Z</time></trkpt><trkpt lat="42.577456" lon="44.587539"><ele>2130.637227</ele><time>2026-07-11T14:25:21.000Z</time></trkpt><trkpt lat="42.577473" lon="44.587532"><ele>2130.421309</ele><time>2026-07-11T14:25:23.000Z</time></trkpt><trkpt lat="42.577517" lon="44.587531"><ele>2129.886429</ele><time>2026-07-11T14:25:31.000Z</time></trkpt><trkpt lat="42.577532" lon="44.587523"><ele>2129.690554</ele><time>2026-07-11T14:25:38.000Z</time></trkpt><trkpt lat="42.577525" lon="44.587533"><ele>2129.567064</ele><time>2026-07-11T14:25:41.000Z</time></trkpt><trkpt lat="42.577525" lon="44.587533"><ele>2129.567064</ele><time>2026-07-11T14:25:44.000Z</time></trkpt><trkpt lat="42.577529" lon="44.587535"><ele>2129.515255</ele><time>2026-07-11T14:25:46.000Z</time></trkpt><trkpt lat="42.577535" lon="44.587532"><ele>2129.437541</ele><time>2026-07-11T14:25:47.000Z</time></trkpt><trkpt lat="42.577581" lon="44.587511"><ele>2128.847681</ele><time>2026-07-11T14:25:54.000Z</time></trkpt><trkpt lat="42.5776" lon="44.587505"><ele>2128.610581</ele><time>2026-07-11T14:25:56.000Z</time></trkpt><trkpt lat="42.577612" lon="44.587503"><ele>2128.463631</ele><time>2026-07-11T14:25:57.000Z</time></trkpt><trkpt lat="42.577622" lon="44.587499"><ele>2128.336922</ele><time>2026-07-11T14:25:58.000Z</time></trkpt><trkpt lat="42.577658" lon="44.587488"><ele>2127.888416</ele><time>2026-07-11T14:26:01.000Z</time></trkpt><trkpt lat="42.57769" lon="44.587482"><ele>2127.495777</ele><time>2026-07-11T14:26:04.000Z</time></trkpt><trkpt lat="42.577711" lon="44.587481"><ele>2127.240373</ele><time>2026-07-11T14:26:06.000Z</time></trkpt><trkpt lat="42.577753" lon="44.587488"><ele>2126.726048</ele><time>2026-07-11T14:26:10.000Z</time></trkpt><trkpt lat="42.577817" lon="44.5875"><ele>2125.940771</ele><time>2026-07-11T14:26:16.000Z</time></trkpt><trkpt lat="42.577861" lon="44.587504"><ele>2125.40477</ele><time>2026-07-11T14:26:20.000Z</time></trkpt><trkpt lat="42.577921" lon="44.587506"><ele>2124.675272</ele><time>2026-07-11T14:26:26.000Z</time></trkpt><trkpt lat="42.577955" lon="44.587515"><ele>2124.254236</ele><time>2026-07-11T14:26:29.000Z</time></trkpt><trkpt lat="42.578012" lon="44.587526"><ele>2123.554461</ele><time>2026-07-11T14:26:36.000Z</time></trkpt><trkpt lat="42.578024" lon="44.587526"><ele>2123.408606</ele><time>2026-07-11T14:26:37.000Z</time></trkpt><trkpt lat="42.578042" lon="44.587528"><ele>2123.189091</ele><time>2026-07-11T14:26:39.000Z</time></trkpt><trkpt lat="42.578103" lon="44.587533"><ele>2122.446308</ele><time>2026-07-11T14:26:44.000Z</time></trkpt><trkpt lat="42.578146" lon="44.587544"><ele>2121.914467</ele><time>2026-07-11T14:26:48.000Z</time></trkpt><trkpt lat="42.578195" lon="44.587553"><ele>2121.313467</ele><time>2026-07-11T14:26:53.000Z</time></trkpt><trkpt lat="42.57826" lon="44.587549"><ele>2120.522604</ele><time>2026-07-11T14:26:58.000Z</time></trkpt><trkpt lat="42.578305" lon="44.587536"><ele>2119.963407</ele><time>2026-07-11T14:27:02.000Z</time></trkpt><trkpt lat="42.57838" lon="44.587525"><ele>2119.046508</ele><time>2026-07-11T14:27:09.000Z</time></trkpt><trkpt lat="42.578469" lon="44.58749"><ele>2117.920302</ele><time>2026-07-11T14:27:17.000Z</time></trkpt><trkpt lat="42.578481" lon="44.587485"><ele>2117.767735</ele><time>2026-07-11T14:27:18.000Z</time></trkpt><trkpt lat="42.578557" lon="44.587442"><ele>2116.76702</ele><time>2026-07-11T14:27:25.000Z</time></trkpt><trkpt lat="42.578568" lon="44.58744"><ele>2116.632126</ele><time>2026-07-11T14:27:26.000Z</time></trkpt><trkpt lat="42.57861" lon="44.587425"><ele>2116.104273</ele><time>2026-07-11T14:27:30.000Z</time></trkpt><trkpt lat="42.578668" lon="44.587397"><ele>2115.356087</ele><time>2026-07-11T14:27:35.000Z</time></trkpt><trkpt lat="42.578677" lon="44.587393"><ele>2115.240986</ele><time>2026-07-11T14:27:36.000Z</time></trkpt><trkpt lat="42.578739" lon="44.587376"><ele>2114.475412</ele><time>2026-07-11T14:27:42.000Z</time></trkpt><trkpt lat="42.578758" lon="44.587364"><ele>2114.221995</ele><time>2026-07-11T14:27:44.000Z</time></trkpt><trkpt lat="42.578801" lon="44.587356"><ele>2113.697102</ele><time>2026-07-11T14:27:48.000Z</time></trkpt><trkpt lat="42.578849" lon="44.587348"><ele>2113.112242</ele><time>2026-07-11T14:27:53.000Z</time></trkpt><trkpt lat="42.578892" lon="44.587343"><ele>2112.590303</ele><time>2026-07-11T14:27:56.000Z</time></trkpt><trkpt lat="42.578944" lon="44.587346"><ele>2111.960856</ele><time>2026-07-11T14:28:01.000Z</time></trkpt><trkpt lat="42.578976" lon="44.587346"><ele>2111.573852</ele><time>2026-07-11T14:28:04.000Z</time></trkpt><trkpt lat="42.579042" lon="44.587352"><ele>2110.773871</ele><time>2026-07-11T14:28:10.000Z</time></trkpt><trkpt lat="42.579074" lon="44.58736"><ele>2110.380365</ele><time>2026-07-11T14:28:13.000Z</time></trkpt><trkpt lat="42.579142" lon="44.587358"><ele>2109.55779</ele><time>2026-07-11T14:28:19.000Z</time></trkpt><trkpt lat="42.579164" lon="44.58736"><ele>2109.29113</ele><time>2026-07-11T14:28:21.000Z</time></trkpt><trkpt lat="42.579199" lon="44.587367"><ele>2108.86328</ele><time>2026-07-11T14:28:24.000Z</time></trkpt><trkpt lat="42.579262" lon="44.587378"><ele>2108.095096</ele><time>2026-07-11T14:28:30.000Z</time></trkpt><trkpt lat="42.57927" lon="44.587378"><ele>2107.998345</ele><time>2026-07-11T14:28:31.000Z</time></trkpt><trkpt lat="42.579311" lon="44.587381"><ele>2107.501778</ele><time>2026-07-11T14:28:35.000Z</time></trkpt><trkpt lat="42.579343" lon="44.587375"><ele>2107.111103</ele><time>2026-07-11T14:28:38.000Z</time></trkpt><trkpt lat="42.579465" lon="44.587364"><ele>2105.632405</ele><time>2026-07-11T14:28:48.000Z</time></trkpt><trkpt lat="42.579551" lon="44.587363"><ele>2104.592295</ele><time>2026-07-11T14:28:56.000Z</time></trkpt><trkpt lat="42.579562" lon="44.587364"><ele>2104.458965</ele><time>2026-07-11T14:28:57.000Z</time></trkpt><trkpt lat="42.579638" lon="44.587352"><ele>2103.533641</ele><time>2026-07-11T14:29:04.000Z</time></trkpt><trkpt lat="42.579649" lon="44.58735"><ele>2103.399421</ele><time>2026-07-11T14:29:05.000Z</time></trkpt><trkpt lat="42.579728" lon="44.587343"><ele>2102.441975</ele><time>2026-07-11T14:29:11.000Z</time></trkpt><trkpt lat="42.579747" lon="44.587342"><ele>2102.21202</ele><time>2026-07-11T14:29:13.000Z</time></trkpt><trkpt lat="42.579796" lon="44.587345"><ele>2101.618819</ele><time>2026-07-11T14:29:18.000Z</time></trkpt><trkpt lat="42.579826" lon="44.587347"><ele>2101.255566</ele><time>2026-07-11T14:29:21.000Z</time></trkpt><trkpt lat="42.579847" lon="44.587353"><ele>2100.996036</ele><time>2026-07-11T14:29:23.000Z</time></trkpt><trkpt lat="42.579874" lon="44.587352"><ele>2100.66938</ele><time>2026-07-11T14:29:28.000Z</time></trkpt><trkpt lat="42.579874" lon="44.587351"><ele>2100.660475</ele><time>2026-07-11T14:29:33.000Z</time></trkpt><trkpt lat="42.579913" lon="44.587353"><ele>2100.188479</ele><time>2026-07-11T14:29:36.000Z</time></trkpt><trkpt lat="42.579925" lon="44.587356"><ele>2100.040914</ele><time>2026-07-11T14:29:37.000Z</time></trkpt><trkpt lat="42.579989" lon="44.587382"><ele>2099.233019</ele><time>2026-07-11T14:29:43.000Z</time></trkpt><trkpt lat="42.579995" lon="44.587385"><ele>2099.155694</ele><time>2026-07-11T14:29:44.000Z</time></trkpt><trkpt lat="42.580018" lon="44.587399"><ele>2098.850874</ele><time>2026-07-11T14:29:46.000Z</time></trkpt><trkpt lat="42.58004" lon="44.587405"><ele>2098.579498</ele><time>2026-07-11T14:29:49.000Z</time></trkpt><trkpt lat="42.580048" lon="44.587406"><ele>2098.482338</ele><time>2026-07-11T14:29:52.000Z</time></trkpt><trkpt lat="42.580094" lon="44.587439"><ele>2097.853174</ele><time>2026-07-11T14:29:57.000Z</time></trkpt><trkpt lat="42.580138" lon="44.587453"><ele>2097.306635</ele><time>2026-07-11T14:30:02.000Z</time></trkpt><trkpt lat="42.580168" lon="44.587473"><ele>2096.902462</ele><time>2026-07-11T14:30:05.000Z</time></trkpt><trkpt lat="42.580225" lon="44.587503"><ele>2096.163156</ele><time>2026-07-11T14:30:11.000Z</time></trkpt><trkpt lat="42.580232" lon="44.587505"><ele>2096.076646</ele><time>2026-07-11T14:30:12.000Z</time></trkpt><trkpt lat="42.580274" lon="44.587513"><ele>2095.563732</ele><time>2026-07-11T14:30:18.000Z</time></trkpt><trkpt lat="42.58027" lon="44.587514"><ele>2095.514544</ele><time>2026-07-11T14:30:25.000Z</time></trkpt><trkpt lat="42.58027" lon="44.587514"><ele>2095.514544</ele><time>2026-07-11T14:30:28.000Z</time></trkpt><trkpt lat="42.580291" lon="44.587532"><ele>2095.21422</ele><time>2026-07-11T14:30:31.000Z</time></trkpt><trkpt lat="42.580314" lon="44.587561"><ele>2094.834663</ele><time>2026-07-11T14:30:34.000Z</time></trkpt><trkpt lat="42.580335" lon="44.587577"><ele>2094.543455</ele><time>2026-07-11T14:30:36.000Z</time></trkpt><trkpt lat="42.580383" lon="44.587638"><ele>2093.748432</ele><time>2026-07-11T14:30:42.000Z</time></trkpt><trkpt lat="42.580403" lon="44.587658"><ele>2093.448058</ele><time>2026-07-11T14:30:44.000Z</time></trkpt><trkpt lat="42.580416" lon="44.587658"><ele>2093.335137</ele><time>2026-07-11T14:30:45.000Z</time></trkpt><trkpt lat="42.580428" lon="44.587646"><ele>2093.264582</ele><time>2026-07-11T14:30:47.000Z</time></trkpt><trkpt lat="42.580428" lon="44.587623"><ele>2093.1844</ele><time>2026-07-11T14:30:49.000Z</time></trkpt><trkpt lat="42.580437" lon="44.587602"><ele>2093.099693</ele><time>2026-07-11T14:30:52.000Z</time></trkpt><trkpt lat="42.580438" lon="44.587597"><ele>2093.08163</ele><time>2026-07-11T14:30:55.000Z</time></trkpt><trkpt lat="42.580453" lon="44.587574"><ele>2092.97452</ele><time>2026-07-11T14:31:02.000Z</time></trkpt><trkpt lat="42.580458" lon="44.587557"><ele>2092.910702</ele><time>2026-07-11T14:31:10.000Z</time></trkpt><trkpt lat="42.580474" lon="44.58752"><ele>2092.761114</ele><time>2026-07-11T14:31:16.000Z</time></trkpt><trkpt lat="42.58052" lon="44.587541"><ele>2092.53135</ele><time>2026-07-11T14:31:23.000Z</time></trkpt><trkpt lat="42.580525" lon="44.587537"><ele>2092.503875</ele><time>2026-07-11T14:31:24.000Z</time></trkpt><trkpt lat="42.580553" lon="44.587541"><ele>2092.370576</ele><time>2026-07-11T14:31:30.000Z</time></trkpt><trkpt lat="42.580554" lon="44.587543"><ele>2092.362149</ele><time>2026-07-11T14:31:37.000Z</time></trkpt><trkpt lat="42.580554" lon="44.587542"><ele>2092.358662</ele><time>2026-07-11T14:31:47.000Z</time></trkpt><trkpt lat="42.580568" lon="44.587484"><ele>2092.145877</ele><time>2026-07-11T14:31:57.000Z</time></trkpt><trkpt lat="42.580579" lon="44.587476"><ele>2092.0868</ele><time>2026-07-11T14:31:59.000Z</time></trkpt><trkpt lat="42.58058" lon="44.587481"><ele>2092.068738</ele><time>2026-07-11T14:32:03.000Z</time></trkpt><trkpt lat="42.58058" lon="44.587481"><ele>2092.068738</ele><time>2026-07-11T14:32:13.000Z</time></trkpt><trkpt lat="42.58058" lon="44.587481"><ele>2092.068738</ele><time>2026-07-11T14:32:24.000Z</time></trkpt><trkpt lat="42.580566" lon="44.587496"><ele>2091.98431</ele><time>2026-07-11T14:32:32.000Z</time></trkpt><trkpt lat="42.580566" lon="44.587491"><ele>2091.966879</ele><time>2026-07-11T14:32:39.000Z</time></trkpt><trkpt lat="42.580567" lon="44.587491"><ele>2091.962145</ele><time>2026-07-11T14:32:44.000Z</time></trkpt><trkpt lat="42.580591" lon="44.587517"><ele>2091.816792</ele><time>2026-07-11T14:32:48.000Z</time></trkpt><trkpt lat="42.580594" lon="44.587522"><ele>2091.794307</ele><time>2026-07-11T14:32:49.000Z</time></trkpt><trkpt lat="42.58059" lon="44.587522"><ele>2091.775369</ele><time>2026-07-11T14:32:57.000Z</time></trkpt><trkpt lat="42.580597" lon="44.587524"><ele>2091.741502</ele><time>2026-07-11T14:33:12.000Z</time></trkpt><trkpt lat="42.580583" lon="44.587487"><ele>2091.59648</ele><time>2026-07-11T14:33:18.000Z</time></trkpt><trkpt lat="42.580549" lon="44.587456"><ele>2091.402593</ele><time>2026-07-11T14:33:24.000Z</time></trkpt><trkpt lat="42.580521" lon="44.587431"><ele>2091.243942</ele><time>2026-07-11T14:33:30.000Z</time></trkpt><trkpt lat="42.580523" lon="44.587434"><ele>2091.229834</ele><time>2026-07-11T14:33:37.000Z</time></trkpt><trkpt lat="42.580523" lon="44.587434"><ele>2091.229834</ele><time>2026-07-11T14:33:40.000Z</time></trkpt><trkpt lat="42.580527" lon="44.58744"><ele>2091.201618</ele><time>2026-07-11T14:33:43.000Z</time></trkpt><trkpt lat="42.580551" lon="44.587456"><ele>2091.075036</ele><time>2026-07-11T14:33:46.000Z</time></trkpt><trkpt lat="42.580564" lon="44.587493"><ele>2090.932116</ele><time>2026-07-11T14:33:52.000Z</time></trkpt><trkpt lat="42.580568" lon="44.5875"><ele>2090.901226</ele><time>2026-07-11T14:34:01.000Z</time></trkpt><trkpt lat="42.580571" lon="44.587505"><ele>2090.878741</ele><time>2026-07-11T14:34:03.000Z</time></trkpt><trkpt lat="42.580564" lon="44.587491"><ele>2090.819746</ele><time>2026-07-11T14:34:09.000Z</time></trkpt><trkpt lat="42.580569" lon="44.587505"><ele>2090.765501</ele><time>2026-07-11T14:34:29.000Z</time></trkpt><trkpt lat="42.580564" lon="44.587491"><ele>2090.711257</ele><time>2026-07-11T14:34:33.000Z</time></trkpt><trkpt lat="42.580578" lon="44.587505"><ele>2090.628943</ele><time>2026-07-11T14:34:39.000Z</time></trkpt><trkpt lat="42.580573" lon="44.587493"><ele>2090.580876</ele><time>2026-07-11T14:35:08.000Z</time></trkpt><trkpt lat="42.580571" lon="44.587455"><ele>2090.448063</ele><time>2026-07-11T14:35:13.000Z</time></trkpt><trkpt lat="42.580576" lon="44.587425"><ele>2090.340833</ele><time>2026-07-11T14:35:16.000Z</time></trkpt><trkpt lat="42.580579" lon="44.587408"><ele>2090.279889</ele><time>2026-07-11T14:35:18.000Z</time></trkpt><trkpt lat="42.580602" lon="44.587395"><ele>2090.161941</ele><time>2026-07-11T14:35:22.000Z</time></trkpt><trkpt lat="42.580622" lon="44.587395"><ele>2090.06725</ele><time>2026-07-11T14:35:24.000Z</time></trkpt><trkpt lat="42.580633" lon="44.587391"><ele>2090.013335</ele><time>2026-07-11T14:35:25.000Z</time></trkpt><trkpt lat="42.580655" lon="44.587355"><ele>2089.85024</ele><time>2026-07-11T14:35:29.000Z</time></trkpt><trkpt lat="42.580662" lon="44.587345"><ele>2089.802139</ele><time>2026-07-11T14:35:30.000Z</time></trkpt><trkpt lat="42.58074" lon="44.587335"><ele>2089.431203</ele><time>2026-07-11T14:35:37.000Z</time></trkpt><trkpt lat="42.580752" lon="44.587331"><ele>2089.372702</ele><time>2026-07-11T14:35:38.000Z</time></trkpt><trkpt lat="42.58081" lon="44.587318"><ele>2089.094384</ele><time>2026-07-11T14:35:44.000Z</time></trkpt><trkpt lat="42.580858" lon="44.587294"><ele>2088.852214</ele><time>2026-07-11T14:35:49.000Z</time></trkpt><trkpt lat="42.580889" lon="44.58728"><ele>2088.697541</ele><time>2026-07-11T14:35:52.000Z</time></trkpt><trkpt lat="42.580946" lon="44.58727"><ele>2088.42543</ele><time>2026-07-11T14:35:57.000Z</time></trkpt><trkpt lat="42.581004" lon="44.587265"><ele>2088.150274</ele><time>2026-07-11T14:36:02.000Z</time></trkpt><trkpt lat="42.581074" lon="44.587253"><ele>2087.816226</ele><time>2026-07-11T14:36:08.000Z</time></trkpt><trkpt lat="42.581099" lon="44.58724"><ele>2087.689483</ele><time>2026-07-11T14:36:10.000Z</time></trkpt><trkpt lat="42.581189" lon="44.587228"><ele>2087.261326</ele><time>2026-07-11T14:36:18.000Z</time></trkpt><trkpt lat="42.581236" lon="44.587206"><ele>2087.025956</ele><time>2026-07-11T14:36:22.000Z</time></trkpt><trkpt lat="42.581279" lon="44.5872"><ele>2086.821299</ele><time>2026-07-11T14:36:26.000Z</time></trkpt><trkpt lat="42.581346" lon="44.58723"><ele>2086.487289</ele><time>2026-07-11T14:36:32.000Z</time></trkpt><trkpt lat="42.581368" lon="44.587238"><ele>2086.37946</ele><time>2026-07-11T14:36:34.000Z</time></trkpt><trkpt lat="42.581444" lon="44.587237"><ele>2086.019618</ele><time>2026-07-11T14:36:40.000Z</time></trkpt><trkpt lat="42.581467" lon="44.587231"><ele>2085.908733</ele><time>2026-07-11T14:36:42.000Z</time></trkpt><trkpt lat="42.581478" lon="44.58723"><ele>2085.856536</ele><time>2026-07-11T14:36:43.000Z</time></trkpt><trkpt lat="42.581541" lon="44.587268"><ele>2085.530166</ele><time>2026-07-11T14:36:49.000Z</time></trkpt><trkpt lat="42.581551" lon="44.587274"><ele>2085.478406</ele><time>2026-07-11T14:36:50.000Z</time></trkpt><trkpt lat="42.581626" lon="44.587305"><ele>2085.107235</ele><time>2026-07-11T14:36:57.000Z</time></trkpt><trkpt lat="42.581636" lon="44.587309"><ele>2085.057878</ele><time>2026-07-11T14:36:58.000Z</time></trkpt><trkpt lat="42.581732" lon="44.587342"><ele>2084.512819</ele><time>2026-07-11T14:37:06.000Z</time></trkpt><trkpt lat="42.581747" lon="44.587348"><ele>2084.416989</ele><time>2026-07-11T14:37:08.000Z</time></trkpt><trkpt lat="42.581823" lon="44.587373"><ele>2083.93776</ele><time>2026-07-11T14:37:15.000Z</time></trkpt><trkpt lat="42.581848" lon="44.587384"><ele>2083.776709</ele><time>2026-07-11T14:37:17.000Z</time></trkpt><trkpt lat="42.581931" lon="44.587409"><ele>2083.255689</ele><time>2026-07-11T14:37:24.000Z</time></trkpt><trkpt lat="42.581944" lon="44.587412"><ele>2083.174877</ele><time>2026-07-11T14:37:25.000Z</time></trkpt><trkpt lat="42.582025" lon="44.587414"><ele>2082.678391</ele><time>2026-07-11T14:37:32.000Z</time></trkpt><trkpt lat="42.582067" lon="44.587407"><ele>2082.419066</ele><time>2026-07-11T14:37:35.000Z</time></trkpt><trkpt lat="42.582152" lon="44.587407"><ele>2081.898148</ele><time>2026-07-11T14:37:42.000Z</time></trkpt><trkpt lat="42.582165" lon="44.587407"><ele>2081.818478</ele><time>2026-07-11T14:37:43.000Z</time></trkpt><trkpt lat="42.582294" lon="44.587393"><ele>2081.025389</ele><time>2026-07-11T14:37:53.000Z</time></trkpt><trkpt lat="42.582359" lon="44.587373"><ele>2080.616945</ele><time>2026-07-11T14:37:59.000Z</time></trkpt><trkpt lat="42.582386" lon="44.587361"><ele>2080.442843</ele><time>2026-07-11T14:38:01.000Z</time></trkpt><trkpt lat="42.582491" lon="44.587322"><ele>2079.775726</ele><time>2026-07-11T14:38:09.000Z</time></trkpt><trkpt lat="42.582579" lon="44.587256"><ele>2079.159655</ele><time>2026-07-11T14:38:16.000Z</time></trkpt><trkpt lat="42.582591" lon="44.587178"><ele>2078.800088</ele><time>2026-07-11T14:38:22.000Z</time></trkpt><trkpt lat="42.582585" lon="44.587146"><ele>2078.651083</ele><time>2026-07-11T14:38:29.000Z</time></trkpt><trkpt lat="42.582585" lon="44.587144"><ele>2078.642059</ele><time>2026-07-11T14:38:32.000Z</time></trkpt><trkpt lat="42.582576" lon="44.587132"><ele>2078.564765</ele><time>2026-07-11T14:38:40.000Z</time></trkpt><trkpt lat="42.582575" lon="44.587158"><ele>2078.447283</ele><time>2026-07-11T14:38:43.000Z</time></trkpt><trkpt lat="42.582595" lon="44.587184"><ele>2078.277614</ele><time>2026-07-11T14:38:46.000Z</time></trkpt><trkpt lat="42.582627" lon="44.587207"><ele>2078.055735</ele><time>2026-07-11T14:38:49.000Z</time></trkpt><trkpt lat="42.582681" lon="44.587199"><ele>2077.722836</ele><time>2026-07-11T14:38:53.000Z</time></trkpt><trkpt lat="42.58271" lon="44.587185"><ele>2077.534217</ele><time>2026-07-11T14:38:55.000Z</time></trkpt><trkpt lat="42.582785" lon="44.587174"><ele>2077.071912</ele><time>2026-07-11T14:39:00.000Z</time></trkpt><trkpt lat="42.582881" lon="44.587147"><ele>2076.471099</ele><time>2026-07-11T14:39:08.000Z</time></trkpt><trkpt lat="42.582891" lon="44.587144"><ele>2076.408337</ele><time>2026-07-11T14:39:09.000Z</time></trkpt><trkpt lat="42.582994" lon="44.587103"><ele>2075.750554</ele><time>2026-07-11T14:39:18.000Z</time></trkpt><trkpt lat="42.582995" lon="44.587084"><ele>2075.664601</ele><time>2026-07-11T14:39:21.000Z</time></trkpt><trkpt lat="42.582987" lon="44.587073"><ele>2075.594834</ele><time>2026-07-11T14:39:23.000Z</time></trkpt><trkpt lat="42.582989" lon="44.587073"><ele>2075.582577</ele><time>2026-07-11T14:39:32.000Z</time></trkpt><trkpt lat="42.583075" lon="44.587087"><ele>2075.051758</ele><time>2026-07-11T14:39:38.000Z</time></trkpt><trkpt lat="42.583163" lon="44.587044"><ele>2074.478613</ele><time>2026-07-11T14:39:44.000Z</time></trkpt><trkpt lat="42.58319" lon="44.587033"><ele>2074.305861</ele><time>2026-07-11T14:39:46.000Z</time></trkpt><trkpt lat="42.583304" lon="44.586992"><ele>2073.649243</ele><time>2026-07-11T14:39:54.000Z</time></trkpt><trkpt lat="42.583377" lon="44.586969"><ele>2073.315506</ele><time>2026-07-11T14:39:59.000Z</time></trkpt><trkpt lat="42.583429" lon="44.586957"><ele>2073.080606</ele><time>2026-07-11T14:40:02.000Z</time></trkpt><trkpt lat="42.583497" lon="44.586923"><ele>2072.7579</ele><time>2026-07-11T14:40:07.000Z</time></trkpt><trkpt lat="42.583527" lon="44.5869"><ele>2072.604479</ele><time>2026-07-11T14:40:09.000Z</time></trkpt><trkpt lat="42.583575" lon="44.586859"><ele>2072.35195</ele><time>2026-07-11T14:40:13.000Z</time></trkpt><trkpt lat="42.583647" lon="44.586827"><ele>2072.014568</ele><time>2026-07-11T14:40:18.000Z</time></trkpt><trkpt lat="42.58375" lon="44.586802"><ele>2071.548593</ele><time>2026-07-11T14:40:25.000Z</time></trkpt><trkpt lat="42.583793" lon="44.586786"><ele>2071.350037</ele><time>2026-07-11T14:40:28.000Z</time></trkpt><trkpt lat="42.583876" lon="44.586747"><ele>2070.958902</ele><time>2026-07-11T14:40:34.000Z</time></trkpt><trkpt lat="42.583949" lon="44.58672"><ele>2070.621959</ele><time>2026-07-11T14:40:39.000Z</time></trkpt><trkpt lat="42.584089" lon="44.586681"><ele>2069.985492</ele><time>2026-07-11T14:40:49.000Z</time></trkpt><trkpt lat="42.58414" lon="44.586667"><ele>2069.753772</ele><time>2026-07-11T14:40:53.000Z</time></trkpt><trkpt lat="42.584181" lon="44.586653"><ele>2069.565498</ele><time>2026-07-11T14:40:56.000Z</time></trkpt><trkpt lat="42.584283" lon="44.586621"><ele>2069.099282</ele><time>2026-07-11T14:41:05.000Z</time></trkpt><trkpt lat="42.584299" lon="44.586617"><ele>2069.026829</ele><time>2026-07-11T14:41:06.000Z</time></trkpt><trkpt lat="42.584423" lon="44.586577"><ele>2068.459236</ele><time>2026-07-11T14:41:15.000Z</time></trkpt><trkpt lat="42.584502" lon="44.586527"><ele>2068.071087</ele><time>2026-07-11T14:41:21.000Z</time></trkpt><trkpt lat="42.58453" lon="44.586516"><ele>2067.941277</ele><time>2026-07-11T14:41:23.000Z</time></trkpt><trkpt lat="42.584603" lon="44.586496"><ele>2067.609625</ele><time>2026-07-11T14:41:29.000Z</time></trkpt><trkpt lat="42.584695" lon="44.58645"><ele>2067.173024</ele><time>2026-07-11T14:41:37.000Z</time></trkpt><trkpt lat="42.584816" lon="44.586394"><ele>2066.603727</ele><time>2026-07-11T14:41:46.000Z</time></trkpt><trkpt lat="42.584932" lon="44.586338"><ele>2066.05546</ele><time>2026-07-11T14:41:56.000Z</time></trkpt><trkpt lat="42.584946" lon="44.586336"><ele>2065.992768</ele><time>2026-07-11T14:41:57.000Z</time></trkpt><trkpt lat="42.585064" lon="44.586282"><ele>2065.368464</ele><time>2026-07-11T14:42:06.000Z</time></trkpt><trkpt lat="42.585172" lon="44.586225"><ele>2064.75685</ele><time>2026-07-11T14:42:15.000Z</time></trkpt><trkpt lat="42.585209" lon="44.586201"><ele>2064.540413</ele><time>2026-07-11T14:42:18.000Z</time></trkpt><trkpt lat="42.58532" lon="44.586143"><ele>2063.912628</ele><time>2026-07-11T14:42:26.000Z</time></trkpt><trkpt lat="42.585358" lon="44.586125"><ele>2063.700194</ele><time>2026-07-11T14:42:29.000Z</time></trkpt><trkpt lat="42.585413" lon="44.586089"><ele>2063.377918</ele><time>2026-07-11T14:42:34.000Z</time></trkpt><trkpt lat="42.585511" lon="44.58604"><ele>2062.826679</ele><time>2026-07-11T14:42:41.000Z</time></trkpt><trkpt lat="42.585538" lon="44.586026"><ele>2062.674125</ele><time>2026-07-11T14:42:43.000Z</time></trkpt><trkpt lat="42.58562" lon="44.585975"><ele>2062.198059</ele><time>2026-07-11T14:42:50.000Z</time></trkpt><trkpt lat="42.585633" lon="44.585968"><ele>2062.124242</ele><time>2026-07-11T14:42:51.000Z</time></trkpt><trkpt lat="42.585725" lon="44.585915"><ele>2061.596736</ele><time>2026-07-11T14:42:58.000Z</time></trkpt><trkpt lat="42.58582" lon="44.585845"><ele>2061.026231</ele><time>2026-07-11T14:43:06.000Z</time></trkpt><trkpt lat="42.585849" lon="44.585816"><ele>2060.836137</ele><time>2026-07-11T14:43:09.000Z</time></trkpt><trkpt lat="42.585938" lon="44.58572"><ele>2060.236217</ele><time>2026-07-11T14:43:17.000Z</time></trkpt><trkpt lat="42.585958" lon="44.585693"><ele>2060.087367</ele><time>2026-07-11T14:43:19.000Z</time></trkpt><trkpt lat="42.586025" lon="44.585596"><ele>2059.57046</ele><time>2026-07-11T14:43:26.000Z</time></trkpt><trkpt lat="42.586095" lon="44.585487"><ele>2059.008337</ele><time>2026-07-11T14:43:35.000Z</time></trkpt><trkpt lat="42.586103" lon="44.585475"><ele>2058.945422</ele><time>2026-07-11T14:43:36.000Z</time></trkpt><trkpt lat="42.586149" lon="44.5854"><ele>2058.566056</ele><time>2026-07-11T14:43:42.000Z</time></trkpt><trkpt lat="42.586181" lon="44.585345"><ele>2058.293619</ele><time>2026-07-11T14:43:46.000Z</time></trkpt><trkpt lat="42.586234" lon="44.585247"><ele>2057.821044</ele><time>2026-07-11T14:43:53.000Z</time></trkpt><trkpt lat="42.586249" lon="44.585218"><ele>2057.683306</ele><time>2026-07-11T14:43:55.000Z</time></trkpt><trkpt lat="42.586296" lon="44.585149"><ele>2057.317984</ele><time>2026-07-11T14:44:01.000Z</time></trkpt><trkpt lat="42.586335" lon="44.585075"><ele>2056.964304</ele><time>2026-07-11T14:44:07.000Z</time></trkpt><trkpt lat="42.586356" lon="44.585044"><ele>2056.800589</ele><time>2026-07-11T14:44:10.000Z</time></trkpt><trkpt lat="42.586392" lon="44.584976"><ele>2056.475087</ele><time>2026-07-11T14:44:16.000Z</time></trkpt><trkpt lat="42.586443" lon="44.584953"><ele>2056.18491</ele><time>2026-07-11T14:44:22.000Z</time></trkpt><trkpt lat="42.586464" lon="44.58495"><ele>2056.067821</ele><time>2026-07-11T14:44:24.000Z</time></trkpt><trkpt lat="42.586551" lon="44.584937"><ele>2055.582491</ele><time>2026-07-11T14:44:31.000Z</time></trkpt><trkpt lat="42.586638" lon="44.584951"><ele>2055.096697</ele><time>2026-07-11T14:44:38.000Z</time></trkpt><trkpt lat="42.586722" lon="44.584957"><ele>2054.630268</ele><time>2026-07-11T14:44:45.000Z</time></trkpt><trkpt lat="42.586836" lon="44.584975"><ele>2053.993875</ele><time>2026-07-11T14:44:54.000Z</time></trkpt><trkpt lat="42.586851" lon="44.584975"><ele>2053.910699</ele><time>2026-07-11T14:44:55.000Z</time></trkpt><trkpt lat="42.586921" lon="44.584979"><ele>2053.522202</ele><time>2026-07-11T14:45:01.000Z</time></trkpt><trkpt lat="42.586967" lon="44.584983"><ele>2053.266607</ele><time>2026-07-11T14:45:05.000Z</time></trkpt><trkpt lat="42.58702" lon="44.584991"><ele>2052.970909</ele><time>2026-07-11T14:45:09.000Z</time></trkpt><trkpt lat="42.587104" lon="44.585008"><ele>2052.499982</ele><time>2026-07-11T14:45:15.000Z</time></trkpt><trkpt lat="42.587116" lon="44.585009"><ele>2052.433317</ele><time>2026-07-11T14:45:16.000Z</time></trkpt><trkpt lat="42.587224" lon="44.585028"><ele>2051.829448</ele><time>2026-07-11T14:45:24.000Z</time></trkpt><trkpt lat="42.587335" lon="44.585033"><ele>2051.213608</ele><time>2026-07-11T14:45:33.000Z</time></trkpt><trkpt lat="42.587436" lon="44.585041"><ele>2050.652606</ele><time>2026-07-11T14:45:41.000Z</time></trkpt><trkpt lat="42.587571" lon="44.585015"><ele>2049.896535</ele><time>2026-07-11T14:45:52.000Z</time></trkpt><trkpt lat="42.587675" lon="44.584995"><ele>2049.314098</ele><time>2026-07-11T14:46:00.000Z</time></trkpt><trkpt lat="42.587706" lon="44.584999"><ele>2049.141427</ele><time>2026-07-11T14:46:03.000Z</time></trkpt><trkpt lat="42.587771" lon="44.584996"><ele>2048.78079</ele><time>2026-07-11T14:46:08.000Z</time></trkpt><trkpt lat="42.587799" lon="44.584993"><ele>2048.625046</ele><time>2026-07-11T14:46:10.000Z</time></trkpt><trkpt lat="42.587853" lon="44.584991"><ele>2048.325502</ele><time>2026-07-11T14:46:14.000Z</time></trkpt><trkpt lat="42.587909" lon="44.584991"><ele>2048.014979</ele><time>2026-07-11T14:46:18.000Z</time></trkpt><trkpt lat="42.587979" lon="44.584987"><ele>2047.626481</ele><time>2026-07-11T14:46:23.000Z</time></trkpt><trkpt lat="42.588037" lon="44.584966"><ele>2047.293637</ele><time>2026-07-11T14:46:28.000Z</time></trkpt><trkpt lat="42.588052" lon="44.584961"><ele>2047.207993</ele><time>2026-07-11T14:46:29.000Z</time></trkpt><trkpt lat="42.588114" lon="44.584936"><ele>2046.84937</ele><time>2026-07-11T14:46:34.000Z</time></trkpt><trkpt lat="42.588197" lon="44.584903"><ele>2046.369818</ele><time>2026-07-11T14:46:40.000Z</time></trkpt><trkpt lat="42.588259" lon="44.584874"><ele>2045.732035</ele><time>2026-07-11T14:46:45.000Z</time></trkpt><trkpt lat="42.588301" lon="44.584868"><ele>2045.309438</ele><time>2026-07-11T14:46:48.000Z</time></trkpt><trkpt lat="42.588401" lon="44.584834"><ele>2044.277899</ele><time>2026-07-11T14:46:57.000Z</time></trkpt><trkpt lat="42.588414" lon="44.584839"><ele>2044.142698</ele><time>2026-07-11T14:46:58.000Z</time></trkpt><trkpt lat="42.588507" lon="44.584839"><ele>2043.212079</ele><time>2026-07-11T14:47:05.000Z</time></trkpt><trkpt lat="42.58852" lon="44.584838"><ele>2043.081784</ele><time>2026-07-11T14:47:06.000Z</time></trkpt><trkpt lat="42.588628" lon="44.584834"><ele>2042.000665</ele><time>2026-07-11T14:47:14.000Z</time></trkpt><trkpt lat="42.588658" lon="44.584832"><ele>2041.700104</ele><time>2026-07-11T14:47:16.000Z</time></trkpt><trkpt lat="42.588728" lon="44.584832"><ele>2040.999639</ele><time>2026-07-11T14:47:21.000Z</time></trkpt><trkpt lat="42.58874" lon="44.584831"><ele>2040.879333</ele><time>2026-07-11T14:47:22.000Z</time></trkpt><trkpt lat="42.588853" lon="44.584827"><ele>2039.748198</ele><time>2026-07-11T14:47:30.000Z</time></trkpt><trkpt lat="42.588933" lon="44.584814"><ele>2038.941958</ele><time>2026-07-11T14:47:35.000Z</time></trkpt><trkpt lat="42.588977" lon="44.584818"><ele>2038.50068</ele><time>2026-07-11T14:47:38.000Z</time></trkpt><trkpt lat="42.589078" lon="44.584828"><ele>2037.487327</ele><time>2026-07-11T14:47:46.000Z</time></trkpt><trkpt lat="42.589122" lon="44.584819"><ele>2037.04207</ele><time>2026-07-11T14:47:49.000Z</time></trkpt><trkpt lat="42.589132" lon="44.584821"><ele>2036.940925</ele><time>2026-07-11T14:47:50.000Z</time></trkpt><trkpt lat="42.589237" lon="44.584813"><ele>2035.888575</ele><time>2026-07-11T14:47:59.000Z</time></trkpt><trkpt lat="42.589264" lon="44.584825"><ele>2035.6043</ele><time>2026-07-11T14:48:01.000Z</time></trkpt><trkpt lat="42.589324" lon="44.584821"><ele>2035.003178</ele><time>2026-07-11T14:48:06.000Z</time></trkpt><trkpt lat="42.58935" lon="44.584815"><ele>2034.739277</ele><time>2026-07-11T14:48:08.000Z</time></trkpt><trkpt lat="42.589446" lon="44.584805"><ele>2033.775818</ele><time>2026-07-11T14:48:16.000Z</time></trkpt><trkpt lat="42.589525" lon="44.584783"><ele>2032.968849</ele><time>2026-07-11T14:48:23.000Z</time></trkpt><trkpt lat="42.589538" lon="44.584779"><ele>2032.835467</ele><time>2026-07-11T14:48:24.000Z</time></trkpt><trkpt lat="42.589638" lon="44.58471"><ele>2031.713091</ele><time>2026-07-11T14:48:33.000Z</time></trkpt><trkpt lat="42.589705" lon="44.584687"><ele>2031.021565</ele><time>2026-07-11T14:48:39.000Z</time></trkpt><trkpt lat="42.589735" lon="44.584677"><ele>2030.712458</ele><time>2026-07-11T14:48:41.000Z</time></trkpt><trkpt lat="42.589847" lon="44.584648"><ele>2029.571532</ele><time>2026-07-11T14:48:50.000Z</time></trkpt><trkpt lat="42.58986" lon="44.584643"><ele>2029.436331</ele><time>2026-07-11T14:48:51.000Z</time></trkpt><trkpt lat="42.589968" lon="44.584621"><ele>2028.343105</ele><time>2026-07-11T14:49:00.000Z</time></trkpt><trkpt lat="42.589981" lon="44.584618"><ele>2028.200135</ele><time>2026-07-11T14:49:01.000Z</time></trkpt><trkpt lat="42.590078" lon="44.584602"><ele>2027.140699</ele><time>2026-07-11T14:49:08.000Z</time></trkpt><trkpt lat="42.590108" lon="44.584596"><ele>2026.811921</ele><time>2026-07-11T14:49:10.000Z</time></trkpt><trkpt lat="42.590168" lon="44.584603"><ele>2026.158984</ele><time>2026-07-11T14:49:15.000Z</time></trkpt><trkpt lat="42.590222" lon="44.584594"><ele>2025.569106</ele><time>2026-07-11T14:49:19.000Z</time></trkpt><trkpt lat="42.590248" lon="44.584591"><ele>2025.286189</ele><time>2026-07-11T14:49:21.000Z</time></trkpt><trkpt lat="42.590333" lon="44.584574"><ele>2024.354651</ele><time>2026-07-11T14:49:28.000Z</time></trkpt><trkpt lat="42.59037" lon="44.584566"><ele>2023.948433</ele><time>2026-07-11T14:49:31.000Z</time></trkpt><trkpt lat="42.590465" lon="44.58455"><ele>2022.910521</ele><time>2026-07-11T14:49:38.000Z</time></trkpt><trkpt lat="42.590477" lon="44.584549"><ele>2022.780168</ele><time>2026-07-11T14:49:39.000Z</time></trkpt><trkpt lat="42.590574" lon="44.584551"><ele>2021.728338</ele><time>2026-07-11T14:49:48.000Z</time></trkpt><trkpt lat="42.590586" lon="44.584549"><ele>2021.597254</ele><time>2026-07-11T14:49:49.000Z</time></trkpt><trkpt lat="42.590658" lon="44.584557"><ele>2020.813996</ele><time>2026-07-11T14:49:55.000Z</time></trkpt><trkpt lat="42.590694" lon="44.584555"><ele>2020.423345</ele><time>2026-07-11T14:49:58.000Z</time></trkpt><trkpt lat="42.590766" lon="44.584543"><ele>2019.63684</ele><time>2026-07-11T14:50:04.000Z</time></trkpt><trkpt lat="42.590814" lon="44.584536"><ele>2019.113416</ele><time>2026-07-11T14:50:08.000Z</time></trkpt><trkpt lat="42.590864" lon="44.584534"><ele>2018.571062</ele><time>2026-07-11T14:50:12.000Z</time></trkpt><trkpt lat="42.590939" lon="44.58453"><ele>2017.757259</ele><time>2026-07-11T14:50:20.000Z</time></trkpt><trkpt lat="42.590978" lon="44.584532"><ele>2017.334105</ele><time>2026-07-11T14:50:23.000Z</time></trkpt><trkpt lat="42.591048" lon="44.584536"><ele>2016.574468</ele><time>2026-07-11T14:50:29.000Z</time></trkpt><trkpt lat="42.591059" lon="44.584535"><ele>2016.454936</ele><time>2026-07-11T14:50:30.000Z</time></trkpt><trkpt lat="42.591131" lon="44.584535"><ele>2015.674286</ele><time>2026-07-11T14:50:37.000Z</time></trkpt><trkpt lat="42.591143" lon="44.584529"><ele>2015.535642</ele><time>2026-07-11T14:50:39.000Z</time></trkpt><trkpt lat="42.591211" lon="44.584508"><ele>2014.779546</ele><time>2026-07-11T14:50:45.000Z</time></trkpt><trkpt lat="42.591228" lon="44.584518"><ele>2014.578685</ele><time>2026-07-11T14:50:47.000Z</time></trkpt><trkpt lat="42.591256" lon="44.584531"><ele>2014.257854</ele><time>2026-07-11T14:50:54.000Z</time></trkpt><trkpt lat="42.591323" lon="44.584531"><ele>2013.531416</ele><time>2026-07-11T14:50:59.000Z</time></trkpt><trkpt lat="42.591339" lon="44.584535"><ele>2013.355024</ele><time>2026-07-11T14:51:00.000Z</time></trkpt><trkpt lat="42.591431" lon="44.584533"><ele>2012.357399</ele><time>2026-07-11T14:51:06.000Z</time></trkpt><trkpt lat="42.59153" lon="44.584514"><ele>2011.273344</ele><time>2026-07-11T14:51:13.000Z</time></trkpt><trkpt lat="42.591545" lon="44.584517"><ele>2011.108955</ele><time>2026-07-11T14:51:14.000Z</time></trkpt><trkpt lat="42.591612" lon="44.584568"><ele>2010.276229</ele><time>2026-07-11T14:51:19.000Z</time></trkpt><trkpt lat="42.591627" lon="44.584577"><ele>2010.098434</ele><time>2026-07-11T14:51:20.000Z</time></trkpt><trkpt lat="42.591717" lon="44.584605"><ele>2009.097353</ele><time>2026-07-11T14:51:27.000Z</time></trkpt><trkpt lat="42.591744" lon="44.584605"><ele>2008.805573</ele><time>2026-07-11T14:51:29.000Z</time></trkpt><trkpt lat="42.591818" lon="44.58461"><ele>2008.020487</ele><time>2026-07-11T14:51:35.000Z</time></trkpt><trkpt lat="42.591846" lon="44.584605"><ele>2007.721242</ele><time>2026-07-11T14:51:37.000Z</time></trkpt><trkpt lat="42.591896" lon="44.584605"><ele>2007.191434</ele><time>2026-07-11T14:51:41.000Z</time></trkpt><trkpt lat="42.591978" lon="44.584596"><ele>2006.319717</ele><time>2026-07-11T14:51:47.000Z</time></trkpt><trkpt lat="42.592012" lon="44.584591"><ele>2005.957343</ele><time>2026-07-11T14:51:50.000Z</time></trkpt><trkpt lat="42.592037" lon="44.584592"><ele>2005.692324</ele><time>2026-07-11T14:51:52.000Z</time></trkpt><trkpt lat="42.59208" lon="44.584596"><ele>2005.235622</ele><time>2026-07-11T14:51:55.000Z</time></trkpt><trkpt lat="42.592145" lon="44.584585"><ele>2004.541547</ele><time>2026-07-11T14:52:00.000Z</time></trkpt><trkpt lat="42.592201" lon="44.584578"><ele>2003.945654</ele><time>2026-07-11T14:52:04.000Z</time></trkpt><trkpt lat="42.592264" lon="44.584565"><ele>2003.270438</ele><time>2026-07-11T14:52:09.000Z</time></trkpt><trkpt lat="42.592309" lon="44.584534"><ele>2002.735795</ele><time>2026-07-11T14:52:13.000Z</time></trkpt><trkpt lat="42.59234" lon="44.584524"><ele>2002.398178</ele><time>2026-07-11T14:52:16.000Z</time></trkpt><trkpt lat="42.592407" lon="44.584517"><ele>2001.686139</ele><time>2026-07-11T14:52:22.000Z</time></trkpt><trkpt lat="42.592435" lon="44.58452"><ele>2001.388525</ele><time>2026-07-11T14:52:28.000Z</time></trkpt><trkpt lat="42.592439" lon="44.584523"><ele>2001.340108</ele><time>2026-07-11T14:52:34.000Z</time></trkpt><trkpt lat="42.59244" lon="44.584521"><ele>2001.321249</ele><time>2026-07-11T14:52:36.000Z</time></trkpt><trkpt lat="42.592441" lon="44.584522"><ele>2001.308091</ele><time>2026-07-11T14:52:39.000Z</time></trkpt><trkpt lat="42.592467" lon="44.584517"><ele>2001.029844</ele><time>2026-07-11T14:52:51.000Z</time></trkpt><trkpt lat="42.592508" lon="44.584511"><ele>2000.592887</ele><time>2026-07-11T14:52:55.000Z</time></trkpt><trkpt lat="42.592546" lon="44.584491"><ele>2000.161064</ele><time>2026-07-11T14:52:59.000Z</time></trkpt><trkpt lat="42.592603" lon="44.584483"><ele>1999.553868</ele><time>2026-07-11T14:53:06.000Z</time></trkpt><trkpt lat="42.592612" lon="44.584477"><ele>1999.447636</ele><time>2026-07-11T14:53:07.000Z</time></trkpt><trkpt lat="42.592625" lon="44.584479"><ele>1999.309005</ele><time>2026-07-11T14:53:09.000Z</time></trkpt><trkpt lat="42.592655" lon="44.584485"><ele>1998.987693</ele><time>2026-07-11T14:53:13.000Z</time></trkpt><trkpt lat="42.592684" lon="44.584481"><ele>1998.678824</ele><time>2026-07-11T14:53:16.000Z</time></trkpt><trkpt lat="42.592721" lon="44.584478"><ele>1998.286068</ele><time>2026-07-11T14:53:20.000Z</time></trkpt><trkpt lat="42.592803" lon="44.584505"><ele>1997.39202</ele><time>2026-07-11T14:53:28.000Z</time></trkpt><trkpt lat="42.592829" lon="44.584513"><ele>1997.109541</ele><time>2026-07-11T14:53:30.000Z</time></trkpt><trkpt lat="42.592904" lon="44.584536"><ele>1996.294828</ele><time>2026-07-11T14:53:37.000Z</time></trkpt><trkpt lat="42.592927" lon="44.584537"><ele>1996.050991</ele><time>2026-07-11T14:53:39.000Z</time></trkpt><trkpt lat="42.593009" lon="44.584546"><ele>1995.179274</ele><time>2026-07-11T14:53:46.000Z</time></trkpt><trkpt lat="42.593041" lon="44.584548"><ele>1994.839839</ele><time>2026-07-11T14:53:49.000Z</time></trkpt><trkpt lat="42.593065" lon="44.584543"><ele>1994.582557</ele><time>2026-07-11T14:53:51.000Z</time></trkpt><trkpt lat="42.593124" lon="44.584563"><ele>1993.938211</ele><time>2026-07-11T14:53:57.000Z</time></trkpt><trkpt lat="42.593133" lon="44.584562"><ele>1993.842527</ele><time>2026-07-11T14:53:58.000Z</time></trkpt><trkpt lat="42.593182" lon="44.584573"><ele>1993.316272</ele><time>2026-07-11T14:54:03.000Z</time></trkpt><trkpt lat="42.593251" lon="44.584584"><ele>1992.580119</ele><time>2026-07-11T14:54:09.000Z</time></trkpt><trkpt lat="42.593287" lon="44.584588"><ele>1992.197384</ele><time>2026-07-11T14:54:12.000Z</time></trkpt><trkpt lat="42.593326" lon="44.58461"><ele>1991.749916</ele><time>2026-07-11T14:54:16.000Z</time></trkpt><trkpt lat="42.593348" lon="44.584621"><ele>1991.50151</ele><time>2026-07-11T14:54:19.000Z</time></trkpt><trkpt lat="42.593427" lon="44.584637"><ele>1990.65516</ele><time>2026-07-11T14:54:26.000Z</time></trkpt><trkpt lat="42.59345" lon="44.584644"><ele>1990.405406</ele><time>2026-07-11T14:54:28.000Z</time></trkpt><trkpt lat="42.593516" lon="44.584664"><ele>1989.68646</ele><time>2026-07-11T14:54:34.000Z</time></trkpt><trkpt lat="42.593536" lon="44.584663"><ele>1989.469258</ele><time>2026-07-11T14:54:36.000Z</time></trkpt><trkpt lat="42.593631" lon="44.584699"><ele>1988.398877</ele><time>2026-07-11T14:54:45.000Z</time></trkpt><trkpt lat="42.593642" lon="44.584703"><ele>1988.275293</ele><time>2026-07-11T14:54:46.000Z</time></trkpt><trkpt lat="42.593712" lon="44.58474"><ele>1987.460111</ele><time>2026-07-11T14:54:53.000Z</time></trkpt><trkpt lat="42.593763" lon="44.584761"><ele>1986.881749</ele><time>2026-07-11T14:54:59.000Z</time></trkpt><trkpt lat="42.59379" lon="44.584773"><ele>1986.573439</ele><time>2026-07-11T14:55:06.000Z</time></trkpt><trkpt lat="42.593852" lon="44.584781"><ele>1985.897538</ele><time>2026-07-11T14:55:13.000Z</time></trkpt><trkpt lat="42.593934" lon="44.584807"><ele>1984.983689</ele><time>2026-07-11T14:55:20.000Z</time></trkpt><trkpt lat="42.593958" lon="44.584812"><ele>1984.720177</ele><time>2026-07-11T14:55:22.000Z</time></trkpt><trkpt lat="42.594033" lon="44.584834"><ele>1983.887457</ele><time>2026-07-11T14:55:29.000Z</time></trkpt><trkpt lat="42.594072" lon="44.584847"><ele>1983.451642</ele><time>2026-07-11T14:55:32.000Z</time></trkpt><trkpt lat="42.594149" lon="44.58487"><ele>1982.596013</ele><time>2026-07-11T14:55:39.000Z</time></trkpt><trkpt lat="42.594182" lon="44.584882"><ele>1982.225262</ele><time>2026-07-11T14:55:42.000Z</time></trkpt><trkpt lat="42.594207" lon="44.584888"><ele>1981.94974</ele><time>2026-07-11T14:55:45.000Z</time></trkpt><trkpt lat="42.594278" lon="44.584917"><ele>1981.145113</ele><time>2026-07-11T14:55:51.000Z</time></trkpt><trkpt lat="42.594289" lon="44.584925"><ele>1981.0097</ele><time>2026-07-11T14:55:52.000Z</time></trkpt><trkpt lat="42.594375" lon="44.584955"><ele>1980.046077</ele><time>2026-07-11T14:55:59.000Z</time></trkpt><trkpt lat="42.594383" lon="44.584958"><ele>1979.956007</ele><time>2026-07-11T14:56:00.000Z</time></trkpt><trkpt lat="42.594474" lon="44.584984"><ele>1978.946796</ele><time>2026-07-11T14:56:08.000Z</time></trkpt><trkpt lat="42.594488" lon="44.584987"><ele>1978.792978</ele><time>2026-07-11T14:56:09.000Z</time></trkpt><trkpt lat="42.594575" lon="44.584981"><ele>1977.847571</ele><time>2026-07-11T14:56:16.000Z</time></trkpt><trkpt lat="42.59459" lon="44.584974"><ele>1977.675441</ele><time>2026-07-11T14:56:17.000Z</time></trkpt><trkpt lat="42.594613" lon="44.584968"><ele>1977.421266</ele><time>2026-07-11T14:56:19.000Z</time></trkpt><trkpt lat="42.594683" lon="44.58495"><ele>1976.648081</ele><time>2026-07-11T14:56:25.000Z</time></trkpt><trkpt lat="42.594706" lon="44.584936"><ele>1976.374552</ele><time>2026-07-11T14:56:27.000Z</time></trkpt><trkpt lat="42.594794" lon="44.58491"><ele>1975.397179</ele><time>2026-07-11T14:56:34.000Z</time></trkpt><trkpt lat="42.594862" lon="44.584902"><ele>1974.656428</ele><time>2026-07-11T14:56:39.000Z</time></trkpt><trkpt lat="42.594886" lon="44.584895"><ele>1974.390026</ele><time>2026-07-11T14:56:41.000Z</time></trkpt><trkpt lat="42.59493" lon="44.584888"><ele>1973.90924</ele><time>2026-07-11T14:56:45.000Z</time></trkpt><trkpt lat="42.594969" lon="44.58489"><ele>1973.48568</ele><time>2026-07-11T14:56:49.000Z</time></trkpt><trkpt lat="42.594991" lon="44.584887"><ele>1973.245719</ele><time>2026-07-11T14:56:51.000Z</time></trkpt><trkpt lat="42.595059" lon="44.584913"><ele>1972.479054</ele><time>2026-07-11T14:56:57.000Z</time></trkpt><trkpt lat="42.595086" lon="44.58491"><ele>1972.185051</ele><time>2026-07-11T14:56:59.000Z</time></trkpt><trkpt lat="42.595105" lon="44.58488"><ele>1971.868877</ele><time>2026-07-11T14:57:03.000Z</time></trkpt><trkpt lat="42.5951" lon="44.584873"><ele>1971.790953</ele><time>2026-07-11T14:57:04.000Z</time></trkpt><trkpt lat="42.595097" lon="44.584851"><ele>1971.612197</ele><time>2026-07-11T14:57:11.000Z</time></trkpt><trkpt lat="42.595102" lon="44.584892"><ele>1971.280171</ele><time>2026-07-11T14:57:24.000Z</time></trkpt><trkpt lat="42.595137" lon="44.58491"><ele>1970.874013</ele><time>2026-07-11T14:57:28.000Z</time></trkpt><trkpt lat="42.595171" lon="44.584904"><ele>1970.501918</ele><time>2026-07-11T14:57:31.000Z</time></trkpt><trkpt lat="42.595259" lon="44.584894"><ele>1970.268061</ele><time>2026-07-11T14:57:39.000Z</time></trkpt><trkpt lat="42.595269" lon="44.584891"><ele>1970.268061</ele><time>2026-07-11T14:57:40.000Z</time></trkpt><trkpt lat="42.595319" lon="44.584863"><ele>1970.268061</ele><time>2026-07-11T14:57:46.000Z</time></trkpt><trkpt lat="42.595361" lon="44.584864"><ele>1970.268061</ele><time>2026-07-11T14:57:50.000Z</time></trkpt><trkpt lat="42.595434" lon="44.584894"><ele>1970.268061</ele><time>2026-07-11T14:57:57.000Z</time></trkpt><trkpt lat="42.595453" lon="44.584902"><ele>1970.268061</ele><time>2026-07-11T14:57:59.000Z</time></trkpt><trkpt lat="42.595521" lon="44.584922"><ele>1970.268061</ele><time>2026-07-11T14:58:05.000Z</time></trkpt><trkpt lat="42.595549" lon="44.584938"><ele>1970.268061</ele><time>2026-07-11T14:58:08.000Z</time></trkpt><trkpt lat="42.595583" lon="44.584948"><ele>1970.268061</ele><time>2026-07-11T14:58:11.000Z</time></trkpt><trkpt lat="42.595641" lon="44.58496"><ele>1970.268061</ele><time>2026-07-11T14:58:17.000Z</time></trkpt><trkpt lat="42.595743" lon="44.584989"><ele>1970.268061</ele><time>2026-07-11T14:58:26.000Z</time></trkpt><trkpt lat="42.595865" lon="44.585037"><ele>1970.268061</ele><time>2026-07-11T14:58:36.000Z</time></trkpt><trkpt lat="42.595876" lon="44.585046"><ele>1970.268061</ele><time>2026-07-11T14:58:37.000Z</time></trkpt><trkpt lat="42.595951" lon="44.585076"><ele>1970.268061</ele><time>2026-07-11T14:58:44.000Z</time></trkpt><trkpt lat="42.596044" lon="44.585101"><ele>1970.268061</ele><time>2026-07-11T14:58:52.000Z</time></trkpt><trkpt lat="42.596054" lon="44.585103"><ele>1970.268061</ele><time>2026-07-11T14:58:53.000Z</time></trkpt><trkpt lat="42.596163" lon="44.585066"><ele>1970.268061</ele><time>2026-07-11T14:59:03.000Z</time></trkpt><trkpt lat="42.596232" lon="44.58507"><ele>1970.268061</ele><time>2026-07-11T14:59:09.000Z</time></trkpt><trkpt lat="42.596252" lon="44.585079"><ele>1970.268061</ele><time>2026-07-11T14:59:11.000Z</time></trkpt><trkpt lat="42.596324" lon="44.585102"><ele>1970.268061</ele><time>2026-07-11T14:59:18.000Z</time></trkpt><trkpt lat="42.596358" lon="44.585107"><ele>1970.268061</ele><time>2026-07-11T14:59:21.000Z</time></trkpt><trkpt lat="42.596398" lon="44.585119"><ele>1970.268061</ele><time>2026-07-11T14:59:24.000Z</time></trkpt><trkpt lat="42.596451" lon="44.585148"><ele>1970.268061</ele><time>2026-07-11T14:59:29.000Z</time></trkpt><trkpt lat="42.596508" lon="44.585181"><ele>1970.268061</ele><time>2026-07-11T14:59:33.000Z</time></trkpt><trkpt lat="42.59656" lon="44.585212"><ele>1970.268061</ele><time>2026-07-11T14:59:38.000Z</time></trkpt><trkpt lat="42.596661" lon="44.585248"><ele>1970.268061</ele><time>2026-07-11T14:59:47.000Z</time></trkpt><trkpt lat="42.596674" lon="44.58525"><ele>1970.268061</ele><time>2026-07-11T14:59:48.000Z</time></trkpt><trkpt lat="42.596754" lon="44.58528"><ele>1970.268061</ele><time>2026-07-11T14:59:54.000Z</time></trkpt><trkpt lat="42.596831" lon="44.585308"><ele>1970.268061</ele><time>2026-07-11T15:00:01.000Z</time></trkpt><trkpt lat="42.596855" lon="44.585316"><ele>1970.268061</ele><time>2026-07-11T15:00:04.000Z</time></trkpt><trkpt lat="42.596892" lon="44.58532"><ele>1970.268061</ele><time>2026-07-11T15:00:07.000Z</time></trkpt><trkpt lat="42.596904" lon="44.585324"><ele>1970.268061</ele><time>2026-07-11T15:00:11.000Z</time></trkpt><trkpt lat="42.596912" lon="44.585314"><ele>1970.268061</ele><time>2026-07-11T15:00:17.000Z</time></trkpt></trkseg></trk></gpx>